SET IDENTITY_INSERT [Camera] ON 
PRINT 'Begin inserting data in Camera'
INSERT INTO [Camera] ([CameraId],[CameraIp],[CameraNo],[PointOfSaleID],[CreatedOn],[CreatedBy],[ModifiedOn],[ModifiedBy])
VALUES(4,'localhost',0,3,'23/4/2007 10:51:13 PM','IMPACT-C491D6CC\Albert','23/4/2007 10:51:13 PM','IMPACT-C491D6CC\Albert')
INSERT INTO [Camera] ([CameraId],[CameraIp],[CameraNo],[PointOfSaleID],[CreatedOn],[CreatedBy],[ModifiedOn],[ModifiedBy])
VALUES(5,'locahost',0,2,'23/4/2007 10:51:21 PM','IMPACT-C491D6CC\Albert','23/4/2007 10:51:21 PM','IMPACT-C491D6CC\Albert')
INSERT INTO [Camera] ([CameraId],[CameraIp],[CameraNo],[PointOfSaleID],[CreatedOn],[CreatedBy],[ModifiedOn],[ModifiedBy])
VALUES(8,'localhost',1,3,'26/4/2007 1:14:17 AM','IMPACT-C491D6CC\Albert','26/4/2007 1:14:17 AM','IMPACT-C491D6CC\Albert')
SET IDENTITY_INSERT [Camera] OFF 


PRINT 'Begin inserting data in CashRecording'
INSERT INTO [CashRecording] ([CashRecRefNo],[CashRecordingTime],[amount],[CashRecordingTypeId],[PointOfSaleID],[CashierName],[SupervisorName],[Remark],[CreatedOn],[CreatedBy],[ModifiedOn],[ModifiedBy])
VALUES('CR07041300030001','13/4/2007 2:17:18 AM',12000.0000,1,3,'cashier1','supervisor1','','13/4/2007 2:17:18 AM','cashier1','13/4/2007 2:17:18 AM','cashier1')
INSERT INTO [CashRecording] ([CashRecRefNo],[CashRecordingTime],[amount],[CashRecordingTypeId],[PointOfSaleID],[CashierName],[SupervisorName],[Remark],[CreatedOn],[CreatedBy],[ModifiedOn],[ModifiedBy])
VALUES('CR07041300030002','13/4/2007 8:56:06 AM',1000.0000,3,3,'cashier1','supervisor1','','13/4/2007 8:56:06 AM','cashier1','13/4/2007 8:56:06 AM','cashier1')
INSERT INTO [CashRecording] ([CashRecRefNo],[CashRecordingTime],[amount],[CashRecordingTypeId],[PointOfSaleID],[CashierName],[SupervisorName],[Remark],[CreatedOn],[CreatedBy],[ModifiedOn],[ModifiedBy])
VALUES('CR07041500030001','15/4/2007 2:49:01 PM',2500.0000,3,3,'cashier1','supervisor1','','15/4/2007 2:49:01 PM','cashier1','15/4/2007 2:49:01 PM','cashier1')
INSERT INTO [CashRecording] ([CashRecRefNo],[CashRecordingTime],[amount],[CashRecordingTypeId],[PointOfSaleID],[CashierName],[SupervisorName],[Remark],[CreatedOn],[CreatedBy],[ModifiedOn],[ModifiedBy])
VALUES('CR07041500030002','15/4/2007 2:51:34 PM',300.0000,1,3,'cashier1','supervisor1','','15/4/2007 2:51:34 PM','cashier1','15/4/2007 2:51:34 PM','cashier1')
INSERT INTO [CashRecording] ([CashRecRefNo],[CashRecordingTime],[amount],[CashRecordingTypeId],[PointOfSaleID],[CashierName],[SupervisorName],[Remark],[CreatedOn],[CreatedBy],[ModifiedOn],[ModifiedBy])
VALUES('CR07041500030003','15/4/2007 3:00:39 PM',1500.0000,2,3,'cashier1','supervisor1','','15/4/2007 3:00:39 PM','cashier1','15/4/2007 3:00:39 PM','cashier1')
INSERT INTO [CashRecording] ([CashRecRefNo],[CashRecordingTime],[amount],[CashRecordingTypeId],[PointOfSaleID],[CashierName],[SupervisorName],[Remark],[CreatedOn],[CreatedBy],[ModifiedOn],[ModifiedBy])
VALUES('CR07041500030004','15/4/2007 3:02:28 PM',1331.2000,4,3,'cashier1','supervisor1','','15/4/2007 3:03:24 PM','cashier1','15/4/2007 3:03:24 PM','cashier1')
INSERT INTO [CashRecording] ([CashRecRefNo],[CashRecordingTime],[amount],[CashRecordingTypeId],[PointOfSaleID],[CashierName],[SupervisorName],[Remark],[CreatedOn],[CreatedBy],[ModifiedOn],[ModifiedBy])
VALUES('CR07041500030005','15/4/2007 8:32:11 PM',1394.9500,4,3,'supervisor1','supervisor1','','15/4/2007 8:32:11 PM','supervisor1','15/4/2007 8:32:11 PM','supervisor1')
INSERT INTO [CashRecording] ([CashRecRefNo],[CashRecordingTime],[amount],[CashRecordingTypeId],[PointOfSaleID],[CashierName],[SupervisorName],[Remark],[CreatedOn],[CreatedBy],[ModifiedOn],[ModifiedBy])
VALUES('CR07041500030006','15/4/2007 8:53:28 PM',66.4500,4,3,'cashier1','supervisor1','','15/4/2007 8:53:28 PM','cashier1','15/4/2007 8:53:28 PM','cashier1')
INSERT INTO [CashRecording] ([CashRecRefNo],[CashRecordingTime],[amount],[CashRecordingTypeId],[PointOfSaleID],[CashierName],[SupervisorName],[Remark],[CreatedOn],[CreatedBy],[ModifiedOn],[ModifiedBy])
VALUES('CR07041500030007','15/4/2007 9:42:45 PM',1500.0000,3,3,'cashier2','supervisor1','testing','15/4/2007 9:42:45 PM','cashier2','15/4/2007 9:42:45 PM','cashier2')
INSERT INTO [CashRecording] ([CashRecRefNo],[CashRecordingTime],[amount],[CashRecordingTypeId],[PointOfSaleID],[CashierName],[SupervisorName],[Remark],[CreatedOn],[CreatedBy],[ModifiedOn],[ModifiedBy])
VALUES('CR07041500030008','15/4/2007 9:44:08 PM',500.0000,1,3,'cashier2','supervisor2','','15/4/2007 9:44:08 PM','cashier2','15/4/2007 9:44:08 PM','cashier2')
INSERT INTO [CashRecording] ([CashRecRefNo],[CashRecordingTime],[amount],[CashRecordingTypeId],[PointOfSaleID],[CashierName],[SupervisorName],[Remark],[CreatedOn],[CreatedBy],[ModifiedOn],[ModifiedBy])
VALUES('CR07041500030009','15/4/2007 9:45:33 PM',600.0000,2,3,'cashier2','supervisor2','','15/4/2007 9:45:33 PM','cashier2','15/4/2007 9:45:33 PM','cashier2')
INSERT INTO [CashRecording] ([CashRecRefNo],[CashRecordingTime],[amount],[CashRecordingTypeId],[PointOfSaleID],[CashierName],[SupervisorName],[Remark],[CreatedOn],[CreatedBy],[ModifiedOn],[ModifiedBy])
VALUES('CR07041600020001','16/4/2007 10:04:21 AM',1500.0000,3,2,'cashier1','supervisor2','','16/4/2007 10:04:21 AM','cashier1','16/4/2007 10:04:21 AM','cashier1')
INSERT INTO [CashRecording] ([CashRecRefNo],[CashRecordingTime],[amount],[CashRecordingTypeId],[PointOfSaleID],[CashierName],[SupervisorName],[Remark],[CreatedOn],[CreatedBy],[ModifiedOn],[ModifiedBy])
VALUES('CR07041600020002','16/4/2007 10:04:35 AM',500.0000,2,2,'cashier1','supervisor1','','16/4/2007 10:04:35 AM','cashier1','16/4/2007 10:04:35 AM','cashier1')
INSERT INTO [CashRecording] ([CashRecRefNo],[CashRecordingTime],[amount],[CashRecordingTypeId],[PointOfSaleID],[CashierName],[SupervisorName],[Remark],[CreatedOn],[CreatedBy],[ModifiedOn],[ModifiedBy])
VALUES('CR07041600020003','16/4/2007 10:10:47 AM',1076.6000,4,2,'cashier1','supervisor1','','16/4/2007 10:10:48 AM','cashier1','16/4/2007 10:10:48 AM','cashier1')
INSERT INTO [CashRecording] ([CashRecRefNo],[CashRecordingTime],[amount],[CashRecordingTypeId],[PointOfSaleID],[CashierName],[SupervisorName],[Remark],[CreatedOn],[CreatedBy],[ModifiedOn],[ModifiedBy])
VALUES('CR07041700020001','17/4/2007 6:14:20 AM',20.3000,4,2,'cashier1','supervisor1','','17/4/2007 6:14:20 AM','cashier1','17/4/2007 6:14:20 AM','cashier1')
INSERT INTO [CashRecording] ([CashRecRefNo],[CashRecordingTime],[amount],[CashRecordingTypeId],[PointOfSaleID],[CashierName],[SupervisorName],[Remark],[CreatedOn],[CreatedBy],[ModifiedOn],[ModifiedBy])
VALUES('CR07041700020002','17/4/2007 6:22:18 AM',20.3000,4,2,'cashier1','supervisor1','','17/4/2007 6:22:18 AM','cashier1','17/4/2007 6:22:18 AM','cashier1')
INSERT INTO [CashRecording] ([CashRecRefNo],[CashRecordingTime],[amount],[CashRecordingTypeId],[PointOfSaleID],[CashierName],[SupervisorName],[Remark],[CreatedOn],[CreatedBy],[ModifiedOn],[ModifiedBy])
VALUES('CR07041700020003','17/4/2007 6:24:53 AM',20.3000,4,2,'cashier1','supervisor1','','17/4/2007 6:24:53 AM','cashier1','17/4/2007 6:24:53 AM','cashier1')
INSERT INTO [CashRecording] ([CashRecRefNo],[CashRecordingTime],[amount],[CashRecordingTypeId],[PointOfSaleID],[CashierName],[SupervisorName],[Remark],[CreatedOn],[CreatedBy],[ModifiedOn],[ModifiedBy])
VALUES('CR07041700020004','17/4/2007 6:27:48 AM',20.3000,4,2,'cashier1','supervisor1','','17/4/2007 6:27:48 AM','cashier1','17/4/2007 6:27:48 AM','cashier1')
INSERT INTO [CashRecording] ([CashRecRefNo],[CashRecordingTime],[amount],[CashRecordingTypeId],[PointOfSaleID],[CashierName],[SupervisorName],[Remark],[CreatedOn],[CreatedBy],[ModifiedOn],[ModifiedBy])
VALUES('CR07041700020005','17/4/2007 6:52:39 AM',1139.5500,4,2,'cashier1','supervisor1','','17/4/2007 6:52:39 AM','cashier1','17/4/2007 6:52:39 AM','cashier1')
INSERT INTO [CashRecording] ([CashRecRefNo],[CashRecordingTime],[amount],[CashRecordingTypeId],[PointOfSaleID],[CashierName],[SupervisorName],[Remark],[CreatedOn],[CreatedBy],[ModifiedOn],[ModifiedBy])
VALUES('CR07041700020006','17/4/2007 6:53:36 AM',1139.5500,4,2,'cashier1','supervisor1','','17/4/2007 6:53:36 AM','cashier1','17/4/2007 6:53:36 AM','cashier1')
INSERT INTO [CashRecording] ([CashRecRefNo],[CashRecordingTime],[amount],[CashRecordingTypeId],[PointOfSaleID],[CashierName],[SupervisorName],[Remark],[CreatedOn],[CreatedBy],[ModifiedOn],[ModifiedBy])
VALUES('CR07041700020007','17/4/2007 5:02:07 PM',55.6000,4,2,'cashier1','supervisor1','','17/4/2007 5:02:07 PM','cashier1','17/4/2007 5:02:07 PM','cashier1')
INSERT INTO [CashRecording] ([CashRecRefNo],[CashRecordingTime],[amount],[CashRecordingTypeId],[PointOfSaleID],[CashierName],[SupervisorName],[Remark],[CreatedOn],[CreatedBy],[ModifiedOn],[ModifiedBy])
VALUES('CR07042100020001','21/4/2007 3:54:23 PM',1361.2000,4,2,'cashier1','supervisor1','','21/4/2007 3:54:23 PM','cashier1','21/4/2007 3:54:23 PM','cashier1')
INSERT INTO [CashRecording] ([CashRecRefNo],[CashRecordingTime],[amount],[CashRecordingTypeId],[PointOfSaleID],[CashierName],[SupervisorName],[Remark],[CreatedOn],[CreatedBy],[ModifiedOn],[ModifiedBy])
VALUES('CR07042300020001','23/4/2007 5:09:08 PM',1200.0000,1,2,'cashier1','supervisor1','','23/4/2007 5:09:08 PM','cashier1','23/4/2007 5:09:08 PM','cashier1')
INSERT INTO [CashRecording] ([CashRecRefNo],[CashRecordingTime],[amount],[CashRecordingTypeId],[PointOfSaleID],[CashierName],[SupervisorName],[Remark],[CreatedOn],[CreatedBy],[ModifiedOn],[ModifiedBy])
VALUES('CR07042300020002','23/4/2007 5:09:43 PM',1216.0500,4,2,'cashier1','supervisor1','','23/4/2007 5:09:43 PM','cashier1','23/4/2007 5:09:43 PM','cashier1')
INSERT INTO [CashRecording] ([CashRecRefNo],[CashRecordingTime],[amount],[CashRecordingTypeId],[PointOfSaleID],[CashierName],[SupervisorName],[Remark],[CreatedOn],[CreatedBy],[ModifiedOn],[ModifiedBy])
VALUES('CR07042500030001','25/4/2007 9:01:05 PM',5000.0000,1,3,'cashier1','supervisor1','','25/4/2007 9:01:05 PM','cashier1','25/4/2007 9:01:05 PM','cashier1')
INSERT INTO [CashRecording] ([CashRecRefNo],[CashRecordingTime],[amount],[CashRecordingTypeId],[PointOfSaleID],[CashierName],[SupervisorName],[Remark],[CreatedOn],[CreatedBy],[ModifiedOn],[ModifiedBy])
VALUES('CR07043000020001','30/4/2007 1:47:18 PM',7.1000,4,2,'cashier1','supervisor1','','30/4/2007 1:47:18 PM','cashier1','30/4/2007 1:47:18 PM','cashier1')
INSERT INTO [CashRecording] ([CashRecRefNo],[CashRecordingTime],[amount],[CashRecordingTypeId],[PointOfSaleID],[CashierName],[SupervisorName],[Remark],[CreatedOn],[CreatedBy],[ModifiedOn],[ModifiedBy])
VALUES('CR07043000020002','30/4/2007 2:08:23 PM',0.0000,4,2,'cashier1','supervisor1','','30/4/2007 2:08:23 PM','cashier1','30/4/2007 2:08:23 PM','cashier1')
INSERT INTO [CashRecording] ([CashRecRefNo],[CashRecordingTime],[amount],[CashRecordingTypeId],[PointOfSaleID],[CashierName],[SupervisorName],[Remark],[CreatedOn],[CreatedBy],[ModifiedOn],[ModifiedBy])
VALUES('CR07043000020003','30/4/2007 2:26:31 PM',100.0000,3,2,'cashier1','supervisor1','','30/4/2007 2:26:31 PM','cashier1','30/4/2007 2:26:31 PM','cashier1')
INSERT INTO [CashRecording] ([CashRecRefNo],[CashRecordingTime],[amount],[CashRecordingTypeId],[PointOfSaleID],[CashierName],[SupervisorName],[Remark],[CreatedOn],[CreatedBy],[ModifiedOn],[ModifiedBy])
VALUES('CR07043000020004','30/4/2007 2:26:43 PM',20.0000,1,2,'cashier1','supervisor1','','30/4/2007 2:26:43 PM','cashier1','30/4/2007 2:26:43 PM','cashier1')
INSERT INTO [CashRecording] ([CashRecRefNo],[CashRecordingTime],[amount],[CashRecordingTypeId],[PointOfSaleID],[CashierName],[SupervisorName],[Remark],[CreatedOn],[CreatedBy],[ModifiedOn],[ModifiedBy])
VALUES('CR07043000020005','30/4/2007 2:26:59 PM',10.0000,2,2,'cashier1','supervisor1','','30/4/2007 2:26:59 PM','cashier1','30/4/2007 2:26:59 PM','cashier1')
INSERT INTO [CashRecording] ([CashRecRefNo],[CashRecordingTime],[amount],[CashRecordingTypeId],[PointOfSaleID],[CashierName],[SupervisorName],[Remark],[CreatedOn],[CreatedBy],[ModifiedOn],[ModifiedBy])
VALUES('CR07043000020006','30/4/2007 2:27:30 PM',117.8000,4,2,'cashier1','supervisor1','','30/4/2007 2:27:30 PM','cashier1','30/4/2007 2:27:30 PM','cashier1')


SET IDENTITY_INSERT [CashRecordingType] ON 
PRINT 'Begin inserting data in CashRecordingType'
INSERT INTO [CashRecordingType] ([CashRecordingTypeId],[CashRecordingTypeName],[Remark],[CreatedOn],[CreatedBy],[ModifiedOn],[ModifiedBy])
VALUES(1,'Cash In','-','8/4/2007 12:00:00 AM','alberto','8/4/2007 12:00:00 AM','alberto')
INSERT INTO [CashRecordingType] ([CashRecordingTypeId],[CashRecordingTypeName],[Remark],[CreatedOn],[CreatedBy],[ModifiedOn],[ModifiedBy])
VALUES(2,'Cash Out','-','8/4/2007 12:00:00 AM','alberto','8/4/2007 12:00:00 AM','alberto')
INSERT INTO [CashRecordingType] ([CashRecordingTypeId],[CashRecordingTypeName],[Remark],[CreatedOn],[CreatedBy],[ModifiedOn],[ModifiedBy])
VALUES(3,'Opening Balance','-','8/4/2007 12:00:00 AM','alberto','8/4/2007 12:00:00 AM','alberto')
INSERT INTO [CashRecordingType] ([CashRecordingTypeId],[CashRecordingTypeName],[Remark],[CreatedOn],[CreatedBy],[ModifiedOn],[ModifiedBy])
VALUES(4,'Closing Balance','','10/4/2007 7:48:47 PM','IMPACT-C491D6CC\Albert','10/4/2007 7:48:47 PM','IMPACT-C491D6CC\Albert')
SET IDENTITY_INSERT [CashRecordingType] OFF 


PRINT 'Begin inserting data in Category'
INSERT INTO [Category] ([CategoryName],[Remarks],[CreatedBy],[CreatedOn],[ModifiedBy],[ModifiedOn],[Guid])
VALUES('Alcoholic Beverages','','YOUR-F7C39A7C38\jenniferleet','3/4/2007 8:43:57 PM','YOUR-F7C39A7C38\jenniferleet','3/4/2007 8:43:57 PM','8f0bab20-5261-4f88-a518-f3df6bc4af53')
INSERT INTO [Category] ([CategoryName],[Remarks],[CreatedBy],[CreatedOn],[ModifiedBy],[ModifiedOn],[Guid])
VALUES('Can Drinks','Coke, Pepsi, 7 up etc','','14/4/2007 3:10:59 AM','','14/4/2007 3:10:59 AM','')
INSERT INTO [Category] ([CategoryName],[Remarks],[CreatedBy],[CreatedOn],[ModifiedBy],[ModifiedOn],[Guid])
VALUES('Cigarettes','Cigarettes','','15/4/2007 8:47:24 PM','','15/4/2007 8:47:24 PM','')
INSERT INTO [Category] ([CategoryName],[Remarks],[CreatedBy],[CreatedOn],[ModifiedBy],[ModifiedOn],[Guid])
VALUES('Drinks','Drinks','YOUR-F7C39A7C38\jenniferleet','3/4/2007 8:43:39 PM','YOUR-F7C39A7C38\jenniferleet','3/4/2007 8:43:39 PM','c2867761-4abb-45d0-ae60-69a2757eade2')
INSERT INTO [Category] ([CategoryName],[Remarks],[CreatedBy],[CreatedOn],[ModifiedBy],[ModifiedOn],[Guid])
VALUES('Food','Food','YOUR-F7C39A7C38\jenniferleet','3/4/2007 8:43:46 PM','IMPACT-C491D6CC\Albert','12/4/2007 5:20:49 AM','29502e84-3c81-4a1b-b987-3457a6ae0cd1')
INSERT INTO [Category] ([CategoryName],[Remarks],[CreatedBy],[CreatedOn],[ModifiedBy],[ModifiedOn],[Guid])
VALUES('Prata','kosong, egg, banana prata, etc','','14/4/2007 1:21:45 AM','','14/4/2007 1:21:45 AM','')
INSERT INTO [Category] ([CategoryName],[Remarks],[CreatedBy],[CreatedOn],[ModifiedBy],[ModifiedOn],[Guid])
VALUES('Seafood','Seafood paste','','23/4/2007 5:11:04 PM','','23/4/2007 5:11:04 PM','')


PRINT 'Begin inserting data in CounterCloseLog'
INSERT INTO [CounterCloseLog] ([CounterCloseID],[ActualClosingBalance],[StartTime],[EndDateTime],[Cashier],[Supervisor],[CashIn],[CashOut],[OpeningBalance],[TotalCollected],[Variance],[PointOfSaleID],[CreatedOn],[CreatedBy],[ModifiedOn],[ModifiedBy])
VALUES('CL07041500030001',1331.2000,'15/4/2007 12:00:01 AM','15/4/2007 11:59:59 PM','cashier1','supervisor1',300.0000,1500.0000,2500.0000,1331.2000,0.0000,3,'15/4/2007 3:03:25 PM','cashier1','15/4/2007 3:03:25 PM','cashier1')
INSERT INTO [CounterCloseLog] ([CounterCloseID],[ActualClosingBalance],[StartTime],[EndDateTime],[Cashier],[Supervisor],[CashIn],[CashOut],[OpeningBalance],[TotalCollected],[Variance],[PointOfSaleID],[CreatedOn],[CreatedBy],[ModifiedOn],[ModifiedBy])
VALUES('CL07041500030002',1394.9500,'15/4/2007 12:00:01 AM','15/4/2007 11:59:59 PM','supervisor1','supervisor1',300.0000,1500.0000,2500.0000,1394.9500,0.0000,3,'15/4/2007 8:32:11 PM','supervisor1','15/4/2007 8:32:11 PM','supervisor1')
INSERT INTO [CounterCloseLog] ([CounterCloseID],[ActualClosingBalance],[StartTime],[EndDateTime],[Cashier],[Supervisor],[CashIn],[CashOut],[OpeningBalance],[TotalCollected],[Variance],[PointOfSaleID],[CreatedOn],[CreatedBy],[ModifiedOn],[ModifiedBy])
VALUES('CL07041500030003',66.4500,'15/4/2007 3:52:08 PM','15/4/2007 8:52:08 PM','cashier1','supervisor1',0.0000,0.0000,0.0000,66.4500,0.0000,3,'15/4/2007 8:53:28 PM','cashier1','15/4/2007 8:53:28 PM','cashier1')
INSERT INTO [CounterCloseLog] ([CounterCloseID],[ActualClosingBalance],[StartTime],[EndDateTime],[Cashier],[Supervisor],[CashIn],[CashOut],[OpeningBalance],[TotalCollected],[Variance],[PointOfSaleID],[CreatedOn],[CreatedBy],[ModifiedOn],[ModifiedBy])
VALUES('CL07041600020001',1076.5000,'16/4/2007 9:10:25 AM','16/4/2007 10:10:25 AM','cashier1','supervisor1',0.0000,500.0000,1500.0000,1076.6000,-0.1000,2,'16/4/2007 10:10:48 AM','cashier1','16/4/2007 10:10:48 AM','cashier1')
INSERT INTO [CounterCloseLog] ([CounterCloseID],[ActualClosingBalance],[StartTime],[EndDateTime],[Cashier],[Supervisor],[CashIn],[CashOut],[OpeningBalance],[TotalCollected],[Variance],[PointOfSaleID],[CreatedOn],[CreatedBy],[ModifiedOn],[ModifiedBy])
VALUES('CL07041700020001',20.3000,'17/4/2007 3:13:53 AM','17/4/2007 6:13:53 AM','cashier1','supervisor1',0.0000,0.0000,0.0000,20.3000,0.0000,2,'17/4/2007 6:14:20 AM','cashier1','17/4/2007 6:14:20 AM','cashier1')
INSERT INTO [CounterCloseLog] ([CounterCloseID],[ActualClosingBalance],[StartTime],[EndDateTime],[Cashier],[Supervisor],[CashIn],[CashOut],[OpeningBalance],[TotalCollected],[Variance],[PointOfSaleID],[CreatedOn],[CreatedBy],[ModifiedOn],[ModifiedBy])
VALUES('CL07041700020002',1.0000,'17/4/2007 1:21:57 AM','17/4/2007 6:21:57 AM','cashier1','supervisor1',0.0000,0.0000,0.0000,20.3000,-19.3000,2,'17/4/2007 6:22:18 AM','cashier1','17/4/2007 6:22:18 AM','cashier1')
INSERT INTO [CounterCloseLog] ([CounterCloseID],[ActualClosingBalance],[StartTime],[EndDateTime],[Cashier],[Supervisor],[CashIn],[CashOut],[OpeningBalance],[TotalCollected],[Variance],[PointOfSaleID],[CreatedOn],[CreatedBy],[ModifiedOn],[ModifiedBy])
VALUES('CL07041700020003',30.0000,'17/4/2007 1:24:19 AM','17/4/2007 6:24:19 AM','cashier1','supervisor1',0.0000,0.0000,0.0000,20.3000,9.7000,2,'17/4/2007 6:24:53 AM','cashier1','17/4/2007 6:24:53 AM','cashier1')
INSERT INTO [CounterCloseLog] ([CounterCloseID],[ActualClosingBalance],[StartTime],[EndDateTime],[Cashier],[Supervisor],[CashIn],[CashOut],[OpeningBalance],[TotalCollected],[Variance],[PointOfSaleID],[CreatedOn],[CreatedBy],[ModifiedOn],[ModifiedBy])
VALUES('CL07041700020004',0.0000,'17/4/2007 1:27:36 AM','17/4/2007 6:27:36 AM','cashier1','supervisor1',0.0000,0.0000,0.0000,20.3000,-20.3000,2,'17/4/2007 6:27:48 AM','cashier1','17/4/2007 6:27:48 AM','cashier1')
INSERT INTO [CounterCloseLog] ([CounterCloseID],[ActualClosingBalance],[StartTime],[EndDateTime],[Cashier],[Supervisor],[CashIn],[CashOut],[OpeningBalance],[TotalCollected],[Variance],[PointOfSaleID],[CreatedOn],[CreatedBy],[ModifiedOn],[ModifiedBy])
VALUES('CL07041700020005',0.0000,'15/4/2007 6:52:28 AM','17/4/2007 6:52:28 AM','cashier1','supervisor1',0.0000,500.0000,1500.0000,1139.5500,-1139.5500,2,'17/4/2007 6:52:39 AM','cashier1','17/4/2007 6:52:39 AM','cashier1')
INSERT INTO [CounterCloseLog] ([CounterCloseID],[ActualClosingBalance],[StartTime],[EndDateTime],[Cashier],[Supervisor],[CashIn],[CashOut],[OpeningBalance],[TotalCollected],[Variance],[PointOfSaleID],[CreatedOn],[CreatedBy],[ModifiedOn],[ModifiedBy])
VALUES('CL07041700020006',0.0000,'1/4/2007 6:53:22 AM','17/4/2007 6:53:22 AM','cashier1','supervisor1',0.0000,500.0000,1500.0000,1139.5500,-1139.5500,2,'17/4/2007 6:53:36 AM','cashier1','17/4/2007 6:53:36 AM','cashier1')
INSERT INTO [CounterCloseLog] ([CounterCloseID],[ActualClosingBalance],[StartTime],[EndDateTime],[Cashier],[Supervisor],[CashIn],[CashOut],[OpeningBalance],[TotalCollected],[Variance],[PointOfSaleID],[CreatedOn],[CreatedBy],[ModifiedOn],[ModifiedBy])
VALUES('CL07041700020007',55.0000,'17/4/2007 4:01:14 PM','17/4/2007 5:01:14 PM','cashier1','supervisor1',0.0000,0.0000,0.0000,55.6000,-0.6000,2,'17/4/2007 5:02:07 PM','cashier1','17/4/2007 5:02:07 PM','cashier1')
INSERT INTO [CounterCloseLog] ([CounterCloseID],[ActualClosingBalance],[StartTime],[EndDateTime],[Cashier],[Supervisor],[CashIn],[CashOut],[OpeningBalance],[TotalCollected],[Variance],[PointOfSaleID],[CreatedOn],[CreatedBy],[ModifiedOn],[ModifiedBy])
VALUES('CL07042100020001',1500.0000,'10/4/2007 2:53:40 PM','21/4/2007 3:53:40 PM','cashier1','supervisor1',0.0000,500.0000,1500.0000,1361.2000,138.8000,2,'21/4/2007 3:54:23 PM','cashier1','21/4/2007 3:54:23 PM','cashier1')
INSERT INTO [CounterCloseLog] ([CounterCloseID],[ActualClosingBalance],[StartTime],[EndDateTime],[Cashier],[Supervisor],[CashIn],[CashOut],[OpeningBalance],[TotalCollected],[Variance],[PointOfSaleID],[CreatedOn],[CreatedBy],[ModifiedOn],[ModifiedBy])
VALUES('CL07042300020001',16.0500,'22/4/2007 5:09:24 PM','23/4/2007 5:09:24 PM','cashier1','supervisor1',1200.0000,0.0000,0.0000,1216.0500,-1200.0000,2,'23/4/2007 5:09:43 PM','cashier1','23/4/2007 5:09:43 PM','cashier1')
INSERT INTO [CounterCloseLog] ([CounterCloseID],[ActualClosingBalance],[StartTime],[EndDateTime],[Cashier],[Supervisor],[CashIn],[CashOut],[OpeningBalance],[TotalCollected],[Variance],[PointOfSaleID],[CreatedOn],[CreatedBy],[ModifiedOn],[ModifiedBy])
VALUES('CL07043000020001',0.0000,'23/4/2007 5:09:24 PM','30/4/2007 1:46:13 PM','cashier1','supervisor1',0.0000,0.0000,0.0000,7.1000,-7.1000,2,'30/4/2007 1:47:18 PM','cashier1','30/4/2007 1:47:18 PM','cashier1')
INSERT INTO [CounterCloseLog] ([CounterCloseID],[ActualClosingBalance],[StartTime],[EndDateTime],[Cashier],[Supervisor],[CashIn],[CashOut],[OpeningBalance],[TotalCollected],[Variance],[PointOfSaleID],[CreatedOn],[CreatedBy],[ModifiedOn],[ModifiedBy])
VALUES('CL07043000020002',249.5000,'30/4/2007 1:46:13 PM','30/4/2007 2:07:12 PM','cashier1','supervisor1',0.0000,0.0000,0.0000,0.0000,249.5000,2,'30/4/2007 2:08:23 PM','cashier1','30/4/2007 2:08:23 PM','cashier1')
INSERT INTO [CounterCloseLog] ([CounterCloseID],[ActualClosingBalance],[StartTime],[EndDateTime],[Cashier],[Supervisor],[CashIn],[CashOut],[OpeningBalance],[TotalCollected],[Variance],[PointOfSaleID],[CreatedOn],[CreatedBy],[ModifiedOn],[ModifiedBy])
VALUES('CL07043000020003',30.0000,'30/4/2007 2:07:12 PM','30/4/2007 2:27:02 PM','cashier1','supervisor1',20.0000,10.0000,100.0000,117.8000,-87.8000,2,'30/4/2007 2:27:30 PM','cashier1','30/4/2007 2:27:30 PM','cashier1')


SET IDENTITY_INSERT [EditBillLog] ON 
PRINT 'Begin inserting data in EditBillLog'
SET IDENTITY_INSERT [EditBillLog] OFF 


SET IDENTITY_INSERT [EditInvLog] ON 
PRINT 'Begin inserting data in EditInvLog'
SET IDENTITY_INSERT [EditInvLog] OFF 


SET IDENTITY_INSERT [GroupUserPrivilege] ON 
PRINT 'Begin inserting data in GroupUserPrivilege'
INSERT INTO [GroupUserPrivilege] ([GroupUserPrivilegeID],[GroupID],[UserPrivilegeID],[CreatedBy],[CreatedOn],[ModifiedBy],[ModifiedOn])
VALUES(91,1,1,'','','','')
INSERT INTO [GroupUserPrivilege] ([GroupUserPrivilegeID],[GroupID],[UserPrivilegeID],[CreatedBy],[CreatedOn],[ModifiedBy],[ModifiedOn])
VALUES(92,1,9,'','','','')
INSERT INTO [GroupUserPrivilege] ([GroupUserPrivilegeID],[GroupID],[UserPrivilegeID],[CreatedBy],[CreatedOn],[ModifiedBy],[ModifiedOn])
VALUES(93,1,10,'','','','')
INSERT INTO [GroupUserPrivilege] ([GroupUserPrivilegeID],[GroupID],[UserPrivilegeID],[CreatedBy],[CreatedOn],[ModifiedBy],[ModifiedOn])
VALUES(94,1,27,'','','','')
INSERT INTO [GroupUserPrivilege] ([GroupUserPrivilegeID],[GroupID],[UserPrivilegeID],[CreatedBy],[CreatedOn],[ModifiedBy],[ModifiedOn])
VALUES(95,1,28,'','','','')
INSERT INTO [GroupUserPrivilege] ([GroupUserPrivilegeID],[GroupID],[UserPrivilegeID],[CreatedBy],[CreatedOn],[ModifiedBy],[ModifiedOn])
VALUES(96,2,1,'','','','')
INSERT INTO [GroupUserPrivilege] ([GroupUserPrivilegeID],[GroupID],[UserPrivilegeID],[CreatedBy],[CreatedOn],[ModifiedBy],[ModifiedOn])
VALUES(97,2,2,'','','','')
INSERT INTO [GroupUserPrivilege] ([GroupUserPrivilegeID],[GroupID],[UserPrivilegeID],[CreatedBy],[CreatedOn],[ModifiedBy],[ModifiedOn])
VALUES(98,2,3,'','','','')
INSERT INTO [GroupUserPrivilege] ([GroupUserPrivilegeID],[GroupID],[UserPrivilegeID],[CreatedBy],[CreatedOn],[ModifiedBy],[ModifiedOn])
VALUES(99,2,4,'','','','')
INSERT INTO [GroupUserPrivilege] ([GroupUserPrivilegeID],[GroupID],[UserPrivilegeID],[CreatedBy],[CreatedOn],[ModifiedBy],[ModifiedOn])
VALUES(100,2,9,'','','','')
INSERT INTO [GroupUserPrivilege] ([GroupUserPrivilegeID],[GroupID],[UserPrivilegeID],[CreatedBy],[CreatedOn],[ModifiedBy],[ModifiedOn])
VALUES(101,2,10,'','','','')
INSERT INTO [GroupUserPrivilege] ([GroupUserPrivilegeID],[GroupID],[UserPrivilegeID],[CreatedBy],[CreatedOn],[ModifiedBy],[ModifiedOn])
VALUES(102,2,11,'','','','')
INSERT INTO [GroupUserPrivilege] ([GroupUserPrivilegeID],[GroupID],[UserPrivilegeID],[CreatedBy],[CreatedOn],[ModifiedBy],[ModifiedOn])
VALUES(103,2,12,'','','','')
INSERT INTO [GroupUserPrivilege] ([GroupUserPrivilegeID],[GroupID],[UserPrivilegeID],[CreatedBy],[CreatedOn],[ModifiedBy],[ModifiedOn])
VALUES(104,2,25,'','','','')
INSERT INTO [GroupUserPrivilege] ([GroupUserPrivilegeID],[GroupID],[UserPrivilegeID],[CreatedBy],[CreatedOn],[ModifiedBy],[ModifiedOn])
VALUES(105,2,26,'','','','')
INSERT INTO [GroupUserPrivilege] ([GroupUserPrivilegeID],[GroupID],[UserPrivilegeID],[CreatedBy],[CreatedOn],[ModifiedBy],[ModifiedOn])
VALUES(106,2,27,'','','','')
INSERT INTO [GroupUserPrivilege] ([GroupUserPrivilegeID],[GroupID],[UserPrivilegeID],[CreatedBy],[CreatedOn],[ModifiedBy],[ModifiedOn])
VALUES(107,2,28,'','','','')
INSERT INTO [GroupUserPrivilege] ([GroupUserPrivilegeID],[GroupID],[UserPrivilegeID],[CreatedBy],[CreatedOn],[ModifiedBy],[ModifiedOn])
VALUES(152,4,1,'','','','')
INSERT INTO [GroupUserPrivilege] ([GroupUserPrivilegeID],[GroupID],[UserPrivilegeID],[CreatedBy],[CreatedOn],[ModifiedBy],[ModifiedOn])
VALUES(153,4,3,'','','','')
INSERT INTO [GroupUserPrivilege] ([GroupUserPrivilegeID],[GroupID],[UserPrivilegeID],[CreatedBy],[CreatedOn],[ModifiedBy],[ModifiedOn])
VALUES(154,4,13,'','','','')
INSERT INTO [GroupUserPrivilege] ([GroupUserPrivilegeID],[GroupID],[UserPrivilegeID],[CreatedBy],[CreatedOn],[ModifiedBy],[ModifiedOn])
VALUES(155,4,15,'','','','')
INSERT INTO [GroupUserPrivilege] ([GroupUserPrivilegeID],[GroupID],[UserPrivilegeID],[CreatedBy],[CreatedOn],[ModifiedBy],[ModifiedOn])
VALUES(156,4,17,'','','','')
INSERT INTO [GroupUserPrivilege] ([GroupUserPrivilegeID],[GroupID],[UserPrivilegeID],[CreatedBy],[CreatedOn],[ModifiedBy],[ModifiedOn])
VALUES(157,4,22,'','','','')
INSERT INTO [GroupUserPrivilege] ([GroupUserPrivilegeID],[GroupID],[UserPrivilegeID],[CreatedBy],[CreatedOn],[ModifiedBy],[ModifiedOn])
VALUES(158,4,24,'','','','')
INSERT INTO [GroupUserPrivilege] ([GroupUserPrivilegeID],[GroupID],[UserPrivilegeID],[CreatedBy],[CreatedOn],[ModifiedBy],[ModifiedOn])
VALUES(159,4,25,'','','','')
INSERT INTO [GroupUserPrivilege] ([GroupUserPrivilegeID],[GroupID],[UserPrivilegeID],[CreatedBy],[CreatedOn],[ModifiedBy],[ModifiedOn])
VALUES(160,3,1,'','','','')
INSERT INTO [GroupUserPrivilege] ([GroupUserPrivilegeID],[GroupID],[UserPrivilegeID],[CreatedBy],[CreatedOn],[ModifiedBy],[ModifiedOn])
VALUES(161,3,2,'','','','')
INSERT INTO [GroupUserPrivilege] ([GroupUserPrivilegeID],[GroupID],[UserPrivilegeID],[CreatedBy],[CreatedOn],[ModifiedBy],[ModifiedOn])
VALUES(162,3,3,'','','','')
INSERT INTO [GroupUserPrivilege] ([GroupUserPrivilegeID],[GroupID],[UserPrivilegeID],[CreatedBy],[CreatedOn],[ModifiedBy],[ModifiedOn])
VALUES(163,3,4,'','','','')
INSERT INTO [GroupUserPrivilege] ([GroupUserPrivilegeID],[GroupID],[UserPrivilegeID],[CreatedBy],[CreatedOn],[ModifiedBy],[ModifiedOn])
VALUES(164,3,5,'','','','')
INSERT INTO [GroupUserPrivilege] ([GroupUserPrivilegeID],[GroupID],[UserPrivilegeID],[CreatedBy],[CreatedOn],[ModifiedBy],[ModifiedOn])
VALUES(165,3,6,'','','','')
INSERT INTO [GroupUserPrivilege] ([GroupUserPrivilegeID],[GroupID],[UserPrivilegeID],[CreatedBy],[CreatedOn],[ModifiedBy],[ModifiedOn])
VALUES(166,3,7,'','','','')
INSERT INTO [GroupUserPrivilege] ([GroupUserPrivilegeID],[GroupID],[UserPrivilegeID],[CreatedBy],[CreatedOn],[ModifiedBy],[ModifiedOn])
VALUES(167,3,8,'','','','')
INSERT INTO [GroupUserPrivilege] ([GroupUserPrivilegeID],[GroupID],[UserPrivilegeID],[CreatedBy],[CreatedOn],[ModifiedBy],[ModifiedOn])
VALUES(168,3,9,'','','','')
INSERT INTO [GroupUserPrivilege] ([GroupUserPrivilegeID],[GroupID],[UserPrivilegeID],[CreatedBy],[CreatedOn],[ModifiedBy],[ModifiedOn])
VALUES(169,3,10,'','','','')
INSERT INTO [GroupUserPrivilege] ([GroupUserPrivilegeID],[GroupID],[UserPrivilegeID],[CreatedBy],[CreatedOn],[ModifiedBy],[ModifiedOn])
VALUES(170,3,11,'','','','')
INSERT INTO [GroupUserPrivilege] ([GroupUserPrivilegeID],[GroupID],[UserPrivilegeID],[CreatedBy],[CreatedOn],[ModifiedBy],[ModifiedOn])
VALUES(171,3,12,'','','','')
INSERT INTO [GroupUserPrivilege] ([GroupUserPrivilegeID],[GroupID],[UserPrivilegeID],[CreatedBy],[CreatedOn],[ModifiedBy],[ModifiedOn])
VALUES(172,3,13,'','','','')
INSERT INTO [GroupUserPrivilege] ([GroupUserPrivilegeID],[GroupID],[UserPrivilegeID],[CreatedBy],[CreatedOn],[ModifiedBy],[ModifiedOn])
VALUES(173,3,14,'','','','')
INSERT INTO [GroupUserPrivilege] ([GroupUserPrivilegeID],[GroupID],[UserPrivilegeID],[CreatedBy],[CreatedOn],[ModifiedBy],[ModifiedOn])
VALUES(174,3,15,'','','','')
INSERT INTO [GroupUserPrivilege] ([GroupUserPrivilegeID],[GroupID],[UserPrivilegeID],[CreatedBy],[CreatedOn],[ModifiedBy],[ModifiedOn])
VALUES(175,3,16,'','','','')
INSERT INTO [GroupUserPrivilege] ([GroupUserPrivilegeID],[GroupID],[UserPrivilegeID],[CreatedBy],[CreatedOn],[ModifiedBy],[ModifiedOn])
VALUES(176,3,17,'','','','')
INSERT INTO [GroupUserPrivilege] ([GroupUserPrivilegeID],[GroupID],[UserPrivilegeID],[CreatedBy],[CreatedOn],[ModifiedBy],[ModifiedOn])
VALUES(177,3,18,'','','','')
INSERT INTO [GroupUserPrivilege] ([GroupUserPrivilegeID],[GroupID],[UserPrivilegeID],[CreatedBy],[CreatedOn],[ModifiedBy],[ModifiedOn])
VALUES(178,3,19,'','','','')
INSERT INTO [GroupUserPrivilege] ([GroupUserPrivilegeID],[GroupID],[UserPrivilegeID],[CreatedBy],[CreatedOn],[ModifiedBy],[ModifiedOn])
VALUES(179,3,20,'','','','')
INSERT INTO [GroupUserPrivilege] ([GroupUserPrivilegeID],[GroupID],[UserPrivilegeID],[CreatedBy],[CreatedOn],[ModifiedBy],[ModifiedOn])
VALUES(180,3,21,'','','','')
INSERT INTO [GroupUserPrivilege] ([GroupUserPrivilegeID],[GroupID],[UserPrivilegeID],[CreatedBy],[CreatedOn],[ModifiedBy],[ModifiedOn])
VALUES(181,3,22,'','','','')
INSERT INTO [GroupUserPrivilege] ([GroupUserPrivilegeID],[GroupID],[UserPrivilegeID],[CreatedBy],[CreatedOn],[ModifiedBy],[ModifiedOn])
VALUES(182,3,23,'','','','')
INSERT INTO [GroupUserPrivilege] ([GroupUserPrivilegeID],[GroupID],[UserPrivilegeID],[CreatedBy],[CreatedOn],[ModifiedBy],[ModifiedOn])
VALUES(183,3,24,'','','','')
INSERT INTO [GroupUserPrivilege] ([GroupUserPrivilegeID],[GroupID],[UserPrivilegeID],[CreatedBy],[CreatedOn],[ModifiedBy],[ModifiedOn])
VALUES(184,3,25,'','','','')
INSERT INTO [GroupUserPrivilege] ([GroupUserPrivilegeID],[GroupID],[UserPrivilegeID],[CreatedBy],[CreatedOn],[ModifiedBy],[ModifiedOn])
VALUES(185,3,26,'','','','')
INSERT INTO [GroupUserPrivilege] ([GroupUserPrivilegeID],[GroupID],[UserPrivilegeID],[CreatedBy],[CreatedOn],[ModifiedBy],[ModifiedOn])
VALUES(186,3,27,'','','','')
INSERT INTO [GroupUserPrivilege] ([GroupUserPrivilegeID],[GroupID],[UserPrivilegeID],[CreatedBy],[CreatedOn],[ModifiedBy],[ModifiedOn])
VALUES(187,3,28,'','','','')
INSERT INTO [GroupUserPrivilege] ([GroupUserPrivilegeID],[GroupID],[UserPrivilegeID],[CreatedBy],[CreatedOn],[ModifiedBy],[ModifiedOn])
VALUES(188,3,29,'','','','')
INSERT INTO [GroupUserPrivilege] ([GroupUserPrivilegeID],[GroupID],[UserPrivilegeID],[CreatedBy],[CreatedOn],[ModifiedBy],[ModifiedOn])
VALUES(189,3,30,'','','','')
SET IDENTITY_INSERT [GroupUserPrivilege] OFF 


PRINT 'Begin inserting data in InventoryDet'
INSERT INTO [InventoryDet] ([InventoryDetRefNo],[ItemNo],[InventoryHdrRefNo],[ExpiryDate],[Quantity],[CostOfGoods],[Remark],[Discount],[CreatedBy],[CreatedOn],[ModifiedBy],[ModifiedOn])
VALUES('IN07041600020001.1','I00000000003','IN07041600020001','',7,0.0000,'',0.00,'cashier1','16/4/2007 3:38:11 PM','cashier1','16/4/2007 3:38:11 PM')
INSERT INTO [InventoryDet] ([InventoryDetRefNo],[ItemNo],[InventoryHdrRefNo],[ExpiryDate],[Quantity],[CostOfGoods],[Remark],[Discount],[CreatedBy],[CreatedOn],[ModifiedBy],[ModifiedOn])
VALUES('IN07041600020001.2','I00000000004','IN07041600020001','',5,0.0000,'',0.00,'cashier1','16/4/2007 3:38:11 PM','cashier1','16/4/2007 3:38:11 PM')
INSERT INTO [InventoryDet] ([InventoryDetRefNo],[ItemNo],[InventoryHdrRefNo],[ExpiryDate],[Quantity],[CostOfGoods],[Remark],[Discount],[CreatedBy],[CreatedOn],[ModifiedBy],[ModifiedOn])
VALUES('IN07041600020002.2','I00000000005','IN07041600020002','',1,0.0000,'',0.00,'cashier1','16/4/2007 3:38:47 PM','cashier1','16/4/2007 3:38:47 PM')
INSERT INTO [InventoryDet] ([InventoryDetRefNo],[ItemNo],[InventoryHdrRefNo],[ExpiryDate],[Quantity],[CostOfGoods],[Remark],[Discount],[CreatedBy],[CreatedOn],[ModifiedBy],[ModifiedOn])
VALUES('IN07041600030001.1','I00000000001','IN07041600030001','',1,0.0000,'',0.00,'cashier1','16/4/2007 12:30:49 AM','cashier1','16/4/2007 12:30:49 AM')
INSERT INTO [InventoryDet] ([InventoryDetRefNo],[ItemNo],[InventoryHdrRefNo],[ExpiryDate],[Quantity],[CostOfGoods],[Remark],[Discount],[CreatedBy],[CreatedOn],[ModifiedBy],[ModifiedOn])
VALUES('IN07041600030001.2','I00000000002','IN07041600030001','',1,0.0000,'',0.00,'cashier1','16/4/2007 12:30:49 AM','cashier1','16/4/2007 12:30:49 AM')
INSERT INTO [InventoryDet] ([InventoryDetRefNo],[ItemNo],[InventoryHdrRefNo],[ExpiryDate],[Quantity],[CostOfGoods],[Remark],[Discount],[CreatedBy],[CreatedOn],[ModifiedBy],[ModifiedOn])
VALUES('IN07041600030001.3','I00000000004','IN07041600030001','',1,0.0000,'',0.00,'cashier1','16/4/2007 12:30:49 AM','cashier1','16/4/2007 12:30:49 AM')
INSERT INTO [InventoryDet] ([InventoryDetRefNo],[ItemNo],[InventoryHdrRefNo],[ExpiryDate],[Quantity],[CostOfGoods],[Remark],[Discount],[CreatedBy],[CreatedOn],[ModifiedBy],[ModifiedOn])
VALUES('IN07041600030001.4','I00000000005','IN07041600030001','',1,0.0000,'',0.00,'cashier1','16/4/2007 12:30:49 AM','cashier1','16/4/2007 12:30:49 AM')
INSERT INTO [InventoryDet] ([InventoryDetRefNo],[ItemNo],[InventoryHdrRefNo],[ExpiryDate],[Quantity],[CostOfGoods],[Remark],[Discount],[CreatedBy],[CreatedOn],[ModifiedBy],[ModifiedOn])
VALUES('IN07041600030002.1','I00000000001','IN07041600030002','',8000,0.0000,'',0.00,'admin','16/4/2007 1:00:32 AM','admin','16/4/2007 1:00:32 AM')
INSERT INTO [InventoryDet] ([InventoryDetRefNo],[ItemNo],[InventoryHdrRefNo],[ExpiryDate],[Quantity],[CostOfGoods],[Remark],[Discount],[CreatedBy],[CreatedOn],[ModifiedBy],[ModifiedOn])
VALUES('IN07041600030002.2','I00000000002','IN07041600030002','',8000,0.0000,'',0.00,'admin','16/4/2007 1:00:32 AM','admin','16/4/2007 1:00:32 AM')
INSERT INTO [InventoryDet] ([InventoryDetRefNo],[ItemNo],[InventoryHdrRefNo],[ExpiryDate],[Quantity],[CostOfGoods],[Remark],[Discount],[CreatedBy],[CreatedOn],[ModifiedBy],[ModifiedOn])
VALUES('IN07041600030002.3','I00000000003','IN07041600030002','',9000,0.0000,'',0.00,'admin','16/4/2007 1:00:32 AM','admin','16/4/2007 1:00:32 AM')
INSERT INTO [InventoryDet] ([InventoryDetRefNo],[ItemNo],[InventoryHdrRefNo],[ExpiryDate],[Quantity],[CostOfGoods],[Remark],[Discount],[CreatedBy],[CreatedOn],[ModifiedBy],[ModifiedOn])
VALUES('IN07041600030002.4','I00000000004','IN07041600030002','',7000,0.0000,'',0.00,'admin','16/4/2007 1:00:32 AM','admin','16/4/2007 1:00:32 AM')
INSERT INTO [InventoryDet] ([InventoryDetRefNo],[ItemNo],[InventoryHdrRefNo],[ExpiryDate],[Quantity],[CostOfGoods],[Remark],[Discount],[CreatedBy],[CreatedOn],[ModifiedBy],[ModifiedOn])
VALUES('IN07041600030002.5','I00000000005','IN07041600030002','',6000,0.0000,'',0.00,'admin','16/4/2007 1:00:32 AM','admin','16/4/2007 1:00:32 AM')
INSERT INTO [InventoryDet] ([InventoryDetRefNo],[ItemNo],[InventoryHdrRefNo],[ExpiryDate],[Quantity],[CostOfGoods],[Remark],[Discount],[CreatedBy],[CreatedOn],[ModifiedBy],[ModifiedOn])
VALUES('IN07041600030002.6','I00000000006','IN07041600030002','',7000,0.0000,'',0.00,'admin','16/4/2007 1:00:32 AM','admin','16/4/2007 1:00:32 AM')
INSERT INTO [InventoryDet] ([InventoryDetRefNo],[ItemNo],[InventoryHdrRefNo],[ExpiryDate],[Quantity],[CostOfGoods],[Remark],[Discount],[CreatedBy],[CreatedOn],[ModifiedBy],[ModifiedOn])
VALUES('IN07041600030003.1','I00000000001','IN07041600030003','',500,0.0000,'test 123',0.00,'cashier1','16/4/2007 3:49:32 AM','cashier1','16/4/2007 3:49:32 AM')
INSERT INTO [InventoryDet] ([InventoryDetRefNo],[ItemNo],[InventoryHdrRefNo],[ExpiryDate],[Quantity],[CostOfGoods],[Remark],[Discount],[CreatedBy],[CreatedOn],[ModifiedBy],[ModifiedOn])
VALUES('IN07041600030003.10','I00000000010','IN07041600030003','',500,0.0000,'',0.00,'cashier1','16/4/2007 3:49:32 AM','cashier1','16/4/2007 3:49:32 AM')
INSERT INTO [InventoryDet] ([InventoryDetRefNo],[ItemNo],[InventoryHdrRefNo],[ExpiryDate],[Quantity],[CostOfGoods],[Remark],[Discount],[CreatedBy],[CreatedOn],[ModifiedBy],[ModifiedOn])
VALUES('IN07041600030003.2','I00000000002','IN07041600030003','',500,0.0000,'',0.00,'cashier1','16/4/2007 3:49:32 AM','cashier1','16/4/2007 3:49:32 AM')
INSERT INTO [InventoryDet] ([InventoryDetRefNo],[ItemNo],[InventoryHdrRefNo],[ExpiryDate],[Quantity],[CostOfGoods],[Remark],[Discount],[CreatedBy],[CreatedOn],[ModifiedBy],[ModifiedOn])
VALUES('IN07041600030003.3','I00000000003','IN07041600030003','',500,0.0000,'',0.00,'cashier1','16/4/2007 3:49:32 AM','cashier1','16/4/2007 3:49:32 AM')
INSERT INTO [InventoryDet] ([InventoryDetRefNo],[ItemNo],[InventoryHdrRefNo],[ExpiryDate],[Quantity],[CostOfGoods],[Remark],[Discount],[CreatedBy],[CreatedOn],[ModifiedBy],[ModifiedOn])
VALUES('IN07041600030003.4','I00000000004','IN07041600030003','',500,0.0000,'',0.00,'cashier1','16/4/2007 3:49:32 AM','cashier1','16/4/2007 3:49:32 AM')
INSERT INTO [InventoryDet] ([InventoryDetRefNo],[ItemNo],[InventoryHdrRefNo],[ExpiryDate],[Quantity],[CostOfGoods],[Remark],[Discount],[CreatedBy],[CreatedOn],[ModifiedBy],[ModifiedOn])
VALUES('IN07041600030003.5','I00000000005','IN07041600030003','',500,0.0000,'',0.00,'cashier1','16/4/2007 3:49:32 AM','cashier1','16/4/2007 3:49:32 AM')
INSERT INTO [InventoryDet] ([InventoryDetRefNo],[ItemNo],[InventoryHdrRefNo],[ExpiryDate],[Quantity],[CostOfGoods],[Remark],[Discount],[CreatedBy],[CreatedOn],[ModifiedBy],[ModifiedOn])
VALUES('IN07041600030003.6','I00000000006','IN07041600030003','',500,0.0000,'',0.00,'cashier1','16/4/2007 3:49:32 AM','cashier1','16/4/2007 3:49:32 AM')
INSERT INTO [InventoryDet] ([InventoryDetRefNo],[ItemNo],[InventoryHdrRefNo],[ExpiryDate],[Quantity],[CostOfGoods],[Remark],[Discount],[CreatedBy],[CreatedOn],[ModifiedBy],[ModifiedOn])
VALUES('IN07041600030003.7','I00000000007','IN07041600030003','',500,0.0000,'',0.00,'cashier1','16/4/2007 3:49:32 AM','cashier1','16/4/2007 3:49:32 AM')
INSERT INTO [InventoryDet] ([InventoryDetRefNo],[ItemNo],[InventoryHdrRefNo],[ExpiryDate],[Quantity],[CostOfGoods],[Remark],[Discount],[CreatedBy],[CreatedOn],[ModifiedBy],[ModifiedOn])
VALUES('IN07041600030003.8','I00000000008','IN07041600030003','',500,0.0000,'',0.00,'cashier1','16/4/2007 3:49:32 AM','cashier1','16/4/2007 3:49:32 AM')
INSERT INTO [InventoryDet] ([InventoryDetRefNo],[ItemNo],[InventoryHdrRefNo],[ExpiryDate],[Quantity],[CostOfGoods],[Remark],[Discount],[CreatedBy],[CreatedOn],[ModifiedBy],[ModifiedOn])
VALUES('IN07041600030003.9','I00000000009','IN07041600030003','',500,0.0000,'',0.00,'cashier1','16/4/2007 3:49:32 AM','cashier1','16/4/2007 3:49:32 AM')
INSERT INTO [InventoryDet] ([InventoryDetRefNo],[ItemNo],[InventoryHdrRefNo],[ExpiryDate],[Quantity],[CostOfGoods],[Remark],[Discount],[CreatedBy],[CreatedOn],[ModifiedBy],[ModifiedOn])
VALUES('IN07041600030004.1','I00000000006','IN07041600030004','',300,0.0000,'',0.00,'cashier1','16/4/2007 4:00:25 AM','cashier1','16/4/2007 4:00:25 AM')
INSERT INTO [InventoryDet] ([InventoryDetRefNo],[ItemNo],[InventoryHdrRefNo],[ExpiryDate],[Quantity],[CostOfGoods],[Remark],[Discount],[CreatedBy],[CreatedOn],[ModifiedBy],[ModifiedOn])
VALUES('IN07041600030004.2','I00000000005','IN07041600030004','',1,0.0000,'',0.00,'cashier1','16/4/2007 4:00:25 AM','cashier1','16/4/2007 4:00:25 AM')
INSERT INTO [InventoryDet] ([InventoryDetRefNo],[ItemNo],[InventoryHdrRefNo],[ExpiryDate],[Quantity],[CostOfGoods],[Remark],[Discount],[CreatedBy],[CreatedOn],[ModifiedBy],[ModifiedOn])
VALUES('IN07041700020001.1','I00000000006','IN07041700020001','',2000,0.0000,'',0.00,'cashier1','17/4/2007 5:06:50 PM','cashier1','17/4/2007 5:06:50 PM')
INSERT INTO [InventoryDet] ([InventoryDetRefNo],[ItemNo],[InventoryHdrRefNo],[ExpiryDate],[Quantity],[CostOfGoods],[Remark],[Discount],[CreatedBy],[CreatedOn],[ModifiedBy],[ModifiedOn])
VALUES('IN07041700020002.1','I00000000002','IN07041700020002','',5000,0.0000,'',0.00,'cashier1','17/4/2007 5:07:55 PM','cashier1','17/4/2007 5:07:55 PM')
INSERT INTO [InventoryDet] ([InventoryDetRefNo],[ItemNo],[InventoryHdrRefNo],[ExpiryDate],[Quantity],[CostOfGoods],[Remark],[Discount],[CreatedBy],[CreatedOn],[ModifiedBy],[ModifiedOn])
VALUES('IN07041700020003.1','I00000000001','IN07041700020003','',10000,0.0000,'',0.00,'cashier1','17/4/2007 5:08:57 PM','cashier1','17/4/2007 5:08:57 PM')
INSERT INTO [InventoryDet] ([InventoryDetRefNo],[ItemNo],[InventoryHdrRefNo],[ExpiryDate],[Quantity],[CostOfGoods],[Remark],[Discount],[CreatedBy],[CreatedOn],[ModifiedBy],[ModifiedOn])
VALUES('IN07042000020001.1','I00000000019','IN07042000020001','',5000,0.0000,'',0.00,'cashier1','20/4/2007 12:31:44 AM','cashier1','20/4/2007 12:31:44 AM')
INSERT INTO [InventoryDet] ([InventoryDetRefNo],[ItemNo],[InventoryHdrRefNo],[ExpiryDate],[Quantity],[CostOfGoods],[Remark],[Discount],[CreatedBy],[CreatedOn],[ModifiedBy],[ModifiedOn])
VALUES('IN07042300020001.1','I00000000001','IN07042300020001','',300,0.0000,'',0.00,'cashier1','23/4/2007 5:10:19 PM','cashier1','23/4/2007 5:10:19 PM')
INSERT INTO [InventoryDet] ([InventoryDetRefNo],[ItemNo],[InventoryHdrRefNo],[ExpiryDate],[Quantity],[CostOfGoods],[Remark],[Discount],[CreatedBy],[CreatedOn],[ModifiedBy],[ModifiedOn])
VALUES('IN07042300020001.2','I00000000002','IN07042300020001','',1,0.0000,'',0.00,'cashier1','23/4/2007 5:10:19 PM','cashier1','23/4/2007 5:10:19 PM')
INSERT INTO [InventoryDet] ([InventoryDetRefNo],[ItemNo],[InventoryHdrRefNo],[ExpiryDate],[Quantity],[CostOfGoods],[Remark],[Discount],[CreatedBy],[CreatedOn],[ModifiedBy],[ModifiedOn])
VALUES('IN07042800040001.1','I00000000029','IN07042800040001','',777,0.0000,'',0.00,'cashier1','28/4/2007 4:11:02 AM','cashier1','28/4/2007 4:11:02 AM')
INSERT INTO [InventoryDet] ([InventoryDetRefNo],[ItemNo],[InventoryHdrRefNo],[ExpiryDate],[Quantity],[CostOfGoods],[Remark],[Discount],[CreatedBy],[CreatedOn],[ModifiedBy],[ModifiedOn])
VALUES('IN07042800040002.1','I00000000029','IN07042800040002','',777,0.0000,'',0.00,'cashier1','28/4/2007 4:13:16 AM','cashier1','28/4/2007 4:13:16 AM')
INSERT INTO [InventoryDet] ([InventoryDetRefNo],[ItemNo],[InventoryHdrRefNo],[ExpiryDate],[Quantity],[CostOfGoods],[Remark],[Discount],[CreatedBy],[CreatedOn],[ModifiedBy],[ModifiedOn])
VALUES('IN07042800040003.1','I00000000002','IN07042800040003','',8000,0.0000,'',0.00,'cashier1','28/4/2007 4:16:28 AM','cashier1','28/4/2007 4:16:28 AM')
INSERT INTO [InventoryDet] ([InventoryDetRefNo],[ItemNo],[InventoryHdrRefNo],[ExpiryDate],[Quantity],[CostOfGoods],[Remark],[Discount],[CreatedBy],[CreatedOn],[ModifiedBy],[ModifiedOn])
VALUES('IN07042800040004.1','I00000000001','IN07042800040004','',800,0.0000,'',0.00,'cashier1','28/4/2007 4:16:43 AM','cashier1','28/4/2007 4:16:43 AM')
INSERT INTO [InventoryDet] ([InventoryDetRefNo],[ItemNo],[InventoryHdrRefNo],[ExpiryDate],[Quantity],[CostOfGoods],[Remark],[Discount],[CreatedBy],[CreatedOn],[ModifiedBy],[ModifiedOn])
VALUES('IN07042800040005.1','I00000000008','IN07042800040005','',1,0.0000,'',0.00,'cashier1','28/4/2007 4:16:56 AM','cashier1','28/4/2007 4:16:56 AM')
INSERT INTO [InventoryDet] ([InventoryDetRefNo],[ItemNo],[InventoryHdrRefNo],[ExpiryDate],[Quantity],[CostOfGoods],[Remark],[Discount],[CreatedBy],[CreatedOn],[ModifiedBy],[ModifiedOn])
VALUES('IN07042800040006.1','I00000000009','IN07042800040006','',1,0.0000,'',0.00,'cashier1','28/4/2007 4:17:10 AM','cashier1','28/4/2007 4:17:10 AM')
INSERT INTO [InventoryDet] ([InventoryDetRefNo],[ItemNo],[InventoryHdrRefNo],[ExpiryDate],[Quantity],[CostOfGoods],[Remark],[Discount],[CreatedBy],[CreatedOn],[ModifiedBy],[ModifiedOn])
VALUES('IN07042800040007.1','I00000000001','IN07042800040007','',-3,0.0000,'',0.00,'cashier1','28/4/2007 10:50:20 PM','cashier1','28/4/2007 10:50:20 PM')
INSERT INTO [InventoryDet] ([InventoryDetRefNo],[ItemNo],[InventoryHdrRefNo],[ExpiryDate],[Quantity],[CostOfGoods],[Remark],[Discount],[CreatedBy],[CreatedOn],[ModifiedBy],[ModifiedOn])
VALUES('IN07042800040007.2','I00000000002','IN07042800040007','',-3,0.0000,'',0.00,'cashier1','28/4/2007 10:50:20 PM','cashier1','28/4/2007 10:50:20 PM')
INSERT INTO [InventoryDet] ([InventoryDetRefNo],[ItemNo],[InventoryHdrRefNo],[ExpiryDate],[Quantity],[CostOfGoods],[Remark],[Discount],[CreatedBy],[CreatedOn],[ModifiedBy],[ModifiedOn])
VALUES('IN07042800040008.1','I00000000001','IN07042800040008','',-7000,0.0000,'',0.00,'cashier1','28/4/2007 10:50:38 PM','cashier1','28/4/2007 10:50:38 PM')
INSERT INTO [InventoryDet] ([InventoryDetRefNo],[ItemNo],[InventoryHdrRefNo],[ExpiryDate],[Quantity],[CostOfGoods],[Remark],[Discount],[CreatedBy],[CreatedOn],[ModifiedBy],[ModifiedOn])
VALUES('IN07042800040009.1','I00000000001','IN07042800040009','',-12000,0.0000,'',0.00,'cashier1','28/4/2007 10:50:54 PM','cashier1','28/4/2007 10:50:54 PM')
INSERT INTO [InventoryDet] ([InventoryDetRefNo],[ItemNo],[InventoryHdrRefNo],[ExpiryDate],[Quantity],[CostOfGoods],[Remark],[Discount],[CreatedBy],[CreatedOn],[ModifiedBy],[ModifiedOn])
VALUES('IN07042800040010.1','I00000000001','IN07042800040010','',10000,0.0000,'',0.00,'cashier1','28/4/2007 10:54:23 PM','cashier1','28/4/2007 10:54:23 PM')
INSERT INTO [InventoryDet] ([InventoryDetRefNo],[ItemNo],[InventoryHdrRefNo],[ExpiryDate],[Quantity],[CostOfGoods],[Remark],[Discount],[CreatedBy],[CreatedOn],[ModifiedBy],[ModifiedOn])
VALUES('IN07042800040011.1','I00000000002','IN07042800040011','',1,0.0000,'',0.00,'cashier1','28/4/2007 11:26:26 PM','cashier1','28/4/2007 11:26:26 PM')
INSERT INTO [InventoryDet] ([InventoryDetRefNo],[ItemNo],[InventoryHdrRefNo],[ExpiryDate],[Quantity],[CostOfGoods],[Remark],[Discount],[CreatedBy],[CreatedOn],[ModifiedBy],[ModifiedOn])
VALUES('IN07042800040012.1','I00000000012','IN07042800040012','',70000,0.0000,'',0.00,'cashier1','28/4/2007 11:31:09 PM','cashier1','29/4/2007 11:42:02 PM')
INSERT INTO [InventoryDet] ([InventoryDetRefNo],[ItemNo],[InventoryHdrRefNo],[ExpiryDate],[Quantity],[CostOfGoods],[Remark],[Discount],[CreatedBy],[CreatedOn],[ModifiedBy],[ModifiedOn])
VALUES('IN07042800040012.2','I00000000013','IN07042800040012','',50000,0.0000,'',0.00,'cashier1','28/4/2007 11:31:09 PM','cashier1','28/4/2007 11:31:09 PM')
INSERT INTO [InventoryDet] ([InventoryDetRefNo],[ItemNo],[InventoryHdrRefNo],[ExpiryDate],[Quantity],[CostOfGoods],[Remark],[Discount],[CreatedBy],[CreatedOn],[ModifiedBy],[ModifiedOn])
VALUES('IN07042800040013.1','I00000000012','IN07042800040013','',-6000,0.0000,'',0.00,'cashier1','28/4/2007 11:31:36 PM','cashier1','28/4/2007 11:31:36 PM')
INSERT INTO [InventoryDet] ([InventoryDetRefNo],[ItemNo],[InventoryHdrRefNo],[ExpiryDate],[Quantity],[CostOfGoods],[Remark],[Discount],[CreatedBy],[CreatedOn],[ModifiedBy],[ModifiedOn])
VALUES('IN07042800040013.2','I00000000013','IN07042800040013','',-7000,0.0000,'',0.00,'cashier1','28/4/2007 11:31:36 PM','cashier1','28/4/2007 11:31:36 PM')
INSERT INTO [InventoryDet] ([InventoryDetRefNo],[ItemNo],[InventoryHdrRefNo],[ExpiryDate],[Quantity],[CostOfGoods],[Remark],[Discount],[CreatedBy],[CreatedOn],[ModifiedBy],[ModifiedOn])
VALUES('IN07042800040014.1','I00000000002','IN07042800040014','',8000,0.0000,'',0.00,'cashier1','28/4/2007 8:51:56 PM','cashier1','28/4/2007 8:51:56 PM')
INSERT INTO [InventoryDet] ([InventoryDetRefNo],[ItemNo],[InventoryHdrRefNo],[ExpiryDate],[Quantity],[CostOfGoods],[Remark],[Discount],[CreatedBy],[CreatedOn],[ModifiedBy],[ModifiedOn])
VALUES('IN07042800040014.2','I00000000004','IN07042800040014','',8000,0.0000,'',0.00,'cashier1','28/4/2007 8:51:56 PM','cashier1','28/4/2007 8:51:56 PM')
INSERT INTO [InventoryDet] ([InventoryDetRefNo],[ItemNo],[InventoryHdrRefNo],[ExpiryDate],[Quantity],[CostOfGoods],[Remark],[Discount],[CreatedBy],[CreatedOn],[ModifiedBy],[ModifiedOn])
VALUES('IN07042800040014.3','I00000000005','IN07042800040014','',8000,0.0000,'',0.00,'cashier1','28/4/2007 8:51:56 PM','cashier1','28/4/2007 8:51:56 PM')
INSERT INTO [InventoryDet] ([InventoryDetRefNo],[ItemNo],[InventoryHdrRefNo],[ExpiryDate],[Quantity],[CostOfGoods],[Remark],[Discount],[CreatedBy],[CreatedOn],[ModifiedBy],[ModifiedOn])
VALUES('IN07042800040015.1','I00000000005','IN07042800040015','',8500,0.0000,'asdadsa',0.00,'cashier1','28/4/2007 8:56:09 PM','cashier1','28/4/2007 8:56:09 PM')
INSERT INTO [InventoryDet] ([InventoryDetRefNo],[ItemNo],[InventoryHdrRefNo],[ExpiryDate],[Quantity],[CostOfGoods],[Remark],[Discount],[CreatedBy],[CreatedOn],[ModifiedBy],[ModifiedOn])
VALUES('IN07042800040015.2','I00000000006','IN07042800040015','',7500,0.0000,'',0.00,'cashier1','28/4/2007 8:56:09 PM','cashier1','28/4/2007 8:56:09 PM')
INSERT INTO [InventoryDet] ([InventoryDetRefNo],[ItemNo],[InventoryHdrRefNo],[ExpiryDate],[Quantity],[CostOfGoods],[Remark],[Discount],[CreatedBy],[CreatedOn],[ModifiedBy],[ModifiedOn])
VALUES('IN07042800040015.3','I00000000007','IN07042800040015','',9000,0.0000,'',0.00,'cashier1','28/4/2007 8:56:09 PM','cashier1','28/4/2007 8:56:09 PM')
INSERT INTO [InventoryDet] ([InventoryDetRefNo],[ItemNo],[InventoryHdrRefNo],[ExpiryDate],[Quantity],[CostOfGoods],[Remark],[Discount],[CreatedBy],[CreatedOn],[ModifiedBy],[ModifiedOn])
VALUES('IN07042800040015.4','I00000000008','IN07042800040015','',7500,0.0000,'',0.00,'cashier1','28/4/2007 8:56:09 PM','cashier1','28/4/2007 8:56:09 PM')
INSERT INTO [InventoryDet] ([InventoryDetRefNo],[ItemNo],[InventoryHdrRefNo],[ExpiryDate],[Quantity],[CostOfGoods],[Remark],[Discount],[CreatedBy],[CreatedOn],[ModifiedBy],[ModifiedOn])
VALUES('IN07043000040001.1','I00000000006','IN07043000040001','',7000,0.0000,'',0.00,'cashier1','30/4/2007 12:04:03 AM','cashier1','30/4/2007 12:04:03 AM')
INSERT INTO [InventoryDet] ([InventoryDetRefNo],[ItemNo],[InventoryHdrRefNo],[ExpiryDate],[Quantity],[CostOfGoods],[Remark],[Discount],[CreatedBy],[CreatedOn],[ModifiedBy],[ModifiedOn])
VALUES('IN07043000040001.3','I00000000002','IN07043000040001','',6000,0.0000,'',0.00,'cashier1','30/4/2007 10:26:47 AM','cashier1','30/4/2007 10:26:47 AM')
INSERT INTO [InventoryDet] ([InventoryDetRefNo],[ItemNo],[InventoryHdrRefNo],[ExpiryDate],[Quantity],[CostOfGoods],[Remark],[Discount],[CreatedBy],[CreatedOn],[ModifiedBy],[ModifiedOn])
VALUES('IN07043000040001.4','I00000000003','IN07043000040001','',6000,0.0000,'',0.00,'cashier1','30/4/2007 10:26:47 AM','cashier1','30/4/2007 10:26:47 AM')
INSERT INTO [InventoryDet] ([InventoryDetRefNo],[ItemNo],[InventoryHdrRefNo],[ExpiryDate],[Quantity],[CostOfGoods],[Remark],[Discount],[CreatedBy],[CreatedOn],[ModifiedBy],[ModifiedOn])
VALUES('IN07043000040001.6','I00000000003','IN07043000040001','',7000,0.0000,'Halo',0.00,'cashier1','30/4/2007 10:49:42 AM','cashier1','30/4/2007 10:50:16 AM')
INSERT INTO [InventoryDet] ([InventoryDetRefNo],[ItemNo],[InventoryHdrRefNo],[ExpiryDate],[Quantity],[CostOfGoods],[Remark],[Discount],[CreatedBy],[CreatedOn],[ModifiedBy],[ModifiedOn])
VALUES('IN07043000040002.1','I00000000006','IN07043000040002','',8000,0.0000,'',0.00,'cashier1','30/4/2007 12:04:31 AM','cashier1','30/4/2007 12:05:42 AM')
INSERT INTO [InventoryDet] ([InventoryDetRefNo],[ItemNo],[InventoryHdrRefNo],[ExpiryDate],[Quantity],[CostOfGoods],[Remark],[Discount],[CreatedBy],[CreatedOn],[ModifiedBy],[ModifiedOn])
VALUES('IN07043000040003.1','I00000000001','IN07043000040003','',1,0.0000,'',0.00,'cashier1','30/4/2007 12:07:55 AM','cashier1','30/4/2007 12:21:01 AM')
INSERT INTO [InventoryDet] ([InventoryDetRefNo],[ItemNo],[InventoryHdrRefNo],[ExpiryDate],[Quantity],[CostOfGoods],[Remark],[Discount],[CreatedBy],[CreatedOn],[ModifiedBy],[ModifiedOn])
VALUES('IN07043000040004.1','I00000000008','IN07043000040004','',9000,0.0000,'',0.00,'cashier1','30/4/2007 10:54:54 AM','cashier1','30/4/2007 10:54:54 AM')
INSERT INTO [InventoryDet] ([InventoryDetRefNo],[ItemNo],[InventoryHdrRefNo],[ExpiryDate],[Quantity],[CostOfGoods],[Remark],[Discount],[CreatedBy],[CreatedOn],[ModifiedBy],[ModifiedOn])
VALUES('IN07043000040004.3','I00000000011','IN07043000040004','',8000,0.0000,'',0.00,'cashier1','30/4/2007 10:54:54 AM','cashier1','30/4/2007 10:54:54 AM')
INSERT INTO [InventoryDet] ([InventoryDetRefNo],[ItemNo],[InventoryHdrRefNo],[ExpiryDate],[Quantity],[CostOfGoods],[Remark],[Discount],[CreatedBy],[CreatedOn],[ModifiedBy],[ModifiedOn])
VALUES('IN07043000040004.4','I00000000017','IN07043000040004','',5000,0.0000,'',0.00,'cashier1','30/4/2007 10:54:54 AM','cashier1','30/4/2007 10:54:54 AM')
INSERT INTO [InventoryDet] ([InventoryDetRefNo],[ItemNo],[InventoryHdrRefNo],[ExpiryDate],[Quantity],[CostOfGoods],[Remark],[Discount],[CreatedBy],[CreatedOn],[ModifiedBy],[ModifiedOn])
VALUES('IN07043000040004.5','I00000000018','IN07043000040004','',10000,0.0000,'',0.00,'cashier1','30/4/2007 10:54:54 AM','cashier1','30/4/2007 10:54:54 AM')
INSERT INTO [InventoryDet] ([InventoryDetRefNo],[ItemNo],[InventoryHdrRefNo],[ExpiryDate],[Quantity],[CostOfGoods],[Remark],[Discount],[CreatedBy],[CreatedOn],[ModifiedBy],[ModifiedOn])
VALUES('IN07043000040005.1','I00000000003','IN07043000040005','',-9000,0.0000,'',0.00,'cashier1','30/4/2007 10:58:09 AM','cashier1','30/4/2007 10:58:09 AM')
INSERT INTO [InventoryDet] ([InventoryDetRefNo],[ItemNo],[InventoryHdrRefNo],[ExpiryDate],[Quantity],[CostOfGoods],[Remark],[Discount],[CreatedBy],[CreatedOn],[ModifiedBy],[ModifiedOn])
VALUES('IN07043000040005.3','I00000000011','IN07043000040005','',-4000,0.0000,'',0.00,'cashier1','30/4/2007 10:58:09 AM','cashier1','30/4/2007 10:58:09 AM')
INSERT INTO [InventoryDet] ([InventoryDetRefNo],[ItemNo],[InventoryHdrRefNo],[ExpiryDate],[Quantity],[CostOfGoods],[Remark],[Discount],[CreatedBy],[CreatedOn],[ModifiedBy],[ModifiedOn])
VALUES('IN07043000040005.4','I00000000014','IN07043000040005','',-9000,0.0000,'',0.00,'cashier1','30/4/2007 10:58:09 AM','cashier1','30/4/2007 10:58:09 AM')
INSERT INTO [InventoryDet] ([InventoryDetRefNo],[ItemNo],[InventoryHdrRefNo],[ExpiryDate],[Quantity],[CostOfGoods],[Remark],[Discount],[CreatedBy],[CreatedOn],[ModifiedBy],[ModifiedOn])
VALUES('IN07043000040005.5','I00000000010','IN07043000040005','',-9000,0.0000,'',0.00,'cashier1','30/4/2007 10:58:09 AM','cashier1','30/4/2007 10:58:09 AM')
INSERT INTO [InventoryDet] ([InventoryDetRefNo],[ItemNo],[InventoryHdrRefNo],[ExpiryDate],[Quantity],[CostOfGoods],[Remark],[Discount],[CreatedBy],[CreatedOn],[ModifiedBy],[ModifiedOn])
VALUES('IN07043000040005.6','I00000000011','IN07043000040005','',-5000,0.0000,'',0.00,'cashier1','30/4/2007 10:58:09 AM','cashier1','30/4/2007 10:58:09 AM')
INSERT INTO [InventoryDet] ([InventoryDetRefNo],[ItemNo],[InventoryHdrRefNo],[ExpiryDate],[Quantity],[CostOfGoods],[Remark],[Discount],[CreatedBy],[CreatedOn],[ModifiedBy],[ModifiedOn])
VALUES('IN07050100020001.1','I00000000005','IN07050100020001','',6000,0.0000,'',0.00,'cashier1','1/5/2007 2:16:02 AM','cashier1','1/5/2007 2:16:02 AM')
INSERT INTO [InventoryDet] ([InventoryDetRefNo],[ItemNo],[InventoryHdrRefNo],[ExpiryDate],[Quantity],[CostOfGoods],[Remark],[Discount],[CreatedBy],[CreatedOn],[ModifiedBy],[ModifiedOn])
VALUES('IN07050100020001.2','I00000000004','IN07050100020001','',6000,0.0000,'',0.00,'cashier1','1/5/2007 2:16:02 AM','cashier1','1/5/2007 2:16:02 AM')
INSERT INTO [InventoryDet] ([InventoryDetRefNo],[ItemNo],[InventoryHdrRefNo],[ExpiryDate],[Quantity],[CostOfGoods],[Remark],[Discount],[CreatedBy],[CreatedOn],[ModifiedBy],[ModifiedOn])
VALUES('IN07050100020002.1','I00000000006','IN07050100020002','',-9000,0.0000,'',0.00,'cashier1','1/5/2007 2:16:17 AM','cashier1','1/5/2007 2:16:17 AM')
INSERT INTO [InventoryDet] ([InventoryDetRefNo],[ItemNo],[InventoryHdrRefNo],[ExpiryDate],[Quantity],[CostOfGoods],[Remark],[Discount],[CreatedBy],[CreatedOn],[ModifiedBy],[ModifiedOn])
VALUES('IN07050100020003.1','I00000000001','IN07050100020003','',5000,0.0000,'',0.00,'cashier1','1/5/2007 11:00:33 AM','cashier1','1/5/2007 11:00:33 AM')
INSERT INTO [InventoryDet] ([InventoryDetRefNo],[ItemNo],[InventoryHdrRefNo],[ExpiryDate],[Quantity],[CostOfGoods],[Remark],[Discount],[CreatedBy],[CreatedOn],[ModifiedBy],[ModifiedOn])
VALUES('IN07050100020003.2','I00000000002','IN07050100020003','',5000,0.0000,'',0.00,'cashier1','1/5/2007 11:00:33 AM','cashier1','1/5/2007 11:00:33 AM')
INSERT INTO [InventoryDet] ([InventoryDetRefNo],[ItemNo],[InventoryHdrRefNo],[ExpiryDate],[Quantity],[CostOfGoods],[Remark],[Discount],[CreatedBy],[CreatedOn],[ModifiedBy],[ModifiedOn])
VALUES('IN07050100020004.0','I00000000016','IN07050100020004','',-20,,'',,'cashier1','1/5/2007 11:02:30 AM','cashier1','1/5/2007 11:02:30 AM')
INSERT INTO [InventoryDet] ([InventoryDetRefNo],[ItemNo],[InventoryHdrRefNo],[ExpiryDate],[Quantity],[CostOfGoods],[Remark],[Discount],[CreatedBy],[CreatedOn],[ModifiedBy],[ModifiedOn])
VALUES('IN07050100020004.1','I00000000017','IN07050100020004','',-20,,'',,'cashier1','1/5/2007 11:02:30 AM','cashier1','1/5/2007 11:02:30 AM')
INSERT INTO [InventoryDet] ([InventoryDetRefNo],[ItemNo],[InventoryHdrRefNo],[ExpiryDate],[Quantity],[CostOfGoods],[Remark],[Discount],[CreatedBy],[CreatedOn],[ModifiedBy],[ModifiedOn])
VALUES('IN07050100020005.0','I00000000016','IN07050100020005','',-50,,'',,'cashier1','1/5/2007 11:06:12 AM','cashier1','1/5/2007 11:06:12 AM')
INSERT INTO [InventoryDet] ([InventoryDetRefNo],[ItemNo],[InventoryHdrRefNo],[ExpiryDate],[Quantity],[CostOfGoods],[Remark],[Discount],[CreatedBy],[CreatedOn],[ModifiedBy],[ModifiedOn])
VALUES('IN07050100020005.1','I00000000017','IN07050100020005','',-50,,'',,'cashier1','1/5/2007 11:06:12 AM','cashier1','1/5/2007 11:06:12 AM')
INSERT INTO [InventoryDet] ([InventoryDetRefNo],[ItemNo],[InventoryHdrRefNo],[ExpiryDate],[Quantity],[CostOfGoods],[Remark],[Discount],[CreatedBy],[CreatedOn],[ModifiedBy],[ModifiedOn])
VALUES('IN07050100020006.0','I00000000012','IN07050100020006','',-10000,,'',,'cashier1','1/5/2007 11:07:16 AM','cashier1','1/5/2007 11:07:16 AM')
INSERT INTO [InventoryDet] ([InventoryDetRefNo],[ItemNo],[InventoryHdrRefNo],[ExpiryDate],[Quantity],[CostOfGoods],[Remark],[Discount],[CreatedBy],[CreatedOn],[ModifiedBy],[ModifiedOn])
VALUES('IN07050100020007.0','I00000000012','IN07050100020007','',-50,,'',,'cashier1','1/5/2007 11:08:29 AM','cashier1','1/5/2007 11:08:29 AM')
INSERT INTO [InventoryDet] ([InventoryDetRefNo],[ItemNo],[InventoryHdrRefNo],[ExpiryDate],[Quantity],[CostOfGoods],[Remark],[Discount],[CreatedBy],[CreatedOn],[ModifiedBy],[ModifiedOn])
VALUES('IN07050200020002.0','I00000000005','IN07050200020002','',2,,'',,'SYSTEM','2/5/2007 3:42:01 PM','SYSTEM','2/5/2007 3:42:01 PM')
INSERT INTO [InventoryDet] ([InventoryDetRefNo],[ItemNo],[InventoryHdrRefNo],[ExpiryDate],[Quantity],[CostOfGoods],[Remark],[Discount],[CreatedBy],[CreatedOn],[ModifiedBy],[ModifiedOn])
VALUES('IN07050200020002.1','I00000000004','IN07050200020002','',10,,'',,'SYSTEM','2/5/2007 3:42:01 PM','SYSTEM','2/5/2007 3:42:01 PM')
INSERT INTO [InventoryDet] ([InventoryDetRefNo],[ItemNo],[InventoryHdrRefNo],[ExpiryDate],[Quantity],[CostOfGoods],[Remark],[Discount],[CreatedBy],[CreatedOn],[ModifiedBy],[ModifiedOn])
VALUES('IN07050200020002.2','I00000000001','IN07050200020002','',20600,,'',,'SYSTEM','2/5/2007 3:42:01 PM','SYSTEM','2/5/2007 3:42:01 PM')
INSERT INTO [InventoryDet] ([InventoryDetRefNo],[ItemNo],[InventoryHdrRefNo],[ExpiryDate],[Quantity],[CostOfGoods],[Remark],[Discount],[CreatedBy],[CreatedOn],[ModifiedBy],[ModifiedOn])
VALUES('IN07050200020002.3','I00000000006','IN07050200020002','',4000,,'',,'SYSTEM','2/5/2007 3:42:01 PM','SYSTEM','2/5/2007 3:42:01 PM')
INSERT INTO [InventoryDet] ([InventoryDetRefNo],[ItemNo],[InventoryHdrRefNo],[ExpiryDate],[Quantity],[CostOfGoods],[Remark],[Discount],[CreatedBy],[CreatedOn],[ModifiedBy],[ModifiedOn])
VALUES('IN07050200020002.4','I00000000002','IN07050200020002','',10002,,'',,'SYSTEM','2/5/2007 3:42:01 PM','SYSTEM','2/5/2007 3:42:01 PM')
INSERT INTO [InventoryDet] ([InventoryDetRefNo],[ItemNo],[InventoryHdrRefNo],[ExpiryDate],[Quantity],[CostOfGoods],[Remark],[Discount],[CreatedBy],[CreatedOn],[ModifiedBy],[ModifiedOn])
VALUES('IN07050200020002.5','I00000000016','IN07050200020002','',10000,,'',,'SYSTEM','2/5/2007 3:42:01 PM','SYSTEM','2/5/2007 3:42:01 PM')
INSERT INTO [InventoryDet] ([InventoryDetRefNo],[ItemNo],[InventoryHdrRefNo],[ExpiryDate],[Quantity],[CostOfGoods],[Remark],[Discount],[CreatedBy],[CreatedOn],[ModifiedBy],[ModifiedOn])
VALUES('IN07050200020002.6','I00000000019','IN07050200020002','',10000,,'',,'SYSTEM','2/5/2007 3:42:01 PM','SYSTEM','2/5/2007 3:42:01 PM')
INSERT INTO [InventoryDet] ([InventoryDetRefNo],[ItemNo],[InventoryHdrRefNo],[ExpiryDate],[Quantity],[CostOfGoods],[Remark],[Discount],[CreatedBy],[CreatedOn],[ModifiedBy],[ModifiedOn])
VALUES('IN07050200020003.0','I00000000005','IN07050200020003','',3,,'',,'SYSTEM','2/5/2007 3:58:19 PM','SYSTEM','2/5/2007 3:58:19 PM')
INSERT INTO [InventoryDet] ([InventoryDetRefNo],[ItemNo],[InventoryHdrRefNo],[ExpiryDate],[Quantity],[CostOfGoods],[Remark],[Discount],[CreatedBy],[CreatedOn],[ModifiedBy],[ModifiedOn])
VALUES('IN07050200020003.1','I00000000004','IN07050200020003','',15,,'',,'SYSTEM','2/5/2007 3:58:19 PM','SYSTEM','2/5/2007 3:58:19 PM')
INSERT INTO [InventoryDet] ([InventoryDetRefNo],[ItemNo],[InventoryHdrRefNo],[ExpiryDate],[Quantity],[CostOfGoods],[Remark],[Discount],[CreatedBy],[CreatedOn],[ModifiedBy],[ModifiedOn])
VALUES('IN07050200020003.2','I00000000001','IN07050200020003','',30900,,'',,'SYSTEM','2/5/2007 3:58:19 PM','SYSTEM','2/5/2007 3:58:19 PM')
INSERT INTO [InventoryDet] ([InventoryDetRefNo],[ItemNo],[InventoryHdrRefNo],[ExpiryDate],[Quantity],[CostOfGoods],[Remark],[Discount],[CreatedBy],[CreatedOn],[ModifiedBy],[ModifiedOn])
VALUES('IN07050200020003.3','I00000000006','IN07050200020003','',6000,,'',,'SYSTEM','2/5/2007 3:58:19 PM','SYSTEM','2/5/2007 3:58:19 PM')
INSERT INTO [InventoryDet] ([InventoryDetRefNo],[ItemNo],[InventoryHdrRefNo],[ExpiryDate],[Quantity],[CostOfGoods],[Remark],[Discount],[CreatedBy],[CreatedOn],[ModifiedBy],[ModifiedOn])
VALUES('IN07050200020003.4','I00000000002','IN07050200020003','',15003,,'',,'SYSTEM','2/5/2007 3:58:19 PM','SYSTEM','2/5/2007 3:58:19 PM')
INSERT INTO [InventoryDet] ([InventoryDetRefNo],[ItemNo],[InventoryHdrRefNo],[ExpiryDate],[Quantity],[CostOfGoods],[Remark],[Discount],[CreatedBy],[CreatedOn],[ModifiedBy],[ModifiedOn])
VALUES('IN07050200020003.5','I00000000016','IN07050200020003','',15000,,'',,'SYSTEM','2/5/2007 3:58:19 PM','SYSTEM','2/5/2007 3:58:19 PM')
INSERT INTO [InventoryDet] ([InventoryDetRefNo],[ItemNo],[InventoryHdrRefNo],[ExpiryDate],[Quantity],[CostOfGoods],[Remark],[Discount],[CreatedBy],[CreatedOn],[ModifiedBy],[ModifiedOn])
VALUES('IN07050200020003.6','I00000000019','IN07050200020003','',15000,,'',,'SYSTEM','2/5/2007 3:58:19 PM','SYSTEM','2/5/2007 3:58:19 PM')
INSERT INTO [InventoryDet] ([InventoryDetRefNo],[ItemNo],[InventoryHdrRefNo],[ExpiryDate],[Quantity],[CostOfGoods],[Remark],[Discount],[CreatedBy],[CreatedOn],[ModifiedBy],[ModifiedOn])
VALUES('IN07050400020001.1','I00000000015','IN07050400020001','',-1,,'',,'cashier1','4/5/2007 12:36:35 PM','cashier1','4/5/2007 12:36:35 PM')
INSERT INTO [InventoryDet] ([InventoryDetRefNo],[ItemNo],[InventoryHdrRefNo],[ExpiryDate],[Quantity],[CostOfGoods],[Remark],[Discount],[CreatedBy],[CreatedOn],[ModifiedBy],[ModifiedOn])
VALUES('IN07050400020002.1','I00000000016','IN07050400020002','',-1,,'',,'cashier1','4/5/2007 1:02:16 PM','cashier1','4/5/2007 1:02:16 PM')
INSERT INTO [InventoryDet] ([InventoryDetRefNo],[ItemNo],[InventoryHdrRefNo],[ExpiryDate],[Quantity],[CostOfGoods],[Remark],[Discount],[CreatedBy],[CreatedOn],[ModifiedBy],[ModifiedOn])
VALUES('IN07050400020003.1','I00000000014','IN07050400020003','',-30,,'',,'cashier1','4/5/2007 5:33:35 PM','cashier1','4/5/2007 5:33:35 PM')
INSERT INTO [InventoryDet] ([InventoryDetRefNo],[ItemNo],[InventoryHdrRefNo],[ExpiryDate],[Quantity],[CostOfGoods],[Remark],[Discount],[CreatedBy],[CreatedOn],[ModifiedBy],[ModifiedOn])
VALUES('IN07050400020003.2','I00000000002','IN07050400020003','',-45,,'',,'cashier1','4/5/2007 5:33:35 PM','cashier1','4/5/2007 5:33:35 PM')
INSERT INTO [InventoryDet] ([InventoryDetRefNo],[ItemNo],[InventoryHdrRefNo],[ExpiryDate],[Quantity],[CostOfGoods],[Remark],[Discount],[CreatedBy],[CreatedOn],[ModifiedBy],[ModifiedOn])
VALUES('IN07050400020004.1','I00000000014','IN07050400020004','',-1,,'',,'admin','4/5/2007 11:41:55 PM','admin','4/5/2007 11:41:55 PM')
INSERT INTO [InventoryDet] ([InventoryDetRefNo],[ItemNo],[InventoryHdrRefNo],[ExpiryDate],[Quantity],[CostOfGoods],[Remark],[Discount],[CreatedBy],[CreatedOn],[ModifiedBy],[ModifiedOn])
VALUES('IN07050400020004.2','I00000000015','IN07050400020004','',-1,,'',,'admin','4/5/2007 11:41:55 PM','admin','4/5/2007 11:41:55 PM')
INSERT INTO [InventoryDet] ([InventoryDetRefNo],[ItemNo],[InventoryHdrRefNo],[ExpiryDate],[Quantity],[CostOfGoods],[Remark],[Discount],[CreatedBy],[CreatedOn],[ModifiedBy],[ModifiedOn])
VALUES('IN07050400020004.3','I00000000017','IN07050400020004','',-1,,'',,'admin','4/5/2007 11:41:55 PM','admin','4/5/2007 11:41:55 PM')
INSERT INTO [InventoryDet] ([InventoryDetRefNo],[ItemNo],[InventoryHdrRefNo],[ExpiryDate],[Quantity],[CostOfGoods],[Remark],[Discount],[CreatedBy],[CreatedOn],[ModifiedBy],[ModifiedOn])
VALUES('IN07050400020004.4','I00000000018','IN07050400020004','',-1,,'',,'admin','4/5/2007 11:41:55 PM','admin','4/5/2007 11:41:55 PM')
INSERT INTO [InventoryDet] ([InventoryDetRefNo],[ItemNo],[InventoryHdrRefNo],[ExpiryDate],[Quantity],[CostOfGoods],[Remark],[Discount],[CreatedBy],[CreatedOn],[ModifiedBy],[ModifiedOn])
VALUES('IN07050400020004.5','I00000000022','IN07050400020004','',-1,,'',,'admin','4/5/2007 11:41:55 PM','admin','4/5/2007 11:41:55 PM')
INSERT INTO [InventoryDet] ([InventoryDetRefNo],[ItemNo],[InventoryHdrRefNo],[ExpiryDate],[Quantity],[CostOfGoods],[Remark],[Discount],[CreatedBy],[CreatedOn],[ModifiedBy],[ModifiedOn])
VALUES('IN07050500020001.1','I00000000001','IN07050500020001','',-6,,'',,'admin','5/5/2007 11:51:45 AM','admin','5/5/2007 11:51:45 AM')
INSERT INTO [InventoryDet] ([InventoryDetRefNo],[ItemNo],[InventoryHdrRefNo],[ExpiryDate],[Quantity],[CostOfGoods],[Remark],[Discount],[CreatedBy],[CreatedOn],[ModifiedBy],[ModifiedOn])
VALUES('IN07050500020001.2','I00000000003','IN07050500020001','',-3,,'',,'admin','5/5/2007 11:51:45 AM','admin','5/5/2007 11:51:45 AM')
INSERT INTO [InventoryDet] ([InventoryDetRefNo],[ItemNo],[InventoryHdrRefNo],[ExpiryDate],[Quantity],[CostOfGoods],[Remark],[Discount],[CreatedBy],[CreatedOn],[ModifiedBy],[ModifiedOn])
VALUES('IN07050500020001.3','I00000000002','IN07050500020001','',-4,,'',,'admin','5/5/2007 11:51:45 AM','admin','5/5/2007 11:51:45 AM')
INSERT INTO [InventoryDet] ([InventoryDetRefNo],[ItemNo],[InventoryHdrRefNo],[ExpiryDate],[Quantity],[CostOfGoods],[Remark],[Discount],[CreatedBy],[CreatedOn],[ModifiedBy],[ModifiedOn])
VALUES('IN07050600020001.1','I00000000001','IN07050600020001','',-2,,'',,'admin','6/5/2007 6:27:28 PM','admin','6/5/2007 6:27:28 PM')
INSERT INTO [InventoryDet] ([InventoryDetRefNo],[ItemNo],[InventoryHdrRefNo],[ExpiryDate],[Quantity],[CostOfGoods],[Remark],[Discount],[CreatedBy],[CreatedOn],[ModifiedBy],[ModifiedOn])
VALUES('IN07050600020001.2','I00000000002','IN07050600020001','',-5,,'',,'admin','6/5/2007 6:27:28 PM','admin','6/5/2007 6:27:28 PM')
INSERT INTO [InventoryDet] ([InventoryDetRefNo],[ItemNo],[InventoryHdrRefNo],[ExpiryDate],[Quantity],[CostOfGoods],[Remark],[Discount],[CreatedBy],[CreatedOn],[ModifiedBy],[ModifiedOn])
VALUES('IN07050600020002.1','I00000000021','IN07050600020002','',-5,,'',,'admin','6/5/2007 8:24:53 PM','admin','6/5/2007 8:24:53 PM')
INSERT INTO [InventoryDet] ([InventoryDetRefNo],[ItemNo],[InventoryHdrRefNo],[ExpiryDate],[Quantity],[CostOfGoods],[Remark],[Discount],[CreatedBy],[CreatedOn],[ModifiedBy],[ModifiedOn])
VALUES('IN07050600020002.2','I00000000023','IN07050600020002','',-1,,'',,'admin','6/5/2007 8:24:53 PM','admin','6/5/2007 8:24:53 PM')
INSERT INTO [InventoryDet] ([InventoryDetRefNo],[ItemNo],[InventoryHdrRefNo],[ExpiryDate],[Quantity],[CostOfGoods],[Remark],[Discount],[CreatedBy],[CreatedOn],[ModifiedBy],[ModifiedOn])
VALUES('IN07050600020002.3','I00000000020','IN07050600020002','',-1,,'',,'admin','6/5/2007 8:24:53 PM','admin','6/5/2007 8:24:53 PM')
INSERT INTO [InventoryDet] ([InventoryDetRefNo],[ItemNo],[InventoryHdrRefNo],[ExpiryDate],[Quantity],[CostOfGoods],[Remark],[Discount],[CreatedBy],[CreatedOn],[ModifiedBy],[ModifiedOn])
VALUES('IN07050600020002.4','I00000000019','IN07050600020002','',-1,,'',,'admin','6/5/2007 8:24:53 PM','admin','6/5/2007 8:24:53 PM')
INSERT INTO [InventoryDet] ([InventoryDetRefNo],[ItemNo],[InventoryHdrRefNo],[ExpiryDate],[Quantity],[CostOfGoods],[Remark],[Discount],[CreatedBy],[CreatedOn],[ModifiedBy],[ModifiedOn])
VALUES('IN07050600020002.5','I00000000018','IN07050600020002','',-1,,'',,'admin','6/5/2007 8:24:53 PM','admin','6/5/2007 8:24:53 PM')
INSERT INTO [InventoryDet] ([InventoryDetRefNo],[ItemNo],[InventoryHdrRefNo],[ExpiryDate],[Quantity],[CostOfGoods],[Remark],[Discount],[CreatedBy],[CreatedOn],[ModifiedBy],[ModifiedOn])
VALUES('IN07050600020003.1','I00000000029','IN07050600020003','',-1,,'',,'admin','6/5/2007 9:12:57 PM','admin','6/5/2007 9:12:57 PM')
INSERT INTO [InventoryDet] ([InventoryDetRefNo],[ItemNo],[InventoryHdrRefNo],[ExpiryDate],[Quantity],[CostOfGoods],[Remark],[Discount],[CreatedBy],[CreatedOn],[ModifiedBy],[ModifiedOn])
VALUES('IN07050600020004.1','I00000000012','IN07050600020004','',-1,,'',,'admin','6/5/2007 9:17:36 PM','admin','6/5/2007 9:17:36 PM')
INSERT INTO [InventoryDet] ([InventoryDetRefNo],[ItemNo],[InventoryHdrRefNo],[ExpiryDate],[Quantity],[CostOfGoods],[Remark],[Discount],[CreatedBy],[CreatedOn],[ModifiedBy],[ModifiedOn])
VALUES('IN07050600020004.2','I00000000014','IN07050600020004','',-1,,'',,'admin','6/5/2007 9:17:36 PM','admin','6/5/2007 9:17:36 PM')
INSERT INTO [InventoryDet] ([InventoryDetRefNo],[ItemNo],[InventoryHdrRefNo],[ExpiryDate],[Quantity],[CostOfGoods],[Remark],[Discount],[CreatedBy],[CreatedOn],[ModifiedBy],[ModifiedOn])
VALUES('IN07050600020004.3','I00000000016','IN07050600020004','',-1,,'',,'admin','6/5/2007 9:17:36 PM','admin','6/5/2007 9:17:36 PM')
INSERT INTO [InventoryDet] ([InventoryDetRefNo],[ItemNo],[InventoryHdrRefNo],[ExpiryDate],[Quantity],[CostOfGoods],[Remark],[Discount],[CreatedBy],[CreatedOn],[ModifiedBy],[ModifiedOn])
VALUES('IN07050600020004.4','I00000000017','IN07050600020004','',-1,,'',,'admin','6/5/2007 9:17:36 PM','admin','6/5/2007 9:17:36 PM')
INSERT INTO [InventoryDet] ([InventoryDetRefNo],[ItemNo],[InventoryHdrRefNo],[ExpiryDate],[Quantity],[CostOfGoods],[Remark],[Discount],[CreatedBy],[CreatedOn],[ModifiedBy],[ModifiedOn])
VALUES('TEST001.1','I00000000016','TEST001','',5000,,'',,'','','','')


PRINT 'Begin inserting data in InventoryHdr'
INSERT INTO [InventoryHdr] ([InventoryHdrRefNo],[InventoryDate],[UserName],[PurchaseOrderNo],[InvoiceNo],[DeliveryOrderNo],[Supplier],[Tax],[Discount],[Remark],[PointOfSaleId],[CreatedOn],[ModifiedOn],[CreatedBy],[ModifiedBy])
VALUES('IN07041600020001','16/4/2007 3:37:44 PM','','','','','',,,'',2,'16/4/2007 3:38:11 PM','16/4/2007 3:38:11 PM','cashier1','cashier1')
INSERT INTO [InventoryHdr] ([InventoryHdrRefNo],[InventoryDate],[UserName],[PurchaseOrderNo],[InvoiceNo],[DeliveryOrderNo],[Supplier],[Tax],[Discount],[Remark],[PointOfSaleId],[CreatedOn],[ModifiedOn],[CreatedBy],[ModifiedBy])
VALUES('IN07041600020002','16/4/2007 3:38:27 PM','','','','','',,,'',2,'16/4/2007 3:38:47 PM','16/4/2007 3:38:47 PM','cashier1','cashier1')
INSERT INTO [InventoryHdr] ([InventoryHdrRefNo],[InventoryDate],[UserName],[PurchaseOrderNo],[InvoiceNo],[DeliveryOrderNo],[Supplier],[Tax],[Discount],[Remark],[PointOfSaleId],[CreatedOn],[ModifiedOn],[CreatedBy],[ModifiedBy])
VALUES('IN07041600030001','16/4/2007 12:30:42 AM','','','','','',,,'',,'16/4/2007 12:30:49 AM','16/4/2007 12:30:49 AM','cashier1','cashier1')
INSERT INTO [InventoryHdr] ([InventoryHdrRefNo],[InventoryDate],[UserName],[PurchaseOrderNo],[InvoiceNo],[DeliveryOrderNo],[Supplier],[Tax],[Discount],[Remark],[PointOfSaleId],[CreatedOn],[ModifiedOn],[CreatedBy],[ModifiedBy])
VALUES('IN07041600030002','16/4/2007 1:00:09 AM','','','','','',,,'',3,'16/4/2007 1:00:32 AM','16/4/2007 1:00:32 AM','admin','admin')
INSERT INTO [InventoryHdr] ([InventoryHdrRefNo],[InventoryDate],[UserName],[PurchaseOrderNo],[InvoiceNo],[DeliveryOrderNo],[Supplier],[Tax],[Discount],[Remark],[PointOfSaleId],[CreatedOn],[ModifiedOn],[CreatedBy],[ModifiedBy])
VALUES('IN07041600030003','16/4/2007 3:49:07 AM','','','','','',,,'',3,'16/4/2007 3:49:32 AM','16/4/2007 3:49:32 AM','cashier1','cashier1')
INSERT INTO [InventoryHdr] ([InventoryHdrRefNo],[InventoryDate],[UserName],[PurchaseOrderNo],[InvoiceNo],[DeliveryOrderNo],[Supplier],[Tax],[Discount],[Remark],[PointOfSaleId],[CreatedOn],[ModifiedOn],[CreatedBy],[ModifiedBy])
VALUES('IN07041600030004','16/4/2007 4:00:11 AM','','','','','',,,'',3,'16/4/2007 4:00:25 AM','16/4/2007 4:00:25 AM','cashier1','cashier1')
INSERT INTO [InventoryHdr] ([InventoryHdrRefNo],[InventoryDate],[UserName],[PurchaseOrderNo],[InvoiceNo],[DeliveryOrderNo],[Supplier],[Tax],[Discount],[Remark],[PointOfSaleId],[CreatedOn],[ModifiedOn],[CreatedBy],[ModifiedBy])
VALUES('IN07041700020001','17/4/2007 5:06:39 PM','','','','','',,,'',2,'17/4/2007 5:06:50 PM','17/4/2007 5:06:50 PM','cashier1','cashier1')
INSERT INTO [InventoryHdr] ([InventoryHdrRefNo],[InventoryDate],[UserName],[PurchaseOrderNo],[InvoiceNo],[DeliveryOrderNo],[Supplier],[Tax],[Discount],[Remark],[PointOfSaleId],[CreatedOn],[ModifiedOn],[CreatedBy],[ModifiedBy])
VALUES('IN07041700020002','17/4/2007 5:07:38 PM','','','','','',,,'',2,'17/4/2007 5:07:55 PM','17/4/2007 5:07:55 PM','cashier1','cashier1')
INSERT INTO [InventoryHdr] ([InventoryHdrRefNo],[InventoryDate],[UserName],[PurchaseOrderNo],[InvoiceNo],[DeliveryOrderNo],[Supplier],[Tax],[Discount],[Remark],[PointOfSaleId],[CreatedOn],[ModifiedOn],[CreatedBy],[ModifiedBy])
VALUES('IN07041700020003','17/4/2007 5:08:42 PM','','','','','',,,'',2,'17/4/2007 5:08:57 PM','17/4/2007 5:08:57 PM','cashier1','cashier1')
INSERT INTO [InventoryHdr] ([InventoryHdrRefNo],[InventoryDate],[UserName],[PurchaseOrderNo],[InvoiceNo],[DeliveryOrderNo],[Supplier],[Tax],[Discount],[Remark],[PointOfSaleId],[CreatedOn],[ModifiedOn],[CreatedBy],[ModifiedBy])
VALUES('IN07042000020001','20/4/2007 12:31:34 AM','','','','','',,,'',2,'20/4/2007 12:31:44 AM','20/4/2007 12:31:44 AM','cashier1','cashier1')
INSERT INTO [InventoryHdr] ([InventoryHdrRefNo],[InventoryDate],[UserName],[PurchaseOrderNo],[InvoiceNo],[DeliveryOrderNo],[Supplier],[Tax],[Discount],[Remark],[PointOfSaleId],[CreatedOn],[ModifiedOn],[CreatedBy],[ModifiedBy])
VALUES('IN07042300020001','23/4/2007 5:10:12 PM','','','','','',,,'',2,'23/4/2007 5:10:19 PM','23/4/2007 5:10:19 PM','cashier1','cashier1')
INSERT INTO [InventoryHdr] ([InventoryHdrRefNo],[InventoryDate],[UserName],[PurchaseOrderNo],[InvoiceNo],[DeliveryOrderNo],[Supplier],[Tax],[Discount],[Remark],[PointOfSaleId],[CreatedOn],[ModifiedOn],[CreatedBy],[ModifiedBy])
VALUES('IN07042800040001','28/4/2007 4:10:48 AM','','','','','',,,'',4,'28/4/2007 4:11:02 AM','28/4/2007 4:11:02 AM','cashier1','cashier1')
INSERT INTO [InventoryHdr] ([InventoryHdrRefNo],[InventoryDate],[UserName],[PurchaseOrderNo],[InvoiceNo],[DeliveryOrderNo],[Supplier],[Tax],[Discount],[Remark],[PointOfSaleId],[CreatedOn],[ModifiedOn],[CreatedBy],[ModifiedBy])
VALUES('IN07042800040002','28/4/2007 4:12:48 AM','','','','','',,,'',4,'28/4/2007 4:13:14 AM','28/4/2007 4:13:14 AM','cashier1','cashier1')
INSERT INTO [InventoryHdr] ([InventoryHdrRefNo],[InventoryDate],[UserName],[PurchaseOrderNo],[InvoiceNo],[DeliveryOrderNo],[Supplier],[Tax],[Discount],[Remark],[PointOfSaleId],[CreatedOn],[ModifiedOn],[CreatedBy],[ModifiedBy])
VALUES('IN07042800040003','28/4/2007 4:16:14 AM','','','','','',,,'',4,'28/4/2007 4:16:28 AM','28/4/2007 4:16:28 AM','cashier1','cashier1')
INSERT INTO [InventoryHdr] ([InventoryHdrRefNo],[InventoryDate],[UserName],[PurchaseOrderNo],[InvoiceNo],[DeliveryOrderNo],[Supplier],[Tax],[Discount],[Remark],[PointOfSaleId],[CreatedOn],[ModifiedOn],[CreatedBy],[ModifiedBy])
VALUES('IN07042800040004','28/4/2007 4:16:37 AM','','','','','',,,'',4,'28/4/2007 4:16:43 AM','28/4/2007 4:16:43 AM','cashier1','cashier1')
INSERT INTO [InventoryHdr] ([InventoryHdrRefNo],[InventoryDate],[UserName],[PurchaseOrderNo],[InvoiceNo],[DeliveryOrderNo],[Supplier],[Tax],[Discount],[Remark],[PointOfSaleId],[CreatedOn],[ModifiedOn],[CreatedBy],[ModifiedBy])
VALUES('IN07042800040005','28/4/2007 4:16:51 AM','','','','','',,,'',4,'28/4/2007 4:16:56 AM','28/4/2007 4:16:56 AM','cashier1','cashier1')
INSERT INTO [InventoryHdr] ([InventoryHdrRefNo],[InventoryDate],[UserName],[PurchaseOrderNo],[InvoiceNo],[DeliveryOrderNo],[Supplier],[Tax],[Discount],[Remark],[PointOfSaleId],[CreatedOn],[ModifiedOn],[CreatedBy],[ModifiedBy])
VALUES('IN07042800040006','28/4/2007 4:17:04 AM','','','','','',,,'',4,'28/4/2007 4:17:10 AM','28/4/2007 4:17:10 AM','cashier1','cashier1')
INSERT INTO [InventoryHdr] ([InventoryHdrRefNo],[InventoryDate],[UserName],[PurchaseOrderNo],[InvoiceNo],[DeliveryOrderNo],[Supplier],[Tax],[Discount],[Remark],[PointOfSaleId],[CreatedOn],[ModifiedOn],[CreatedBy],[ModifiedBy])
VALUES('IN07042800040007','28/4/2007 10:50:11 PM','','','','','',,,'Adjustment',4,'28/4/2007 10:50:20 PM','28/4/2007 10:50:20 PM','cashier1','cashier1')
INSERT INTO [InventoryHdr] ([InventoryHdrRefNo],[InventoryDate],[UserName],[PurchaseOrderNo],[InvoiceNo],[DeliveryOrderNo],[Supplier],[Tax],[Discount],[Remark],[PointOfSaleId],[CreatedOn],[ModifiedOn],[CreatedBy],[ModifiedBy])
VALUES('IN07042800040008','28/4/2007 10:50:26 PM','','','','','',,,'Adjustment',4,'28/4/2007 10:50:38 PM','28/4/2007 10:50:38 PM','cashier1','cashier1')
INSERT INTO [InventoryHdr] ([InventoryHdrRefNo],[InventoryDate],[UserName],[PurchaseOrderNo],[InvoiceNo],[DeliveryOrderNo],[Supplier],[Tax],[Discount],[Remark],[PointOfSaleId],[CreatedOn],[ModifiedOn],[CreatedBy],[ModifiedBy])
VALUES('IN07042800040009','28/4/2007 10:50:47 PM','','','','','',,,'Adjustment',4,'28/4/2007 10:50:54 PM','28/4/2007 10:50:54 PM','cashier1','cashier1')
INSERT INTO [InventoryHdr] ([InventoryHdrRefNo],[InventoryDate],[UserName],[PurchaseOrderNo],[InvoiceNo],[DeliveryOrderNo],[Supplier],[Tax],[Discount],[Remark],[PointOfSaleId],[CreatedOn],[ModifiedOn],[CreatedBy],[ModifiedBy])
VALUES('IN07042800040010','28/4/2007 10:54:16 PM','','','','','',,,'',4,'28/4/2007 10:54:23 PM','28/4/2007 10:54:23 PM','cashier1','cashier1')
INSERT INTO [InventoryHdr] ([InventoryHdrRefNo],[InventoryDate],[UserName],[PurchaseOrderNo],[InvoiceNo],[DeliveryOrderNo],[Supplier],[Tax],[Discount],[Remark],[PointOfSaleId],[CreatedOn],[ModifiedOn],[CreatedBy],[ModifiedBy])
VALUES('IN07042800040011','28/4/2007 11:26:08 PM','','','','','',,,'te',4,'28/4/2007 11:26:26 PM','28/4/2007 11:26:26 PM','cashier1','cashier1')
INSERT INTO [InventoryHdr] ([InventoryHdrRefNo],[InventoryDate],[UserName],[PurchaseOrderNo],[InvoiceNo],[DeliveryOrderNo],[Supplier],[Tax],[Discount],[Remark],[PointOfSaleId],[CreatedOn],[ModifiedOn],[CreatedBy],[ModifiedBy])
VALUES('IN07042800040012','28/4/2007 11:30:54 PM','','','213811200','','',,,'',4,'28/4/2007 11:31:09 PM','29/4/2007 11:42:02 PM','cashier1','cashier1')
INSERT INTO [InventoryHdr] ([InventoryHdrRefNo],[InventoryDate],[UserName],[PurchaseOrderNo],[InvoiceNo],[DeliveryOrderNo],[Supplier],[Tax],[Discount],[Remark],[PointOfSaleId],[CreatedOn],[ModifiedOn],[CreatedBy],[ModifiedBy])
VALUES('IN07042800040013','28/4/2007 11:31:17 PM','','','','','',,,'Expired',4,'28/4/2007 11:31:36 PM','28/4/2007 11:31:36 PM','cashier1','cashier1')
INSERT INTO [InventoryHdr] ([InventoryHdrRefNo],[InventoryDate],[UserName],[PurchaseOrderNo],[InvoiceNo],[DeliveryOrderNo],[Supplier],[Tax],[Discount],[Remark],[PointOfSaleId],[CreatedOn],[ModifiedOn],[CreatedBy],[ModifiedBy])
VALUES('IN07042800040014','28/4/2007 8:51:36 PM','','','','','Gambrong Pte Ltd',,,'',4,'28/4/2007 8:51:56 PM','28/4/2007 8:51:56 PM','cashier1','cashier1')
INSERT INTO [InventoryHdr] ([InventoryHdrRefNo],[InventoryDate],[UserName],[PurchaseOrderNo],[InvoiceNo],[DeliveryOrderNo],[Supplier],[Tax],[Discount],[Remark],[PointOfSaleId],[CreatedOn],[ModifiedOn],[CreatedBy],[ModifiedBy])
VALUES('IN07042800040015','28/4/2007 8:54:55 PM','','','FKri-250123','','HY Pte Ltd',,,'',4,'28/4/2007 8:56:09 PM','28/4/2007 8:56:09 PM','cashier1','cashier1')
INSERT INTO [InventoryHdr] ([InventoryHdrRefNo],[InventoryDate],[UserName],[PurchaseOrderNo],[InvoiceNo],[DeliveryOrderNo],[Supplier],[Tax],[Discount],[Remark],[PointOfSaleId],[CreatedOn],[ModifiedOn],[CreatedBy],[ModifiedBy])
VALUES('IN07043000040001','30/4/2007 12:03:52 AM','','','','','',,,'',4,'30/4/2007 12:04:03 AM','30/4/2007 10:50:16 AM','cashier1','cashier1')
INSERT INTO [InventoryHdr] ([InventoryHdrRefNo],[InventoryDate],[UserName],[PurchaseOrderNo],[InvoiceNo],[DeliveryOrderNo],[Supplier],[Tax],[Discount],[Remark],[PointOfSaleId],[CreatedOn],[ModifiedOn],[CreatedBy],[ModifiedBy])
VALUES('IN07043000040002','30/4/2007 12:04:20 AM','','','','','',,,'Expired',4,'30/4/2007 12:04:31 AM','30/4/2007 12:05:59 AM','cashier1','cashier1')
INSERT INTO [InventoryHdr] ([InventoryHdrRefNo],[InventoryDate],[UserName],[PurchaseOrderNo],[InvoiceNo],[DeliveryOrderNo],[Supplier],[Tax],[Discount],[Remark],[PointOfSaleId],[CreatedOn],[ModifiedOn],[CreatedBy],[ModifiedBy])
VALUES('IN07043000040003','30/4/2007 12:07:46 AM','','','','','',,,'',4,'30/4/2007 12:07:55 AM','30/4/2007 12:21:01 AM','cashier1','cashier1')
INSERT INTO [InventoryHdr] ([InventoryHdrRefNo],[InventoryDate],[UserName],[PurchaseOrderNo],[InvoiceNo],[DeliveryOrderNo],[Supplier],[Tax],[Discount],[Remark],[PointOfSaleId],[CreatedOn],[ModifiedOn],[CreatedBy],[ModifiedBy])
VALUES('IN07043000040004','30/4/2007 10:54:26 AM','','','','','',,,'',4,'30/4/2007 10:54:54 AM','30/4/2007 10:54:54 AM','cashier1','cashier1')
INSERT INTO [InventoryHdr] ([InventoryHdrRefNo],[InventoryDate],[UserName],[PurchaseOrderNo],[InvoiceNo],[DeliveryOrderNo],[Supplier],[Tax],[Discount],[Remark],[PointOfSaleId],[CreatedOn],[ModifiedOn],[CreatedBy],[ModifiedBy])
VALUES('IN07043000040005','30/4/2007 10:57:41 AM','','','','','',,,'Expired',4,'30/4/2007 10:58:09 AM','30/4/2007 10:58:09 AM','cashier1','cashier1')
INSERT INTO [InventoryHdr] ([InventoryHdrRefNo],[InventoryDate],[UserName],[PurchaseOrderNo],[InvoiceNo],[DeliveryOrderNo],[Supplier],[Tax],[Discount],[Remark],[PointOfSaleId],[CreatedOn],[ModifiedOn],[CreatedBy],[ModifiedBy])
VALUES('IN07050100020001','1/5/2007 2:15:53 AM','cashier1','','','','',,,'Stock In',2,'1/5/2007 2:16:02 AM','1/5/2007 2:16:02 AM','cashier1','cashier1')
INSERT INTO [InventoryHdr] ([InventoryHdrRefNo],[InventoryDate],[UserName],[PurchaseOrderNo],[InvoiceNo],[DeliveryOrderNo],[Supplier],[Tax],[Discount],[Remark],[PointOfSaleId],[CreatedOn],[ModifiedOn],[CreatedBy],[ModifiedBy])
VALUES('IN07050100020002','1/5/2007 2:16:06 AM','cashier1','','','','',,,'test reason',2,'1/5/2007 2:16:17 AM','1/5/2007 2:16:17 AM','cashier1','cashier1')
INSERT INTO [InventoryHdr] ([InventoryHdrRefNo],[InventoryDate],[UserName],[PurchaseOrderNo],[InvoiceNo],[DeliveryOrderNo],[Supplier],[Tax],[Discount],[Remark],[PointOfSaleId],[CreatedOn],[ModifiedOn],[CreatedBy],[ModifiedBy])
VALUES('IN07050100020003','1/5/2007 11:00:26 AM','cashier1','','','','',,,'Stock In',2,'1/5/2007 11:00:33 AM','1/5/2007 11:00:33 AM','cashier1','cashier1')
INSERT INTO [InventoryHdr] ([InventoryHdrRefNo],[InventoryDate],[UserName],[PurchaseOrderNo],[InvoiceNo],[DeliveryOrderNo],[Supplier],[Tax],[Discount],[Remark],[PointOfSaleId],[CreatedOn],[ModifiedOn],[CreatedBy],[ModifiedBy])
VALUES('IN07050100020004','1/5/2007 11:02:30 AM','cashier1','','','','',,,'sales',,'1/5/2007 11:02:30 AM','1/5/2007 11:02:30 AM','cashier1','cashier1')
INSERT INTO [InventoryHdr] ([InventoryHdrRefNo],[InventoryDate],[UserName],[PurchaseOrderNo],[InvoiceNo],[DeliveryOrderNo],[Supplier],[Tax],[Discount],[Remark],[PointOfSaleId],[CreatedOn],[ModifiedOn],[CreatedBy],[ModifiedBy])
VALUES('IN07050100020005','1/5/2007 11:06:12 AM','cashier1','','','','',,,'sales',2,'1/5/2007 11:06:12 AM','1/5/2007 11:06:12 AM','cashier1','cashier1')
INSERT INTO [InventoryHdr] ([InventoryHdrRefNo],[InventoryDate],[UserName],[PurchaseOrderNo],[InvoiceNo],[DeliveryOrderNo],[Supplier],[Tax],[Discount],[Remark],[PointOfSaleId],[CreatedOn],[ModifiedOn],[CreatedBy],[ModifiedBy])
VALUES('IN07050100020006','1/5/2007 11:07:16 AM','cashier1','','','','',,,'sales',2,'1/5/2007 11:07:16 AM','1/5/2007 11:07:16 AM','cashier1','cashier1')
INSERT INTO [InventoryHdr] ([InventoryHdrRefNo],[InventoryDate],[UserName],[PurchaseOrderNo],[InvoiceNo],[DeliveryOrderNo],[Supplier],[Tax],[Discount],[Remark],[PointOfSaleId],[CreatedOn],[ModifiedOn],[CreatedBy],[ModifiedBy])
VALUES('IN07050100020007','1/5/2007 11:08:29 AM','cashier1','','','','',,,'sales',2,'1/5/2007 11:08:29 AM','1/5/2007 11:08:29 AM','cashier1','cashier1')
INSERT INTO [InventoryHdr] ([InventoryHdrRefNo],[InventoryDate],[UserName],[PurchaseOrderNo],[InvoiceNo],[DeliveryOrderNo],[Supplier],[Tax],[Discount],[Remark],[PointOfSaleId],[CreatedOn],[ModifiedOn],[CreatedBy],[ModifiedBy])
VALUES('IN07050200020002','1/4/2007 12:00:00 AM','SYSTEM','','','','',,,'StockBalance',2,'2/5/2007 3:42:01 PM','2/5/2007 3:42:01 PM','SYSTEM','SYSTEM')
INSERT INTO [InventoryHdr] ([InventoryHdrRefNo],[InventoryDate],[UserName],[PurchaseOrderNo],[InvoiceNo],[DeliveryOrderNo],[Supplier],[Tax],[Discount],[Remark],[PointOfSaleId],[CreatedOn],[ModifiedOn],[CreatedBy],[ModifiedBy])
VALUES('IN07050200020003','1/5/2007 12:00:00 AM','SYSTEM','','','','',,,'StockBalance',2,'2/5/2007 3:58:19 PM','2/5/2007 3:58:19 PM','SYSTEM','SYSTEM')
INSERT INTO [InventoryHdr] ([InventoryHdrRefNo],[InventoryDate],[UserName],[PurchaseOrderNo],[InvoiceNo],[DeliveryOrderNo],[Supplier],[Tax],[Discount],[Remark],[PointOfSaleId],[CreatedOn],[ModifiedOn],[CreatedBy],[ModifiedBy])
VALUES('IN07050400020001','4/5/2007 12:36:35 PM','cashier1','','','','',,,'sales',2,'4/5/2007 12:36:35 PM','4/5/2007 12:36:35 PM','cashier1','cashier1')
INSERT INTO [InventoryHdr] ([InventoryHdrRefNo],[InventoryDate],[UserName],[PurchaseOrderNo],[InvoiceNo],[DeliveryOrderNo],[Supplier],[Tax],[Discount],[Remark],[PointOfSaleId],[CreatedOn],[ModifiedOn],[CreatedBy],[ModifiedBy])
VALUES('IN07050400020002','4/5/2007 1:02:16 PM','cashier1','','','','',,,'sales',2,'4/5/2007 1:02:16 PM','4/5/2007 1:02:16 PM','cashier1','cashier1')
INSERT INTO [InventoryHdr] ([InventoryHdrRefNo],[InventoryDate],[UserName],[PurchaseOrderNo],[InvoiceNo],[DeliveryOrderNo],[Supplier],[Tax],[Discount],[Remark],[PointOfSaleId],[CreatedOn],[ModifiedOn],[CreatedBy],[ModifiedBy])
VALUES('IN07050400020003','4/5/2007 5:33:35 PM','cashier1','','','','',,,'sales',2,'4/5/2007 5:33:35 PM','4/5/2007 5:33:35 PM','cashier1','cashier1')
INSERT INTO [InventoryHdr] ([InventoryHdrRefNo],[InventoryDate],[UserName],[PurchaseOrderNo],[InvoiceNo],[DeliveryOrderNo],[Supplier],[Tax],[Discount],[Remark],[PointOfSaleId],[CreatedOn],[ModifiedOn],[CreatedBy],[ModifiedBy])
VALUES('IN07050400020004','4/5/2007 11:41:55 PM','admin','','','','',,,'sales',2,'4/5/2007 11:41:55 PM','4/5/2007 11:41:55 PM','admin','admin')
INSERT INTO [InventoryHdr] ([InventoryHdrRefNo],[InventoryDate],[UserName],[PurchaseOrderNo],[InvoiceNo],[DeliveryOrderNo],[Supplier],[Tax],[Discount],[Remark],[PointOfSaleId],[CreatedOn],[ModifiedOn],[CreatedBy],[ModifiedBy])
VALUES('IN07050500020001','5/5/2007 11:51:45 AM','admin','','','','',,,'sales',2,'5/5/2007 11:51:45 AM','5/5/2007 11:51:45 AM','admin','admin')
INSERT INTO [InventoryHdr] ([InventoryHdrRefNo],[InventoryDate],[UserName],[PurchaseOrderNo],[InvoiceNo],[DeliveryOrderNo],[Supplier],[Tax],[Discount],[Remark],[PointOfSaleId],[CreatedOn],[ModifiedOn],[CreatedBy],[ModifiedBy])
VALUES('IN07050600020001','6/5/2007 6:27:28 PM','admin','','','','',,,'sales',2,'6/5/2007 6:27:28 PM','6/5/2007 6:27:28 PM','admin','admin')
INSERT INTO [InventoryHdr] ([InventoryHdrRefNo],[InventoryDate],[UserName],[PurchaseOrderNo],[InvoiceNo],[DeliveryOrderNo],[Supplier],[Tax],[Discount],[Remark],[PointOfSaleId],[CreatedOn],[ModifiedOn],[CreatedBy],[ModifiedBy])
VALUES('IN07050600020002','6/5/2007 8:24:53 PM','admin','','','','',,,'sales',2,'6/5/2007 8:24:53 PM','6/5/2007 8:24:53 PM','admin','admin')
INSERT INTO [InventoryHdr] ([InventoryHdrRefNo],[InventoryDate],[UserName],[PurchaseOrderNo],[InvoiceNo],[DeliveryOrderNo],[Supplier],[Tax],[Discount],[Remark],[PointOfSaleId],[CreatedOn],[ModifiedOn],[CreatedBy],[ModifiedBy])
VALUES('IN07050600020003','6/5/2007 9:12:57 PM','admin','','','','',,,'sales',2,'6/5/2007 9:12:57 PM','6/5/2007 9:12:57 PM','admin','admin')
INSERT INTO [InventoryHdr] ([InventoryHdrRefNo],[InventoryDate],[UserName],[PurchaseOrderNo],[InvoiceNo],[DeliveryOrderNo],[Supplier],[Tax],[Discount],[Remark],[PointOfSaleId],[CreatedOn],[ModifiedOn],[CreatedBy],[ModifiedBy])
VALUES('IN07050600020004','6/5/2007 9:17:36 PM','admin','','','','',,,'sales',2,'6/5/2007 9:17:36 PM','6/5/2007 9:17:36 PM','admin','admin')
INSERT INTO [InventoryHdr] ([InventoryHdrRefNo],[InventoryDate],[UserName],[PurchaseOrderNo],[InvoiceNo],[DeliveryOrderNo],[Supplier],[Tax],[Discount],[Remark],[PointOfSaleId],[CreatedOn],[ModifiedOn],[CreatedBy],[ModifiedBy])
VALUES('TEST001','1/4/2007 12:00:00 AM','SYSTEM','','','','',,,'StockBalance',2,'1/5/2007 11:08:29 AM','1/5/2007 11:08:29 AM','cashier1','')


PRINT 'Begin inserting data in Item'
INSERT INTO [Item] ([ItemNo],[ItemName],[Barcode],[CategoryName],[Price],[MinPrice],[ItemDesc],[Brand],[Remark],[CreatedOn],[CreatedBy],[ModifiedOn],[ModifiedBy])
VALUES('I00000000001','Coca Cola','8888002076009','Can Drinks',1.2000,0.0000,'always coca cola','coke','nice','14/4/2007 3:11:34 AM','','30/4/2007 8:41:53 PM','')
INSERT INTO [Item] ([ItemNo],[ItemName],[Barcode],[CategoryName],[Price],[MinPrice],[ItemDesc],[Brand],[Remark],[CreatedOn],[CreatedBy],[ModifiedOn],[ModifiedBy])
VALUES('I00000000002','Kopi','12091829101','Drinks',1.2000,0.9000,'Coffee with sugar and tea','Apek','','4/4/2007 9:39:00 AM','YOUR-F7C39A7C38\jenniferleet','30/4/2007 8:41:53 PM','')
INSERT INTO [Item] ([ItemNo],[ItemName],[Barcode],[CategoryName],[Price],[MinPrice],[ItemDesc],[Brand],[Remark],[CreatedOn],[CreatedBy],[ModifiedOn],[ModifiedBy])
VALUES('I00000000003','TE-0','12345','Alcoholic Beverages',0.9000,0.9000,'Tea without milk','Apek','','4/4/2007 9:40:02 AM','YOUR-F7C39A7C38\jenniferleet','30/4/2007 8:41:53 PM','')
INSERT INTO [Item] ([ItemNo],[ItemName],[Barcode],[CategoryName],[Price],[MinPrice],[ItemDesc],[Brand],[Remark],[CreatedOn],[CreatedBy],[ModifiedOn],[ModifiedBy])
VALUES('I00000000004','Chicken Teriyaki','987654','Food',3.0000,0.0000,'','','','12/4/2007 5:19:28 AM','IMPACT-C491D6CC\Albert','30/4/2007 8:41:53 PM','')
INSERT INTO [Item] ([ItemNo],[ItemName],[Barcode],[CategoryName],[Price],[MinPrice],[ItemDesc],[Brand],[Remark],[CreatedOn],[CreatedBy],[ModifiedOn],[ModifiedBy])
VALUES('I00000000005','Chicken Katsu Don','456456456','Food',3.5000,2.0000,'','Moshi Moshi','','12/4/2007 5:21:40 AM','IMPACT-C491D6CC\Albert','30/4/2007 8:41:53 PM','')
INSERT INTO [Item] ([ItemNo],[ItemName],[Barcode],[CategoryName],[Price],[MinPrice],[ItemDesc],[Brand],[Remark],[CreatedOn],[CreatedBy],[ModifiedOn],[ModifiedBy])
VALUES('I00000000006','Hokkien Mee','','Food',3.5000,0.0000,'Seafood','','','14/4/2007 3:21:52 AM','','30/4/2007 8:41:53 PM','')
INSERT INTO [Item] ([ItemNo],[ItemName],[Barcode],[CategoryName],[Price],[MinPrice],[ItemDesc],[Brand],[Remark],[CreatedOn],[CreatedBy],[ModifiedOn],[ModifiedBy])
VALUES('I00000000007','Chicken Cutlet','13245688797','Food',5.0000,3.0000,'Chicken chopped in small pieces','','','15/4/2007 7:21:27 PM','','30/4/2007 8:41:53 PM','')
INSERT INTO [Item] ([ItemNo],[ItemName],[Barcode],[CategoryName],[Price],[MinPrice],[ItemDesc],[Brand],[Remark],[CreatedOn],[CreatedBy],[ModifiedOn],[ModifiedBy])
VALUES('I00000000008','Pork Chop','','Food',6.0000,5.0000,'Pork meat','','','15/4/2007 7:22:04 PM','','30/4/2007 8:41:53 PM','')
INSERT INTO [Item] ([ItemNo],[ItemName],[Barcode],[CategoryName],[Price],[MinPrice],[ItemDesc],[Brand],[Remark],[CreatedOn],[CreatedBy],[ModifiedOn],[ModifiedBy])
VALUES('I00000000009','Banana Prata','','Prata',1.4000,0.0000,'','','','15/4/2007 7:22:20 PM','','30/4/2007 8:41:53 PM','')
INSERT INTO [Item] ([ItemNo],[ItemName],[Barcode],[CategoryName],[Price],[MinPrice],[ItemDesc],[Brand],[Remark],[CreatedOn],[CreatedBy],[ModifiedOn],[ModifiedBy])
VALUES('I00000000010','Egg Prata','','Prata',1.2000,0.0000,'Prata mix with egg','','','15/4/2007 7:22:45 PM','','30/4/2007 8:41:53 PM','')
INSERT INTO [Item] ([ItemNo],[ItemName],[Barcode],[CategoryName],[Price],[MinPrice],[ItemDesc],[Brand],[Remark],[CreatedOn],[CreatedBy],[ModifiedOn],[ModifiedBy])
VALUES('I00000000011','','123456789','Alcoholic Beverages',1.2000,0.0000,'','','','16/4/2007 3:22:26 PM','','30/4/2007 8:41:52 PM','')
INSERT INTO [Item] ([ItemNo],[ItemName],[Barcode],[CategoryName],[Price],[MinPrice],[ItemDesc],[Brand],[Remark],[CreatedOn],[CreatedBy],[ModifiedOn],[ModifiedBy])
VALUES('I00000000012','Fried Rice','12345678901255','Food',2.5000,0.0000,'Malaysian Fried Rice','','','17/4/2007 2:56:52 PM','','30/4/2007 8:41:52 PM','')
INSERT INTO [Item] ([ItemNo],[ItemName],[Barcode],[CategoryName],[Price],[MinPrice],[ItemDesc],[Brand],[Remark],[CreatedOn],[CreatedBy],[ModifiedOn],[ModifiedBy])
VALUES('I00000000013','Char Kwey Teo','1254781249100','Food',3.5000,0.0000,'','','','17/4/2007 2:57:21 PM','','30/4/2007 8:41:52 PM','')
INSERT INTO [Item] ([ItemNo],[ItemName],[Barcode],[CategoryName],[Price],[MinPrice],[ItemDesc],[Brand],[Remark],[CreatedOn],[CreatedBy],[ModifiedOn],[ModifiedBy])
VALUES('I00000000014','Roti Prata','251347981223','Prata',4.5000,0.0000,'Standard ','','','17/4/2007 2:59:56 PM','','30/4/2007 8:41:52 PM','')
INSERT INTO [Item] ([ItemNo],[ItemName],[Barcode],[CategoryName],[Price],[MinPrice],[ItemDesc],[Brand],[Remark],[CreatedOn],[CreatedBy],[ModifiedOn],[ModifiedBy])
VALUES('I00000000015','Pineapple Fried Rice','784513546810','Food',2.3000,0.0000,'Fried Rice mixed with pineapple','','','17/4/2007 3:00:35 PM','','30/4/2007 8:41:52 PM','')
INSERT INTO [Item] ([ItemNo],[ItemName],[Barcode],[CategoryName],[Price],[MinPrice],[ItemDesc],[Brand],[Remark],[CreatedOn],[CreatedBy],[ModifiedOn],[ModifiedBy])
VALUES('I00000000016','Singapore Sling','5462138791546','Drinks',6.0500,4.0000,'Vodka mixed with lime juice','','','17/4/2007 3:02:00 PM','','30/4/2007 8:41:52 PM','')
INSERT INTO [Item] ([ItemNo],[ItemName],[Barcode],[CategoryName],[Price],[MinPrice],[ItemDesc],[Brand],[Remark],[CreatedOn],[CreatedBy],[ModifiedOn],[ModifiedBy])
VALUES('I00000000017','Peach Juice','787454121214','Drinks',3.5000,2.5000,'Juice mixed with peach','','','17/4/2007 3:02:58 PM','','30/4/2007 8:41:52 PM','')
INSERT INTO [Item] ([ItemNo],[ItemName],[Barcode],[CategoryName],[Price],[MinPrice],[ItemDesc],[Brand],[Remark],[CreatedOn],[CreatedBy],[ModifiedOn],[ModifiedBy])
VALUES('I00000000018','Sushi','45121348714213','Food',4.5000,3.0000,'Many Mix of Sushi ','','','17/4/2007 3:03:56 PM','','30/4/2007 8:41:52 PM','')
INSERT INTO [Item] ([ItemNo],[ItemName],[Barcode],[CategoryName],[Price],[MinPrice],[ItemDesc],[Brand],[Remark],[CreatedOn],[CreatedBy],[ModifiedOn],[ModifiedBy])
VALUES('I00000000019','Taro Prawn','7814254546213','Food',4.5000,1.2000,'Fried Prawn Cooked Thai Style','','','17/4/2007 3:08:57 PM','','30/4/2007 8:41:52 PM','')
INSERT INTO [Item] ([ItemNo],[ItemName],[Barcode],[CategoryName],[Price],[MinPrice],[ItemDesc],[Brand],[Remark],[CreatedOn],[CreatedBy],[ModifiedOn],[ModifiedBy])
VALUES('I00000000020','Crab Cakes','12345787945131','Food',4.0000,2.0000,'Appetizire','','','17/4/2007 3:09:39 PM','','30/4/2007 8:41:52 PM','')
INSERT INTO [Item] ([ItemNo],[ItemName],[Barcode],[CategoryName],[Price],[MinPrice],[ItemDesc],[Brand],[Remark],[CreatedOn],[CreatedBy],[ModifiedOn],[ModifiedBy])
VALUES('I00000000021','Curry Tofu','123456/913123213','Food',3.0000,0.0000,'Curry with Tofu','','','17/4/2007 3:15:06 PM','','30/4/2007 8:41:52 PM','')
INSERT INTO [Item] ([ItemNo],[ItemName],[Barcode],[CategoryName],[Price],[MinPrice],[ItemDesc],[Brand],[Remark],[CreatedOn],[CreatedBy],[ModifiedOn],[ModifiedBy])
VALUES('I00000000022','Guiness Stout','7546456465123','Alcoholic Beverages',10.0000,8.0000,'','','','17/4/2007 3:15:53 PM','','30/4/2007 8:41:52 PM','')
INSERT INTO [Item] ([ItemNo],[ItemName],[Barcode],[CategoryName],[Price],[MinPrice],[ItemDesc],[Brand],[Remark],[CreatedOn],[CreatedBy],[ModifiedOn],[ModifiedBy])
VALUES('I00000000023','Thai Noodle','7894562135464','Food',3.5000,0.0000,'Thai Style Noodle','','','17/4/2007 3:16:44 PM','','30/4/2007 8:41:52 PM','')
INSERT INTO [Item] ([ItemNo],[ItemName],[Barcode],[CategoryName],[Price],[MinPrice],[ItemDesc],[Brand],[Remark],[CreatedOn],[CreatedBy],[ModifiedOn],[ModifiedBy])
VALUES('I00000000024','Green Apple Juice','132154567879','Drinks',3.0000,0.0000,'Juice of apple','','','17/4/2007 3:17:27 PM','','30/4/2007 8:41:52 PM','')
INSERT INTO [Item] ([ItemNo],[ItemName],[Barcode],[CategoryName],[Price],[MinPrice],[ItemDesc],[Brand],[Remark],[CreatedOn],[CreatedBy],[ModifiedOn],[ModifiedBy])
VALUES('I00000000025','Mango Noodle ','12345689789412','Food',2.8000,1.2000,'Noodle with mango flavor','','','17/4/2007 3:20:07 PM','','30/4/2007 8:41:52 PM','')
INSERT INTO [Item] ([ItemNo],[ItemName],[Barcode],[CategoryName],[Price],[MinPrice],[ItemDesc],[Brand],[Remark],[CreatedOn],[CreatedBy],[ModifiedOn],[ModifiedBy])
VALUES('I00000000026','Tempura','4645621313','Food',3.5000,0.0000,'','','','17/4/2007 3:20:36 PM','','30/4/2007 8:41:52 PM','')
INSERT INTO [Item] ([ItemNo],[ItemName],[Barcode],[CategoryName],[Price],[MinPrice],[ItemDesc],[Brand],[Remark],[CreatedOn],[CreatedBy],[ModifiedOn],[ModifiedBy])
VALUES('I00000000027','Walnut Cakes','213567894561','Food',4.5000,0.0000,'','','','17/4/2007 3:21:05 PM','','30/4/2007 8:41:52 PM','')
INSERT INTO [Item] ([ItemNo],[ItemName],[Barcode],[CategoryName],[Price],[MinPrice],[ItemDesc],[Brand],[Remark],[CreatedOn],[CreatedBy],[ModifiedOn],[ModifiedBy])
VALUES('I00000000028','Mixed Green','12345678915516','Food',4.5000,0.0000,'Vegetables and salad mix','','','17/4/2007 3:23:16 PM','','30/4/2007 8:41:52 PM','')
INSERT INTO [Item] ([ItemNo],[ItemName],[Barcode],[CategoryName],[Price],[MinPrice],[ItemDesc],[Brand],[Remark],[CreatedOn],[CreatedBy],[ModifiedOn],[ModifiedBy])
VALUES('I00000000029','Aquarin','8888815800662','Drinks',0.9000,0.0000,'','','','17/4/2007 4:51:31 PM','','30/4/2007 8:41:52 PM','')
INSERT INTO [Item] ([ItemNo],[ItemName],[Barcode],[CategoryName],[Price],[MinPrice],[ItemDesc],[Brand],[Remark],[CreatedOn],[CreatedBy],[ModifiedOn],[ModifiedBy])
VALUES('I00000000030','Hot Plate Chicken','1234568812012','Food',4.5000,0.0000,'','','','23/4/2007 5:10:48 PM','','30/4/2007 8:41:52 PM','')
INSERT INTO [Item] ([ItemNo],[ItemName],[Barcode],[CategoryName],[Price],[MinPrice],[ItemDesc],[Brand],[Remark],[CreatedOn],[CreatedBy],[ModifiedOn],[ModifiedBy])
VALUES('I00200000031','Macaroni','546789454000','Alcoholic Beverages',1.5000,0.0000,'','','','30/4/2007 5:12:32 PM','','30/4/2007 8:41:52 PM','')


SET IDENTITY_INSERT [LoginActivity] ON 
PRINT 'Begin inserting data in LoginActivity'
INSERT INTO [LoginActivity] ([LoginActivityID],[UserName],[LoginType],[LoginDateTime],[PointOfSaleID],[CreatedBy],[CreatedOn],[ModifiedBy],[ModifiedOn])
VALUES(1,'cashier1','Login','25/4/2007 7:34:26 PM',3,'','25/4/2007 7:34:26 PM','','25/4/2007 7:34:26 PM')
INSERT INTO [LoginActivity] ([LoginActivityID],[UserName],[LoginType],[LoginDateTime],[PointOfSaleID],[CreatedBy],[CreatedOn],[ModifiedBy],[ModifiedOn])
VALUES(2,'supervisor1','Authorizing','25/4/2007 7:34:51 PM',3,'','25/4/2007 7:34:51 PM','','25/4/2007 7:34:51 PM')
INSERT INTO [LoginActivity] ([LoginActivityID],[UserName],[LoginType],[LoginDateTime],[PointOfSaleID],[CreatedBy],[CreatedOn],[ModifiedBy],[ModifiedOn])
VALUES(3,'supervisor1','Authorizing','25/4/2007 7:35:01 PM',3,'','25/4/2007 7:35:01 PM','','25/4/2007 7:35:01 PM')
INSERT INTO [LoginActivity] ([LoginActivityID],[UserName],[LoginType],[LoginDateTime],[PointOfSaleID],[CreatedBy],[CreatedOn],[ModifiedBy],[ModifiedOn])
VALUES(4,'cashier1','Logout','25/4/2007 7:35:09 PM',3,'','25/4/2007 7:35:09 PM','','25/4/2007 7:35:09 PM')
INSERT INTO [LoginActivity] ([LoginActivityID],[UserName],[LoginType],[LoginDateTime],[PointOfSaleID],[CreatedBy],[CreatedOn],[ModifiedBy],[ModifiedOn])
VALUES(5,'cashier1','Login','25/4/2007 7:45:53 PM',3,'','25/4/2007 7:45:53 PM','','25/4/2007 7:45:53 PM')
INSERT INTO [LoginActivity] ([LoginActivityID],[UserName],[LoginType],[LoginDateTime],[PointOfSaleID],[CreatedBy],[CreatedOn],[ModifiedBy],[ModifiedOn])
VALUES(6,'supervisor1','Authorizing','25/4/2007 7:46:06 PM',3,'','25/4/2007 7:46:06 PM','','25/4/2007 7:46:06 PM')
INSERT INTO [LoginActivity] ([LoginActivityID],[UserName],[LoginType],[LoginDateTime],[PointOfSaleID],[CreatedBy],[CreatedOn],[ModifiedBy],[ModifiedOn])
VALUES(7,'cashier1','Logout','25/4/2007 7:46:10 PM',3,'','25/4/2007 7:46:10 PM','','25/4/2007 7:46:10 PM')
INSERT INTO [LoginActivity] ([LoginActivityID],[UserName],[LoginType],[LoginDateTime],[PointOfSaleID],[CreatedBy],[CreatedOn],[ModifiedBy],[ModifiedOn])
VALUES(8,'cashier1','Login','25/4/2007 9:00:51 PM',3,'','25/4/2007 9:00:51 PM','','25/4/2007 9:00:51 PM')
INSERT INTO [LoginActivity] ([LoginActivityID],[UserName],[LoginType],[LoginDateTime],[PointOfSaleID],[CreatedBy],[CreatedOn],[ModifiedBy],[ModifiedOn])
VALUES(9,'cashier1','Logout','25/4/2007 9:01:55 PM',3,'','25/4/2007 9:01:55 PM','','25/4/2007 9:01:55 PM')
INSERT INTO [LoginActivity] ([LoginActivityID],[UserName],[LoginType],[LoginDateTime],[PointOfSaleID],[CreatedBy],[CreatedOn],[ModifiedBy],[ModifiedOn])
VALUES(12,'cashier1','Login','27/4/2007 4:05:34 PM',4,'','27/4/2007 4:05:34 PM','','27/4/2007 4:05:34 PM')
INSERT INTO [LoginActivity] ([LoginActivityID],[UserName],[LoginType],[LoginDateTime],[PointOfSaleID],[CreatedBy],[CreatedOn],[ModifiedBy],[ModifiedOn])
VALUES(13,'cashier1','Logout','27/4/2007 4:06:46 PM',4,'','27/4/2007 4:06:46 PM','','27/4/2007 4:06:46 PM')
INSERT INTO [LoginActivity] ([LoginActivityID],[UserName],[LoginType],[LoginDateTime],[PointOfSaleID],[CreatedBy],[CreatedOn],[ModifiedBy],[ModifiedOn])
VALUES(14,'cashier1','Login','27/4/2007 4:12:15 PM',4,'','27/4/2007 4:12:15 PM','','27/4/2007 4:12:15 PM')
INSERT INTO [LoginActivity] ([LoginActivityID],[UserName],[LoginType],[LoginDateTime],[PointOfSaleID],[CreatedBy],[CreatedOn],[ModifiedBy],[ModifiedOn])
VALUES(15,'cashier1','Logout','27/4/2007 4:13:24 PM',4,'','27/4/2007 4:13:24 PM','','27/4/2007 4:13:24 PM')
INSERT INTO [LoginActivity] ([LoginActivityID],[UserName],[LoginType],[LoginDateTime],[PointOfSaleID],[CreatedBy],[CreatedOn],[ModifiedBy],[ModifiedOn])
VALUES(16,'cashier1','Login','27/4/2007 4:14:43 PM',4,'','27/4/2007 4:14:43 PM','','27/4/2007 4:14:43 PM')
INSERT INTO [LoginActivity] ([LoginActivityID],[UserName],[LoginType],[LoginDateTime],[PointOfSaleID],[CreatedBy],[CreatedOn],[ModifiedBy],[ModifiedOn])
VALUES(17,'cashier1','Login','27/4/2007 4:19:59 PM',4,'','27/4/2007 4:19:59 PM','','27/4/2007 4:19:59 PM')
INSERT INTO [LoginActivity] ([LoginActivityID],[UserName],[LoginType],[LoginDateTime],[PointOfSaleID],[CreatedBy],[CreatedOn],[ModifiedBy],[ModifiedOn])
VALUES(18,'supervisor1','Authorizing','27/4/2007 4:26:55 PM',4,'','27/4/2007 4:26:55 PM','','27/4/2007 4:26:55 PM')
INSERT INTO [LoginActivity] ([LoginActivityID],[UserName],[LoginType],[LoginDateTime],[PointOfSaleID],[CreatedBy],[CreatedOn],[ModifiedBy],[ModifiedOn])
VALUES(19,'supervisor1','Authorizing','27/4/2007 4:27:04 PM',4,'','27/4/2007 4:27:04 PM','','27/4/2007 4:27:04 PM')
INSERT INTO [LoginActivity] ([LoginActivityID],[UserName],[LoginType],[LoginDateTime],[PointOfSaleID],[CreatedBy],[CreatedOn],[ModifiedBy],[ModifiedOn])
VALUES(20,'cashier1','Logout','27/4/2007 4:27:19 PM',4,'','27/4/2007 4:27:19 PM','','27/4/2007 4:27:19 PM')
INSERT INTO [LoginActivity] ([LoginActivityID],[UserName],[LoginType],[LoginDateTime],[PointOfSaleID],[CreatedBy],[CreatedOn],[ModifiedBy],[ModifiedOn])
VALUES(21,'cashier1','Login','27/4/2007 4:28:18 PM',4,'','27/4/2007 4:28:18 PM','','27/4/2007 4:28:18 PM')
INSERT INTO [LoginActivity] ([LoginActivityID],[UserName],[LoginType],[LoginDateTime],[PointOfSaleID],[CreatedBy],[CreatedOn],[ModifiedBy],[ModifiedOn])
VALUES(22,'supervisor1','Authorizing','27/4/2007 4:28:29 PM',4,'','27/4/2007 4:28:29 PM','','27/4/2007 4:28:29 PM')
INSERT INTO [LoginActivity] ([LoginActivityID],[UserName],[LoginType],[LoginDateTime],[PointOfSaleID],[CreatedBy],[CreatedOn],[ModifiedBy],[ModifiedOn])
VALUES(23,'supervisor1','Authorizing','27/4/2007 4:28:47 PM',4,'','27/4/2007 4:28:47 PM','','27/4/2007 4:28:47 PM')
INSERT INTO [LoginActivity] ([LoginActivityID],[UserName],[LoginType],[LoginDateTime],[PointOfSaleID],[CreatedBy],[CreatedOn],[ModifiedBy],[ModifiedOn])
VALUES(24,'supervisor1','Authorizing','27/4/2007 4:29:20 PM',4,'','27/4/2007 4:29:20 PM','','27/4/2007 4:29:20 PM')
INSERT INTO [LoginActivity] ([LoginActivityID],[UserName],[LoginType],[LoginDateTime],[PointOfSaleID],[CreatedBy],[CreatedOn],[ModifiedBy],[ModifiedOn])
VALUES(25,'supervisor1','Authorizing','27/4/2007 4:29:31 PM',4,'','27/4/2007 4:29:31 PM','','27/4/2007 4:29:31 PM')
INSERT INTO [LoginActivity] ([LoginActivityID],[UserName],[LoginType],[LoginDateTime],[PointOfSaleID],[CreatedBy],[CreatedOn],[ModifiedBy],[ModifiedOn])
VALUES(26,'supervisor1','Authorizing','27/4/2007 4:29:43 PM',4,'','27/4/2007 4:29:43 PM','','27/4/2007 4:29:43 PM')
INSERT INTO [LoginActivity] ([LoginActivityID],[UserName],[LoginType],[LoginDateTime],[PointOfSaleID],[CreatedBy],[CreatedOn],[ModifiedBy],[ModifiedOn])
VALUES(27,'supervisor1','Authorizing','27/4/2007 4:29:57 PM',4,'','27/4/2007 4:29:57 PM','','27/4/2007 4:29:57 PM')
INSERT INTO [LoginActivity] ([LoginActivityID],[UserName],[LoginType],[LoginDateTime],[PointOfSaleID],[CreatedBy],[CreatedOn],[ModifiedBy],[ModifiedOn])
VALUES(28,'cashier1','Logout','27/4/2007 4:44:13 PM',4,'','27/4/2007 4:44:13 PM','','27/4/2007 4:44:13 PM')
INSERT INTO [LoginActivity] ([LoginActivityID],[UserName],[LoginType],[LoginDateTime],[PointOfSaleID],[CreatedBy],[CreatedOn],[ModifiedBy],[ModifiedOn])
VALUES(29,'cashier1','Login','28/4/2007 4:10:40 AM',4,'','28/4/2007 4:10:40 AM','','28/4/2007 4:10:40 AM')
INSERT INTO [LoginActivity] ([LoginActivityID],[UserName],[LoginType],[LoginDateTime],[PointOfSaleID],[CreatedBy],[CreatedOn],[ModifiedBy],[ModifiedOn])
VALUES(30,'cashier1','Logout','28/4/2007 4:14:28 AM',4,'','28/4/2007 4:14:28 AM','','28/4/2007 4:14:28 AM')
INSERT INTO [LoginActivity] ([LoginActivityID],[UserName],[LoginType],[LoginDateTime],[PointOfSaleID],[CreatedBy],[CreatedOn],[ModifiedBy],[ModifiedOn])
VALUES(31,'cashier1','Login','28/4/2007 4:15:46 AM',4,'','28/4/2007 4:15:46 AM','','28/4/2007 4:15:46 AM')
INSERT INTO [LoginActivity] ([LoginActivityID],[UserName],[LoginType],[LoginDateTime],[PointOfSaleID],[CreatedBy],[CreatedOn],[ModifiedBy],[ModifiedOn])
VALUES(32,'cashier1','Logout','28/4/2007 4:27:42 AM',4,'','28/4/2007 4:27:42 AM','','28/4/2007 4:27:42 AM')
INSERT INTO [LoginActivity] ([LoginActivityID],[UserName],[LoginType],[LoginDateTime],[PointOfSaleID],[CreatedBy],[CreatedOn],[ModifiedBy],[ModifiedOn])
VALUES(33,'cashier1','Login','28/4/2007 10:03:27 PM',4,'','28/4/2007 10:03:27 PM','','28/4/2007 10:03:27 PM')
INSERT INTO [LoginActivity] ([LoginActivityID],[UserName],[LoginType],[LoginDateTime],[PointOfSaleID],[CreatedBy],[CreatedOn],[ModifiedBy],[ModifiedOn])
VALUES(34,'cashier1','Logout','28/4/2007 10:09:11 PM',4,'','28/4/2007 10:09:11 PM','','28/4/2007 10:09:11 PM')
INSERT INTO [LoginActivity] ([LoginActivityID],[UserName],[LoginType],[LoginDateTime],[PointOfSaleID],[CreatedBy],[CreatedOn],[ModifiedBy],[ModifiedOn])
VALUES(35,'cashier1','Login','28/4/2007 10:10:19 PM',4,'','28/4/2007 10:10:19 PM','','28/4/2007 10:10:19 PM')
INSERT INTO [LoginActivity] ([LoginActivityID],[UserName],[LoginType],[LoginDateTime],[PointOfSaleID],[CreatedBy],[CreatedOn],[ModifiedBy],[ModifiedOn])
VALUES(36,'cashier1','Login','28/4/2007 10:14:55 PM',4,'','28/4/2007 10:14:55 PM','','28/4/2007 10:14:55 PM')
INSERT INTO [LoginActivity] ([LoginActivityID],[UserName],[LoginType],[LoginDateTime],[PointOfSaleID],[CreatedBy],[CreatedOn],[ModifiedBy],[ModifiedOn])
VALUES(37,'cashier1','Login','28/4/2007 10:16:58 PM',4,'','28/4/2007 10:16:58 PM','','28/4/2007 10:16:58 PM')
INSERT INTO [LoginActivity] ([LoginActivityID],[UserName],[LoginType],[LoginDateTime],[PointOfSaleID],[CreatedBy],[CreatedOn],[ModifiedBy],[ModifiedOn])
VALUES(38,'cashier1','Login','28/4/2007 10:18:22 PM',4,'','28/4/2007 10:18:22 PM','','28/4/2007 10:18:22 PM')
INSERT INTO [LoginActivity] ([LoginActivityID],[UserName],[LoginType],[LoginDateTime],[PointOfSaleID],[CreatedBy],[CreatedOn],[ModifiedBy],[ModifiedOn])
VALUES(39,'cashier1','Login','28/4/2007 10:19:56 PM',4,'','28/4/2007 10:19:56 PM','','28/4/2007 10:19:56 PM')
INSERT INTO [LoginActivity] ([LoginActivityID],[UserName],[LoginType],[LoginDateTime],[PointOfSaleID],[CreatedBy],[CreatedOn],[ModifiedBy],[ModifiedOn])
VALUES(40,'cashier1','Login','28/4/2007 10:50:02 PM',4,'','28/4/2007 10:50:02 PM','','28/4/2007 10:50:02 PM')
INSERT INTO [LoginActivity] ([LoginActivityID],[UserName],[LoginType],[LoginDateTime],[PointOfSaleID],[CreatedBy],[CreatedOn],[ModifiedBy],[ModifiedOn])
VALUES(41,'cashier1','Logout','28/4/2007 10:51:20 PM',4,'','28/4/2007 10:51:20 PM','','28/4/2007 10:51:20 PM')
INSERT INTO [LoginActivity] ([LoginActivityID],[UserName],[LoginType],[LoginDateTime],[PointOfSaleID],[CreatedBy],[CreatedOn],[ModifiedBy],[ModifiedOn])
VALUES(42,'cashier1','Login','28/4/2007 10:53:11 PM',4,'','28/4/2007 10:53:11 PM','','28/4/2007 10:53:11 PM')
INSERT INTO [LoginActivity] ([LoginActivityID],[UserName],[LoginType],[LoginDateTime],[PointOfSaleID],[CreatedBy],[CreatedOn],[ModifiedBy],[ModifiedOn])
VALUES(43,'cashier1','Logout','28/4/2007 10:55:02 PM',4,'','28/4/2007 10:55:02 PM','','28/4/2007 10:55:02 PM')
INSERT INTO [LoginActivity] ([LoginActivityID],[UserName],[LoginType],[LoginDateTime],[PointOfSaleID],[CreatedBy],[CreatedOn],[ModifiedBy],[ModifiedOn])
VALUES(44,'cashier1','Login','28/4/2007 11:26:01 PM',4,'','28/4/2007 11:26:01 PM','','28/4/2007 11:26:01 PM')
INSERT INTO [LoginActivity] ([LoginActivityID],[UserName],[LoginType],[LoginDateTime],[PointOfSaleID],[CreatedBy],[CreatedOn],[ModifiedBy],[ModifiedOn])
VALUES(45,'cashier1','Logout','28/4/2007 11:26:34 PM',4,'','28/4/2007 11:26:34 PM','','28/4/2007 11:26:34 PM')
INSERT INTO [LoginActivity] ([LoginActivityID],[UserName],[LoginType],[LoginDateTime],[PointOfSaleID],[CreatedBy],[CreatedOn],[ModifiedBy],[ModifiedOn])
VALUES(46,'cashier1','Login','28/4/2007 11:29:48 PM',4,'','28/4/2007 11:29:48 PM','','28/4/2007 11:29:48 PM')
INSERT INTO [LoginActivity] ([LoginActivityID],[UserName],[LoginType],[LoginDateTime],[PointOfSaleID],[CreatedBy],[CreatedOn],[ModifiedBy],[ModifiedOn])
VALUES(47,'cashier1','Logout','28/4/2007 11:31:44 PM',4,'','28/4/2007 11:31:44 PM','','28/4/2007 11:31:44 PM')
INSERT INTO [LoginActivity] ([LoginActivityID],[UserName],[LoginType],[LoginDateTime],[PointOfSaleID],[CreatedBy],[CreatedOn],[ModifiedBy],[ModifiedOn])
VALUES(48,'cashier1','Login','28/4/2007 11:32:33 PM',4,'','28/4/2007 11:32:33 PM','','28/4/2007 11:32:33 PM')
INSERT INTO [LoginActivity] ([LoginActivityID],[UserName],[LoginType],[LoginDateTime],[PointOfSaleID],[CreatedBy],[CreatedOn],[ModifiedBy],[ModifiedOn])
VALUES(49,'cashier1','Logout','28/4/2007 11:33:23 PM',4,'','28/4/2007 11:33:23 PM','','28/4/2007 11:33:23 PM')
INSERT INTO [LoginActivity] ([LoginActivityID],[UserName],[LoginType],[LoginDateTime],[PointOfSaleID],[CreatedBy],[CreatedOn],[ModifiedBy],[ModifiedOn])
VALUES(50,'cashier1','Login','28/4/2007 8:42:50 PM',4,'','28/4/2007 8:42:50 PM','','28/4/2007 8:42:50 PM')
INSERT INTO [LoginActivity] ([LoginActivityID],[UserName],[LoginType],[LoginDateTime],[PointOfSaleID],[CreatedBy],[CreatedOn],[ModifiedBy],[ModifiedOn])
VALUES(51,'cashier1','Login','28/4/2007 8:44:26 PM',4,'','28/4/2007 8:44:26 PM','','28/4/2007 8:44:26 PM')
INSERT INTO [LoginActivity] ([LoginActivityID],[UserName],[LoginType],[LoginDateTime],[PointOfSaleID],[CreatedBy],[CreatedOn],[ModifiedBy],[ModifiedOn])
VALUES(52,'cashier1','Login','28/4/2007 8:45:42 PM',4,'','28/4/2007 8:45:42 PM','','28/4/2007 8:45:42 PM')
INSERT INTO [LoginActivity] ([LoginActivityID],[UserName],[LoginType],[LoginDateTime],[PointOfSaleID],[CreatedBy],[CreatedOn],[ModifiedBy],[ModifiedOn])
VALUES(53,'cashier1','Login','28/4/2007 8:49:06 PM',4,'','28/4/2007 8:49:06 PM','','28/4/2007 8:49:06 PM')
INSERT INTO [LoginActivity] ([LoginActivityID],[UserName],[LoginType],[LoginDateTime],[PointOfSaleID],[CreatedBy],[CreatedOn],[ModifiedBy],[ModifiedOn])
VALUES(54,'cashier1','Logout','28/4/2007 8:49:08 PM',4,'','28/4/2007 8:49:08 PM','','28/4/2007 8:49:08 PM')
INSERT INTO [LoginActivity] ([LoginActivityID],[UserName],[LoginType],[LoginDateTime],[PointOfSaleID],[CreatedBy],[CreatedOn],[ModifiedBy],[ModifiedOn])
VALUES(55,'cashier1','Login','28/4/2007 8:49:14 PM',4,'','28/4/2007 8:49:14 PM','','28/4/2007 8:49:14 PM')
INSERT INTO [LoginActivity] ([LoginActivityID],[UserName],[LoginType],[LoginDateTime],[PointOfSaleID],[CreatedBy],[CreatedOn],[ModifiedBy],[ModifiedOn])
VALUES(56,'cashier1','Logout','28/4/2007 8:49:52 PM',4,'','28/4/2007 8:49:52 PM','','28/4/2007 8:49:52 PM')
INSERT INTO [LoginActivity] ([LoginActivityID],[UserName],[LoginType],[LoginDateTime],[PointOfSaleID],[CreatedBy],[CreatedOn],[ModifiedBy],[ModifiedOn])
VALUES(57,'cashier1','Login','28/4/2007 8:51:21 PM',4,'','28/4/2007 8:51:21 PM','','28/4/2007 8:51:21 PM')
INSERT INTO [LoginActivity] ([LoginActivityID],[UserName],[LoginType],[LoginDateTime],[PointOfSaleID],[CreatedBy],[CreatedOn],[ModifiedBy],[ModifiedOn])
VALUES(58,'cashier1','Logout','28/4/2007 8:57:53 PM',4,'','28/4/2007 8:57:53 PM','','28/4/2007 8:57:53 PM')
INSERT INTO [LoginActivity] ([LoginActivityID],[UserName],[LoginType],[LoginDateTime],[PointOfSaleID],[CreatedBy],[CreatedOn],[ModifiedBy],[ModifiedOn])
VALUES(59,'cashier1','Login','28/4/2007 9:00:24 PM',4,'','28/4/2007 9:00:24 PM','','28/4/2007 9:00:24 PM')
INSERT INTO [LoginActivity] ([LoginActivityID],[UserName],[LoginType],[LoginDateTime],[PointOfSaleID],[CreatedBy],[CreatedOn],[ModifiedBy],[ModifiedOn])
VALUES(60,'cashier1','Logout','28/4/2007 9:09:15 PM',4,'','28/4/2007 9:09:15 PM','','28/4/2007 9:09:15 PM')
INSERT INTO [LoginActivity] ([LoginActivityID],[UserName],[LoginType],[LoginDateTime],[PointOfSaleID],[CreatedBy],[CreatedOn],[ModifiedBy],[ModifiedOn])
VALUES(61,'cashier1','Login','28/4/2007 10:02:36 PM',4,'','28/4/2007 10:02:36 PM','','28/4/2007 10:02:36 PM')
INSERT INTO [LoginActivity] ([LoginActivityID],[UserName],[LoginType],[LoginDateTime],[PointOfSaleID],[CreatedBy],[CreatedOn],[ModifiedBy],[ModifiedOn])
VALUES(62,'cashier1','Logout','28/4/2007 10:03:10 PM',4,'','28/4/2007 10:03:10 PM','','28/4/2007 10:03:10 PM')
INSERT INTO [LoginActivity] ([LoginActivityID],[UserName],[LoginType],[LoginDateTime],[PointOfSaleID],[CreatedBy],[CreatedOn],[ModifiedBy],[ModifiedOn])
VALUES(63,'cashier1','Login','29/4/2007 11:27:03 PM',4,'','29/4/2007 11:27:03 PM','','29/4/2007 11:27:03 PM')
INSERT INTO [LoginActivity] ([LoginActivityID],[UserName],[LoginType],[LoginDateTime],[PointOfSaleID],[CreatedBy],[CreatedOn],[ModifiedBy],[ModifiedOn])
VALUES(64,'cashier1','Logout','29/4/2007 11:27:23 PM',4,'','29/4/2007 11:27:23 PM','','29/4/2007 11:27:23 PM')
INSERT INTO [LoginActivity] ([LoginActivityID],[UserName],[LoginType],[LoginDateTime],[PointOfSaleID],[CreatedBy],[CreatedOn],[ModifiedBy],[ModifiedOn])
VALUES(65,'cashier1','Login','29/4/2007 11:36:13 PM',4,'','29/4/2007 11:36:14 PM','','29/4/2007 11:36:14 PM')
INSERT INTO [LoginActivity] ([LoginActivityID],[UserName],[LoginType],[LoginDateTime],[PointOfSaleID],[CreatedBy],[CreatedOn],[ModifiedBy],[ModifiedOn])
VALUES(66,'cashier1','Logout','29/4/2007 11:36:37 PM',4,'','29/4/2007 11:36:37 PM','','29/4/2007 11:36:37 PM')
INSERT INTO [LoginActivity] ([LoginActivityID],[UserName],[LoginType],[LoginDateTime],[PointOfSaleID],[CreatedBy],[CreatedOn],[ModifiedBy],[ModifiedOn])
VALUES(67,'cashier1','Login','29/4/2007 11:37:15 PM',4,'','29/4/2007 11:37:15 PM','','29/4/2007 11:37:15 PM')
INSERT INTO [LoginActivity] ([LoginActivityID],[UserName],[LoginType],[LoginDateTime],[PointOfSaleID],[CreatedBy],[CreatedOn],[ModifiedBy],[ModifiedOn])
VALUES(68,'cashier1','Login','29/4/2007 11:38:05 PM',4,'','29/4/2007 11:38:05 PM','','29/4/2007 11:38:05 PM')
INSERT INTO [LoginActivity] ([LoginActivityID],[UserName],[LoginType],[LoginDateTime],[PointOfSaleID],[CreatedBy],[CreatedOn],[ModifiedBy],[ModifiedOn])
VALUES(69,'cashier1','Logout','29/4/2007 11:38:43 PM',4,'','29/4/2007 11:38:43 PM','','29/4/2007 11:38:43 PM')
INSERT INTO [LoginActivity] ([LoginActivityID],[UserName],[LoginType],[LoginDateTime],[PointOfSaleID],[CreatedBy],[CreatedOn],[ModifiedBy],[ModifiedOn])
VALUES(70,'cashier1','Login','29/4/2007 11:41:20 PM',4,'','29/4/2007 11:41:21 PM','','29/4/2007 11:41:21 PM')
INSERT INTO [LoginActivity] ([LoginActivityID],[UserName],[LoginType],[LoginDateTime],[PointOfSaleID],[CreatedBy],[CreatedOn],[ModifiedBy],[ModifiedOn])
VALUES(71,'cashier1','Logout','29/4/2007 11:42:13 PM',4,'','29/4/2007 11:42:13 PM','','29/4/2007 11:42:13 PM')
INSERT INTO [LoginActivity] ([LoginActivityID],[UserName],[LoginType],[LoginDateTime],[PointOfSaleID],[CreatedBy],[CreatedOn],[ModifiedBy],[ModifiedOn])
VALUES(72,'cashier1','Login','30/4/2007 12:03:36 AM',4,'','30/4/2007 12:03:36 AM','','30/4/2007 12:03:36 AM')
INSERT INTO [LoginActivity] ([LoginActivityID],[UserName],[LoginType],[LoginDateTime],[PointOfSaleID],[CreatedBy],[CreatedOn],[ModifiedBy],[ModifiedOn])
VALUES(73,'supervisor1','Authorizing','30/4/2007 12:06:52 AM',4,'','30/4/2007 12:06:52 AM','','30/4/2007 12:06:52 AM')
INSERT INTO [LoginActivity] ([LoginActivityID],[UserName],[LoginType],[LoginDateTime],[PointOfSaleID],[CreatedBy],[CreatedOn],[ModifiedBy],[ModifiedOn])
VALUES(74,'supervisor1','Authorizing','30/4/2007 12:07:01 AM',4,'','30/4/2007 12:07:01 AM','','30/4/2007 12:07:01 AM')
INSERT INTO [LoginActivity] ([LoginActivityID],[UserName],[LoginType],[LoginDateTime],[PointOfSaleID],[CreatedBy],[CreatedOn],[ModifiedBy],[ModifiedOn])
VALUES(75,'cashier1','Logout','30/4/2007 12:08:22 AM',4,'','30/4/2007 12:08:22 AM','','30/4/2007 12:08:22 AM')
INSERT INTO [LoginActivity] ([LoginActivityID],[UserName],[LoginType],[LoginDateTime],[PointOfSaleID],[CreatedBy],[CreatedOn],[ModifiedBy],[ModifiedOn])
VALUES(76,'cashier1','Login','30/4/2007 12:20:45 AM',4,'','30/4/2007 12:20:45 AM','','30/4/2007 12:20:45 AM')
INSERT INTO [LoginActivity] ([LoginActivityID],[UserName],[LoginType],[LoginDateTime],[PointOfSaleID],[CreatedBy],[CreatedOn],[ModifiedBy],[ModifiedOn])
VALUES(77,'cashier1','Logout','30/4/2007 12:21:06 AM',4,'','30/4/2007 12:21:06 AM','','30/4/2007 12:21:06 AM')
INSERT INTO [LoginActivity] ([LoginActivityID],[UserName],[LoginType],[LoginDateTime],[PointOfSaleID],[CreatedBy],[CreatedOn],[ModifiedBy],[ModifiedOn])
VALUES(78,'cashier1','Login','30/4/2007 10:17:16 AM',4,'','30/4/2007 10:17:16 AM','','30/4/2007 10:17:16 AM')
INSERT INTO [LoginActivity] ([LoginActivityID],[UserName],[LoginType],[LoginDateTime],[PointOfSaleID],[CreatedBy],[CreatedOn],[ModifiedBy],[ModifiedOn])
VALUES(79,'cashier1','Logout','30/4/2007 10:17:50 AM',4,'','30/4/2007 10:17:50 AM','','30/4/2007 10:17:50 AM')
INSERT INTO [LoginActivity] ([LoginActivityID],[UserName],[LoginType],[LoginDateTime],[PointOfSaleID],[CreatedBy],[CreatedOn],[ModifiedBy],[ModifiedOn])
VALUES(80,'cashier1','Login','30/4/2007 10:21:38 AM',4,'','30/4/2007 10:21:38 AM','','30/4/2007 10:21:38 AM')
INSERT INTO [LoginActivity] ([LoginActivityID],[UserName],[LoginType],[LoginDateTime],[PointOfSaleID],[CreatedBy],[CreatedOn],[ModifiedBy],[ModifiedOn])
VALUES(81,'cashier1','Login','30/4/2007 10:26:18 AM',4,'','30/4/2007 10:26:18 AM','','30/4/2007 10:26:18 AM')
INSERT INTO [LoginActivity] ([LoginActivityID],[UserName],[LoginType],[LoginDateTime],[PointOfSaleID],[CreatedBy],[CreatedOn],[ModifiedBy],[ModifiedOn])
VALUES(82,'cashier1','Login','30/4/2007 10:37:55 AM',4,'','30/4/2007 10:37:55 AM','','30/4/2007 10:37:55 AM')
INSERT INTO [LoginActivity] ([LoginActivityID],[UserName],[LoginType],[LoginDateTime],[PointOfSaleID],[CreatedBy],[CreatedOn],[ModifiedBy],[ModifiedOn])
VALUES(83,'cashier1','Login','30/4/2007 10:40:37 AM',4,'','30/4/2007 10:40:37 AM','','30/4/2007 10:40:37 AM')
INSERT INTO [LoginActivity] ([LoginActivityID],[UserName],[LoginType],[LoginDateTime],[PointOfSaleID],[CreatedBy],[CreatedOn],[ModifiedBy],[ModifiedOn])
VALUES(84,'cashier1','Login','30/4/2007 10:49:23 AM',4,'','30/4/2007 10:49:23 AM','','30/4/2007 10:49:23 AM')
INSERT INTO [LoginActivity] ([LoginActivityID],[UserName],[LoginType],[LoginDateTime],[PointOfSaleID],[CreatedBy],[CreatedOn],[ModifiedBy],[ModifiedOn])
VALUES(85,'cashier1','Login','30/4/2007 10:54:05 AM',4,'','30/4/2007 10:54:05 AM','','30/4/2007 10:54:05 AM')
INSERT INTO [LoginActivity] ([LoginActivityID],[UserName],[LoginType],[LoginDateTime],[PointOfSaleID],[CreatedBy],[CreatedOn],[ModifiedBy],[ModifiedOn])
VALUES(86,'cashier1','Logout','30/4/2007 10:58:55 AM',4,'','30/4/2007 10:58:55 AM','','30/4/2007 10:58:55 AM')
INSERT INTO [LoginActivity] ([LoginActivityID],[UserName],[LoginType],[LoginDateTime],[PointOfSaleID],[CreatedBy],[CreatedOn],[ModifiedBy],[ModifiedOn])
VALUES(87,'cashier1','Login','30/4/2007 1:27:34 PM',4,'','30/4/2007 1:27:34 PM','','30/4/2007 1:27:34 PM')
INSERT INTO [LoginActivity] ([LoginActivityID],[UserName],[LoginType],[LoginDateTime],[PointOfSaleID],[CreatedBy],[CreatedOn],[ModifiedBy],[ModifiedOn])
VALUES(88,'cashier1','Login','30/4/2007 1:30:49 PM',4,'','30/4/2007 1:30:49 PM','','30/4/2007 1:30:49 PM')
INSERT INTO [LoginActivity] ([LoginActivityID],[UserName],[LoginType],[LoginDateTime],[PointOfSaleID],[CreatedBy],[CreatedOn],[ModifiedBy],[ModifiedOn])
VALUES(89,'cashier1','Login','30/4/2007 1:31:45 PM',4,'','30/4/2007 1:31:45 PM','','30/4/2007 1:31:45 PM')
INSERT INTO [LoginActivity] ([LoginActivityID],[UserName],[LoginType],[LoginDateTime],[PointOfSaleID],[CreatedBy],[CreatedOn],[ModifiedBy],[ModifiedOn])
VALUES(90,'cashier1','Login','30/4/2007 1:36:25 PM',2,'','30/4/2007 1:36:25 PM','','30/4/2007 1:36:25 PM')
INSERT INTO [LoginActivity] ([LoginActivityID],[UserName],[LoginType],[LoginDateTime],[PointOfSaleID],[CreatedBy],[CreatedOn],[ModifiedBy],[ModifiedOn])
VALUES(91,'cashier1','Login','30/4/2007 1:46:00 PM',2,'','30/4/2007 1:46:00 PM','','30/4/2007 1:46:00 PM')
INSERT INTO [LoginActivity] ([LoginActivityID],[UserName],[LoginType],[LoginDateTime],[PointOfSaleID],[CreatedBy],[CreatedOn],[ModifiedBy],[ModifiedOn])
VALUES(92,'supervisor1','Authorizing','30/4/2007 1:47:18 PM',2,'','30/4/2007 1:47:18 PM','','30/4/2007 1:47:18 PM')
INSERT INTO [LoginActivity] ([LoginActivityID],[UserName],[LoginType],[LoginDateTime],[PointOfSaleID],[CreatedBy],[CreatedOn],[ModifiedBy],[ModifiedOn])
VALUES(93,'cashier1','Logout','30/4/2007 1:47:26 PM',2,'','30/4/2007 1:47:26 PM','','30/4/2007 1:47:26 PM')
INSERT INTO [LoginActivity] ([LoginActivityID],[UserName],[LoginType],[LoginDateTime],[PointOfSaleID],[CreatedBy],[CreatedOn],[ModifiedBy],[ModifiedOn])
VALUES(94,'cashier1','Login','30/4/2007 2:07:00 PM',2,'','30/4/2007 2:07:00 PM','','30/4/2007 2:07:00 PM')
INSERT INTO [LoginActivity] ([LoginActivityID],[UserName],[LoginType],[LoginDateTime],[PointOfSaleID],[CreatedBy],[CreatedOn],[ModifiedBy],[ModifiedOn])
VALUES(95,'supervisor1','Authorizing','30/4/2007 2:08:23 PM',2,'','30/4/2007 2:08:23 PM','','30/4/2007 2:08:23 PM')
INSERT INTO [LoginActivity] ([LoginActivityID],[UserName],[LoginType],[LoginDateTime],[PointOfSaleID],[CreatedBy],[CreatedOn],[ModifiedBy],[ModifiedOn])
VALUES(96,'cashier1','Logout','30/4/2007 2:08:28 PM',2,'','30/4/2007 2:08:28 PM','','30/4/2007 2:08:28 PM')
INSERT INTO [LoginActivity] ([LoginActivityID],[UserName],[LoginType],[LoginDateTime],[PointOfSaleID],[CreatedBy],[CreatedOn],[ModifiedBy],[ModifiedOn])
VALUES(97,'cashier1','Login','30/4/2007 2:25:24 PM',2,'','30/4/2007 2:25:24 PM','','30/4/2007 2:25:24 PM')
INSERT INTO [LoginActivity] ([LoginActivityID],[UserName],[LoginType],[LoginDateTime],[PointOfSaleID],[CreatedBy],[CreatedOn],[ModifiedBy],[ModifiedOn])
VALUES(98,'supervisor1','Authorizing','30/4/2007 2:27:30 PM',2,'','30/4/2007 2:27:30 PM','','30/4/2007 2:27:30 PM')
INSERT INTO [LoginActivity] ([LoginActivityID],[UserName],[LoginType],[LoginDateTime],[PointOfSaleID],[CreatedBy],[CreatedOn],[ModifiedBy],[ModifiedOn])
VALUES(99,'cashier1','Logout','30/4/2007 2:27:46 PM',2,'','30/4/2007 2:27:46 PM','','30/4/2007 2:27:46 PM')
INSERT INTO [LoginActivity] ([LoginActivityID],[UserName],[LoginType],[LoginDateTime],[PointOfSaleID],[CreatedBy],[CreatedOn],[ModifiedBy],[ModifiedOn])
VALUES(100,'cashier1','Login','30/4/2007 2:29:59 PM',2,'','30/4/2007 2:29:59 PM','','30/4/2007 2:29:59 PM')
INSERT INTO [LoginActivity] ([LoginActivityID],[UserName],[LoginType],[LoginDateTime],[PointOfSaleID],[CreatedBy],[CreatedOn],[ModifiedBy],[ModifiedOn])
VALUES(101,'cashier1','Logout','30/4/2007 2:30:15 PM',2,'','30/4/2007 2:30:15 PM','','30/4/2007 2:30:15 PM')
INSERT INTO [LoginActivity] ([LoginActivityID],[UserName],[LoginType],[LoginDateTime],[PointOfSaleID],[CreatedBy],[CreatedOn],[ModifiedBy],[ModifiedOn])
VALUES(102,'cashier1','Login','30/4/2007 3:40:49 PM',2,'','30/4/2007 3:40:49 PM','','30/4/2007 3:40:49 PM')
INSERT INTO [LoginActivity] ([LoginActivityID],[UserName],[LoginType],[LoginDateTime],[PointOfSaleID],[CreatedBy],[CreatedOn],[ModifiedBy],[ModifiedOn])
VALUES(103,'cashier1','Login','30/4/2007 3:44:07 PM',2,'','30/4/2007 3:44:07 PM','','30/4/2007 3:44:07 PM')
INSERT INTO [LoginActivity] ([LoginActivityID],[UserName],[LoginType],[LoginDateTime],[PointOfSaleID],[CreatedBy],[CreatedOn],[ModifiedBy],[ModifiedOn])
VALUES(104,'cashier1','Logout','30/4/2007 3:45:47 PM',2,'','30/4/2007 3:45:47 PM','','30/4/2007 3:45:47 PM')
INSERT INTO [LoginActivity] ([LoginActivityID],[UserName],[LoginType],[LoginDateTime],[PointOfSaleID],[CreatedBy],[CreatedOn],[ModifiedBy],[ModifiedOn])
VALUES(105,'cashier1','Login','30/4/2007 3:47:25 PM',2,'','30/4/2007 3:47:25 PM','','30/4/2007 3:47:25 PM')
INSERT INTO [LoginActivity] ([LoginActivityID],[UserName],[LoginType],[LoginDateTime],[PointOfSaleID],[CreatedBy],[CreatedOn],[ModifiedBy],[ModifiedOn])
VALUES(106,'cashier1','Logout','30/4/2007 3:49:00 PM',2,'','30/4/2007 3:49:00 PM','','30/4/2007 3:49:00 PM')
INSERT INTO [LoginActivity] ([LoginActivityID],[UserName],[LoginType],[LoginDateTime],[PointOfSaleID],[CreatedBy],[CreatedOn],[ModifiedBy],[ModifiedOn])
VALUES(107,'cashier1','Login','30/4/2007 4:24:48 PM',2,'','30/4/2007 4:24:48 PM','','30/4/2007 4:24:48 PM')
INSERT INTO [LoginActivity] ([LoginActivityID],[UserName],[LoginType],[LoginDateTime],[PointOfSaleID],[CreatedBy],[CreatedOn],[ModifiedBy],[ModifiedOn])
VALUES(108,'cashier1','Logout','30/4/2007 4:25:50 PM',2,'','30/4/2007 4:25:50 PM','','30/4/2007 4:25:50 PM')
INSERT INTO [LoginActivity] ([LoginActivityID],[UserName],[LoginType],[LoginDateTime],[PointOfSaleID],[CreatedBy],[CreatedOn],[ModifiedBy],[ModifiedOn])
VALUES(109,'cashier1','Login','30/4/2007 4:27:24 PM',2,'','30/4/2007 4:27:24 PM','','30/4/2007 4:27:24 PM')
INSERT INTO [LoginActivity] ([LoginActivityID],[UserName],[LoginType],[LoginDateTime],[PointOfSaleID],[CreatedBy],[CreatedOn],[ModifiedBy],[ModifiedOn])
VALUES(110,'cashier1','Login','30/4/2007 4:35:50 PM',2,'','30/4/2007 4:35:50 PM','','30/4/2007 4:35:50 PM')
INSERT INTO [LoginActivity] ([LoginActivityID],[UserName],[LoginType],[LoginDateTime],[PointOfSaleID],[CreatedBy],[CreatedOn],[ModifiedBy],[ModifiedOn])
VALUES(111,'supervisor1','Authorizing','30/4/2007 4:36:11 PM',2,'','30/4/2007 4:36:11 PM','','30/4/2007 4:36:11 PM')
INSERT INTO [LoginActivity] ([LoginActivityID],[UserName],[LoginType],[LoginDateTime],[PointOfSaleID],[CreatedBy],[CreatedOn],[ModifiedBy],[ModifiedOn])
VALUES(112,'cashier1','Logout','30/4/2007 4:36:41 PM',2,'','30/4/2007 4:36:41 PM','','30/4/2007 4:36:41 PM')
INSERT INTO [LoginActivity] ([LoginActivityID],[UserName],[LoginType],[LoginDateTime],[PointOfSaleID],[CreatedBy],[CreatedOn],[ModifiedBy],[ModifiedOn])
VALUES(113,'cashier1','Login','30/4/2007 5:02:56 PM',2,'','30/4/2007 5:02:56 PM','','30/4/2007 5:02:56 PM')
INSERT INTO [LoginActivity] ([LoginActivityID],[UserName],[LoginType],[LoginDateTime],[PointOfSaleID],[CreatedBy],[CreatedOn],[ModifiedBy],[ModifiedOn])
VALUES(114,'cashier1','Logout','30/4/2007 5:07:34 PM',2,'','30/4/2007 5:07:34 PM','','30/4/2007 5:07:34 PM')
INSERT INTO [LoginActivity] ([LoginActivityID],[UserName],[LoginType],[LoginDateTime],[PointOfSaleID],[CreatedBy],[CreatedOn],[ModifiedBy],[ModifiedOn])
VALUES(115,'cashier1','Login','30/4/2007 5:11:58 PM',2,'','30/4/2007 5:11:58 PM','','30/4/2007 5:11:58 PM')
INSERT INTO [LoginActivity] ([LoginActivityID],[UserName],[LoginType],[LoginDateTime],[PointOfSaleID],[CreatedBy],[CreatedOn],[ModifiedBy],[ModifiedOn])
VALUES(116,'cashier1','Logout','30/4/2007 5:12:51 PM',2,'','30/4/2007 5:12:51 PM','','30/4/2007 5:12:51 PM')
INSERT INTO [LoginActivity] ([LoginActivityID],[UserName],[LoginType],[LoginDateTime],[PointOfSaleID],[CreatedBy],[CreatedOn],[ModifiedBy],[ModifiedOn])
VALUES(117,'cashier1','Login','30/4/2007 6:40:17 PM',2,'','30/4/2007 6:40:17 PM','','30/4/2007 6:40:17 PM')
INSERT INTO [LoginActivity] ([LoginActivityID],[UserName],[LoginType],[LoginDateTime],[PointOfSaleID],[CreatedBy],[CreatedOn],[ModifiedBy],[ModifiedOn])
VALUES(118,'cashier1','Login','30/4/2007 6:40:52 PM',2,'','30/4/2007 6:40:52 PM','','30/4/2007 6:40:52 PM')
INSERT INTO [LoginActivity] ([LoginActivityID],[UserName],[LoginType],[LoginDateTime],[PointOfSaleID],[CreatedBy],[CreatedOn],[ModifiedBy],[ModifiedOn])
VALUES(119,'cashier1','Login','30/4/2007 6:42:07 PM',2,'','30/4/2007 6:42:07 PM','','30/4/2007 6:42:07 PM')
INSERT INTO [LoginActivity] ([LoginActivityID],[UserName],[LoginType],[LoginDateTime],[PointOfSaleID],[CreatedBy],[CreatedOn],[ModifiedBy],[ModifiedOn])
VALUES(120,'cashier1','Logout','30/4/2007 6:42:15 PM',2,'','30/4/2007 6:42:15 PM','','30/4/2007 6:42:15 PM')
INSERT INTO [LoginActivity] ([LoginActivityID],[UserName],[LoginType],[LoginDateTime],[PointOfSaleID],[CreatedBy],[CreatedOn],[ModifiedBy],[ModifiedOn])
VALUES(121,'cashier1','Login','30/4/2007 6:48:54 PM',2,'','30/4/2007 6:48:54 PM','','30/4/2007 6:48:54 PM')
INSERT INTO [LoginActivity] ([LoginActivityID],[UserName],[LoginType],[LoginDateTime],[PointOfSaleID],[CreatedBy],[CreatedOn],[ModifiedBy],[ModifiedOn])
VALUES(122,'cashier1','Logout','30/4/2007 6:49:28 PM',2,'','30/4/2007 6:49:28 PM','','30/4/2007 6:49:28 PM')
INSERT INTO [LoginActivity] ([LoginActivityID],[UserName],[LoginType],[LoginDateTime],[PointOfSaleID],[CreatedBy],[CreatedOn],[ModifiedBy],[ModifiedOn])
VALUES(123,'cashier1','Login','30/4/2007 6:50:20 PM',2,'','30/4/2007 6:50:20 PM','','30/4/2007 6:50:20 PM')
INSERT INTO [LoginActivity] ([LoginActivityID],[UserName],[LoginType],[LoginDateTime],[PointOfSaleID],[CreatedBy],[CreatedOn],[ModifiedBy],[ModifiedOn])
VALUES(124,'cashier1','Login','30/4/2007 6:51:33 PM',2,'','30/4/2007 6:51:33 PM','','30/4/2007 6:51:33 PM')
INSERT INTO [LoginActivity] ([LoginActivityID],[UserName],[LoginType],[LoginDateTime],[PointOfSaleID],[CreatedBy],[CreatedOn],[ModifiedBy],[ModifiedOn])
VALUES(125,'cashier1','Logout','30/4/2007 6:51:53 PM',2,'','30/4/2007 6:51:53 PM','','30/4/2007 6:51:53 PM')
INSERT INTO [LoginActivity] ([LoginActivityID],[UserName],[LoginType],[LoginDateTime],[PointOfSaleID],[CreatedBy],[CreatedOn],[ModifiedBy],[ModifiedOn])
VALUES(126,'cashier1','Login','30/4/2007 7:17:51 PM',2,'','30/4/2007 7:17:51 PM','','30/4/2007 7:17:51 PM')
INSERT INTO [LoginActivity] ([LoginActivityID],[UserName],[LoginType],[LoginDateTime],[PointOfSaleID],[CreatedBy],[CreatedOn],[ModifiedBy],[ModifiedOn])
VALUES(127,'cashier1','Logout','30/4/2007 7:18:05 PM',2,'','30/4/2007 7:18:05 PM','','30/4/2007 7:18:05 PM')
INSERT INTO [LoginActivity] ([LoginActivityID],[UserName],[LoginType],[LoginDateTime],[PointOfSaleID],[CreatedBy],[CreatedOn],[ModifiedBy],[ModifiedOn])
VALUES(128,'cashier1','Login','30/4/2007 7:25:29 PM',2,'','30/4/2007 7:25:29 PM','','30/4/2007 7:25:29 PM')
INSERT INTO [LoginActivity] ([LoginActivityID],[UserName],[LoginType],[LoginDateTime],[PointOfSaleID],[CreatedBy],[CreatedOn],[ModifiedBy],[ModifiedOn])
VALUES(129,'cashier1','Logout','30/4/2007 7:25:34 PM',2,'','30/4/2007 7:25:34 PM','','30/4/2007 7:25:34 PM')
INSERT INTO [LoginActivity] ([LoginActivityID],[UserName],[LoginType],[LoginDateTime],[PointOfSaleID],[CreatedBy],[CreatedOn],[ModifiedBy],[ModifiedOn])
VALUES(130,'cashier1','Login','30/4/2007 7:42:40 PM',2,'','30/4/2007 7:42:40 PM','','30/4/2007 7:42:40 PM')
INSERT INTO [LoginActivity] ([LoginActivityID],[UserName],[LoginType],[LoginDateTime],[PointOfSaleID],[CreatedBy],[CreatedOn],[ModifiedBy],[ModifiedOn])
VALUES(131,'cashier1','Logout','30/4/2007 7:42:42 PM',2,'','30/4/2007 7:42:42 PM','','30/4/2007 7:42:42 PM')
INSERT INTO [LoginActivity] ([LoginActivityID],[UserName],[LoginType],[LoginDateTime],[PointOfSaleID],[CreatedBy],[CreatedOn],[ModifiedBy],[ModifiedOn])
VALUES(132,'cashier1','Login','30/4/2007 7:47:00 PM',2,'','30/4/2007 7:47:01 PM','','30/4/2007 7:47:01 PM')
INSERT INTO [LoginActivity] ([LoginActivityID],[UserName],[LoginType],[LoginDateTime],[PointOfSaleID],[CreatedBy],[CreatedOn],[ModifiedBy],[ModifiedOn])
VALUES(133,'cashier1','Logout','30/4/2007 7:47:09 PM',2,'','30/4/2007 7:47:09 PM','','30/4/2007 7:47:09 PM')
INSERT INTO [LoginActivity] ([LoginActivityID],[UserName],[LoginType],[LoginDateTime],[PointOfSaleID],[CreatedBy],[CreatedOn],[ModifiedBy],[ModifiedOn])
VALUES(134,'cashier1','Login','30/4/2007 8:40:53 PM',2,'','30/4/2007 8:40:53 PM','','30/4/2007 8:40:53 PM')
INSERT INTO [LoginActivity] ([LoginActivityID],[UserName],[LoginType],[LoginDateTime],[PointOfSaleID],[CreatedBy],[CreatedOn],[ModifiedBy],[ModifiedOn])
VALUES(135,'cashier1','Logout','30/4/2007 8:41:10 PM',2,'','30/4/2007 8:41:10 PM','','30/4/2007 8:41:10 PM')
INSERT INTO [LoginActivity] ([LoginActivityID],[UserName],[LoginType],[LoginDateTime],[PointOfSaleID],[CreatedBy],[CreatedOn],[ModifiedBy],[ModifiedOn])
VALUES(136,'cashier1','Login','30/4/2007 8:42:07 PM',2,'','30/4/2007 8:42:07 PM','','30/4/2007 8:42:07 PM')
INSERT INTO [LoginActivity] ([LoginActivityID],[UserName],[LoginType],[LoginDateTime],[PointOfSaleID],[CreatedBy],[CreatedOn],[ModifiedBy],[ModifiedOn])
VALUES(137,'cashier1','Logout','30/4/2007 8:43:01 PM',2,'','30/4/2007 8:43:01 PM','','30/4/2007 8:43:01 PM')
INSERT INTO [LoginActivity] ([LoginActivityID],[UserName],[LoginType],[LoginDateTime],[PointOfSaleID],[CreatedBy],[CreatedOn],[ModifiedBy],[ModifiedOn])
VALUES(138,'cashier1','Login','1/5/2007 2:13:50 AM',2,'','1/5/2007 2:13:50 AM','','1/5/2007 2:13:50 AM')
INSERT INTO [LoginActivity] ([LoginActivityID],[UserName],[LoginType],[LoginDateTime],[PointOfSaleID],[CreatedBy],[CreatedOn],[ModifiedBy],[ModifiedOn])
VALUES(139,'cashier1','Logout','1/5/2007 2:14:01 AM',2,'','1/5/2007 2:14:01 AM','','1/5/2007 2:14:01 AM')
INSERT INTO [LoginActivity] ([LoginActivityID],[UserName],[LoginType],[LoginDateTime],[PointOfSaleID],[CreatedBy],[CreatedOn],[ModifiedBy],[ModifiedOn])
VALUES(140,'cashier1','Login','1/5/2007 2:15:45 AM',2,'','1/5/2007 2:15:45 AM','','1/5/2007 2:15:45 AM')
INSERT INTO [LoginActivity] ([LoginActivityID],[UserName],[LoginType],[LoginDateTime],[PointOfSaleID],[CreatedBy],[CreatedOn],[ModifiedBy],[ModifiedOn])
VALUES(141,'cashier1','Login','1/5/2007 3:11:27 AM',2,'','1/5/2007 3:11:27 AM','','1/5/2007 3:11:27 AM')
INSERT INTO [LoginActivity] ([LoginActivityID],[UserName],[LoginType],[LoginDateTime],[PointOfSaleID],[CreatedBy],[CreatedOn],[ModifiedBy],[ModifiedOn])
VALUES(142,'cashier1','Logout','1/5/2007 3:14:08 AM',2,'','1/5/2007 3:14:08 AM','','1/5/2007 3:14:08 AM')
INSERT INTO [LoginActivity] ([LoginActivityID],[UserName],[LoginType],[LoginDateTime],[PointOfSaleID],[CreatedBy],[CreatedOn],[ModifiedBy],[ModifiedOn])
VALUES(143,'cashier1','Login','1/5/2007 10:55:01 AM',2,'','1/5/2007 10:55:01 AM','','1/5/2007 10:55:01 AM')
INSERT INTO [LoginActivity] ([LoginActivityID],[UserName],[LoginType],[LoginDateTime],[PointOfSaleID],[CreatedBy],[CreatedOn],[ModifiedBy],[ModifiedOn])
VALUES(144,'cashier1','Logout','1/5/2007 10:56:31 AM',2,'','1/5/2007 10:56:31 AM','','1/5/2007 10:56:31 AM')
INSERT INTO [LoginActivity] ([LoginActivityID],[UserName],[LoginType],[LoginDateTime],[PointOfSaleID],[CreatedBy],[CreatedOn],[ModifiedBy],[ModifiedOn])
VALUES(145,'cashier1','Login','1/5/2007 10:58:06 AM',2,'','1/5/2007 10:58:06 AM','','1/5/2007 10:58:06 AM')
INSERT INTO [LoginActivity] ([LoginActivityID],[UserName],[LoginType],[LoginDateTime],[PointOfSaleID],[CreatedBy],[CreatedOn],[ModifiedBy],[ModifiedOn])
VALUES(146,'cashier1','Logout','1/5/2007 10:58:09 AM',2,'','1/5/2007 10:58:09 AM','','1/5/2007 10:58:09 AM')
INSERT INTO [LoginActivity] ([LoginActivityID],[UserName],[LoginType],[LoginDateTime],[PointOfSaleID],[CreatedBy],[CreatedOn],[ModifiedBy],[ModifiedOn])
VALUES(147,'cashier1','Login','1/5/2007 10:59:41 AM',2,'','1/5/2007 10:59:41 AM','','1/5/2007 10:59:41 AM')
INSERT INTO [LoginActivity] ([LoginActivityID],[UserName],[LoginType],[LoginDateTime],[PointOfSaleID],[CreatedBy],[CreatedOn],[ModifiedBy],[ModifiedOn])
VALUES(148,'cashier1','Logout','1/5/2007 11:00:36 AM',2,'','1/5/2007 11:00:36 AM','','1/5/2007 11:00:36 AM')
INSERT INTO [LoginActivity] ([LoginActivityID],[UserName],[LoginType],[LoginDateTime],[PointOfSaleID],[CreatedBy],[CreatedOn],[ModifiedBy],[ModifiedOn])
VALUES(149,'cashier1','Login','1/5/2007 11:02:18 AM',2,'','1/5/2007 11:02:18 AM','','1/5/2007 11:02:18 AM')
INSERT INTO [LoginActivity] ([LoginActivityID],[UserName],[LoginType],[LoginDateTime],[PointOfSaleID],[CreatedBy],[CreatedOn],[ModifiedBy],[ModifiedOn])
VALUES(150,'cashier1','Logout','1/5/2007 11:02:36 AM',2,'','1/5/2007 11:02:36 AM','','1/5/2007 11:02:36 AM')
INSERT INTO [LoginActivity] ([LoginActivityID],[UserName],[LoginType],[LoginDateTime],[PointOfSaleID],[CreatedBy],[CreatedOn],[ModifiedBy],[ModifiedOn])
VALUES(151,'cashier1','Login','1/5/2007 11:05:52 AM',2,'','1/5/2007 11:05:52 AM','','1/5/2007 11:05:52 AM')
INSERT INTO [LoginActivity] ([LoginActivityID],[UserName],[LoginType],[LoginDateTime],[PointOfSaleID],[CreatedBy],[CreatedOn],[ModifiedBy],[ModifiedOn])
VALUES(152,'cashier1','Logout','1/5/2007 11:06:15 AM',2,'','1/5/2007 11:06:15 AM','','1/5/2007 11:06:15 AM')
INSERT INTO [LoginActivity] ([LoginActivityID],[UserName],[LoginType],[LoginDateTime],[PointOfSaleID],[CreatedBy],[CreatedOn],[ModifiedBy],[ModifiedOn])
VALUES(153,'cashier1','Login','1/5/2007 11:06:59 AM',2,'','1/5/2007 11:06:59 AM','','1/5/2007 11:06:59 AM')
INSERT INTO [LoginActivity] ([LoginActivityID],[UserName],[LoginType],[LoginDateTime],[PointOfSaleID],[CreatedBy],[CreatedOn],[ModifiedBy],[ModifiedOn])
VALUES(154,'cashier1','Logout','1/5/2007 11:08:30 AM',2,'','1/5/2007 11:08:30 AM','','1/5/2007 11:08:30 AM')
INSERT INTO [LoginActivity] ([LoginActivityID],[UserName],[LoginType],[LoginDateTime],[PointOfSaleID],[CreatedBy],[CreatedOn],[ModifiedBy],[ModifiedOn])
VALUES(155,'cashier1','Login','1/5/2007 11:51:27 AM',2,'','1/5/2007 11:51:27 AM','','1/5/2007 11:51:27 AM')
INSERT INTO [LoginActivity] ([LoginActivityID],[UserName],[LoginType],[LoginDateTime],[PointOfSaleID],[CreatedBy],[CreatedOn],[ModifiedBy],[ModifiedOn])
VALUES(156,'cashier1','Login','1/5/2007 11:54:18 AM',2,'','1/5/2007 11:54:18 AM','','1/5/2007 11:54:18 AM')
INSERT INTO [LoginActivity] ([LoginActivityID],[UserName],[LoginType],[LoginDateTime],[PointOfSaleID],[CreatedBy],[CreatedOn],[ModifiedBy],[ModifiedOn])
VALUES(157,'cashier1','Login','1/5/2007 11:56:27 AM',2,'','1/5/2007 11:56:27 AM','','1/5/2007 11:56:27 AM')
INSERT INTO [LoginActivity] ([LoginActivityID],[UserName],[LoginType],[LoginDateTime],[PointOfSaleID],[CreatedBy],[CreatedOn],[ModifiedBy],[ModifiedOn])
VALUES(158,'cashier1','Login','1/5/2007 11:57:41 AM',2,'','1/5/2007 11:57:41 AM','','1/5/2007 11:57:41 AM')
INSERT INTO [LoginActivity] ([LoginActivityID],[UserName],[LoginType],[LoginDateTime],[PointOfSaleID],[CreatedBy],[CreatedOn],[ModifiedBy],[ModifiedOn])
VALUES(159,'cashier1','Login','1/5/2007 12:00:43 PM',2,'','1/5/2007 12:00:43 PM','','1/5/2007 12:00:43 PM')
INSERT INTO [LoginActivity] ([LoginActivityID],[UserName],[LoginType],[LoginDateTime],[PointOfSaleID],[CreatedBy],[CreatedOn],[ModifiedBy],[ModifiedOn])
VALUES(160,'cashier1','Login','1/5/2007 12:02:29 PM',2,'','1/5/2007 12:02:29 PM','','1/5/2007 12:02:29 PM')
INSERT INTO [LoginActivity] ([LoginActivityID],[UserName],[LoginType],[LoginDateTime],[PointOfSaleID],[CreatedBy],[CreatedOn],[ModifiedBy],[ModifiedOn])
VALUES(161,'cashier1','Login','1/5/2007 12:04:59 PM',2,'','1/5/2007 12:04:59 PM','','1/5/2007 12:04:59 PM')
INSERT INTO [LoginActivity] ([LoginActivityID],[UserName],[LoginType],[LoginDateTime],[PointOfSaleID],[CreatedBy],[CreatedOn],[ModifiedBy],[ModifiedOn])
VALUES(162,'cashier1','Login','1/5/2007 12:12:05 PM',2,'','1/5/2007 12:12:05 PM','','1/5/2007 12:12:05 PM')
INSERT INTO [LoginActivity] ([LoginActivityID],[UserName],[LoginType],[LoginDateTime],[PointOfSaleID],[CreatedBy],[CreatedOn],[ModifiedBy],[ModifiedOn])
VALUES(163,'cashier1','Logout','1/5/2007 12:12:30 PM',2,'','1/5/2007 12:12:30 PM','','1/5/2007 12:12:30 PM')
INSERT INTO [LoginActivity] ([LoginActivityID],[UserName],[LoginType],[LoginDateTime],[PointOfSaleID],[CreatedBy],[CreatedOn],[ModifiedBy],[ModifiedOn])
VALUES(164,'cashier1','Login','1/5/2007 12:20:24 PM',2,'','1/5/2007 12:20:24 PM','','1/5/2007 12:20:24 PM')
INSERT INTO [LoginActivity] ([LoginActivityID],[UserName],[LoginType],[LoginDateTime],[PointOfSaleID],[CreatedBy],[CreatedOn],[ModifiedBy],[ModifiedOn])
VALUES(165,'cashier1','Logout','1/5/2007 12:20:51 PM',2,'','1/5/2007 12:20:51 PM','','1/5/2007 12:20:51 PM')
INSERT INTO [LoginActivity] ([LoginActivityID],[UserName],[LoginType],[LoginDateTime],[PointOfSaleID],[CreatedBy],[CreatedOn],[ModifiedBy],[ModifiedOn])
VALUES(166,'cashier1','Login','2/5/2007 7:31:29 PM',2,'','2/5/2007 7:31:29 PM','','2/5/2007 7:31:29 PM')
INSERT INTO [LoginActivity] ([LoginActivityID],[UserName],[LoginType],[LoginDateTime],[PointOfSaleID],[CreatedBy],[CreatedOn],[ModifiedBy],[ModifiedOn])
VALUES(167,'cashier1','Logout','2/5/2007 7:31:44 PM',2,'','2/5/2007 7:31:44 PM','','2/5/2007 7:31:44 PM')
INSERT INTO [LoginActivity] ([LoginActivityID],[UserName],[LoginType],[LoginDateTime],[PointOfSaleID],[CreatedBy],[CreatedOn],[ModifiedBy],[ModifiedOn])
VALUES(172,'admin','Login','3/5/2007 1:37:21 AM',1,'','3/5/2007 1:37:21 AM','','3/5/2007 1:37:21 AM')
INSERT INTO [LoginActivity] ([LoginActivityID],[UserName],[LoginType],[LoginDateTime],[PointOfSaleID],[CreatedBy],[CreatedOn],[ModifiedBy],[ModifiedOn])
VALUES(173,'admin','Login','3/5/2007 1:43:23 AM',1,'','3/5/2007 1:43:23 AM','','3/5/2007 1:43:23 AM')
INSERT INTO [LoginActivity] ([LoginActivityID],[UserName],[LoginType],[LoginDateTime],[PointOfSaleID],[CreatedBy],[CreatedOn],[ModifiedBy],[ModifiedOn])
VALUES(174,'admin','Login','3/5/2007 1:44:45 AM',1,'','3/5/2007 1:44:45 AM','','3/5/2007 1:44:45 AM')
INSERT INTO [LoginActivity] ([LoginActivityID],[UserName],[LoginType],[LoginDateTime],[PointOfSaleID],[CreatedBy],[CreatedOn],[ModifiedBy],[ModifiedOn])
VALUES(175,'admin','Login','3/5/2007 2:05:36 AM',1,'','3/5/2007 2:05:36 AM','','3/5/2007 2:05:36 AM')
INSERT INTO [LoginActivity] ([LoginActivityID],[UserName],[LoginType],[LoginDateTime],[PointOfSaleID],[CreatedBy],[CreatedOn],[ModifiedBy],[ModifiedOn])
VALUES(176,'admin','Login','3/5/2007 7:24:44 PM',1,'','3/5/2007 7:24:44 PM','','3/5/2007 7:24:44 PM')
INSERT INTO [LoginActivity] ([LoginActivityID],[UserName],[LoginType],[LoginDateTime],[PointOfSaleID],[CreatedBy],[CreatedOn],[ModifiedBy],[ModifiedOn])
VALUES(177,'cashier1','Login','3/5/2007 7:48:30 PM',2,'','3/5/2007 7:48:30 PM','','3/5/2007 7:48:30 PM')
INSERT INTO [LoginActivity] ([LoginActivityID],[UserName],[LoginType],[LoginDateTime],[PointOfSaleID],[CreatedBy],[CreatedOn],[ModifiedBy],[ModifiedOn])
VALUES(178,'cashier1','Logout','3/5/2007 7:48:36 PM',2,'','3/5/2007 7:48:36 PM','','3/5/2007 7:48:36 PM')
INSERT INTO [LoginActivity] ([LoginActivityID],[UserName],[LoginType],[LoginDateTime],[PointOfSaleID],[CreatedBy],[CreatedOn],[ModifiedBy],[ModifiedOn])
VALUES(179,'cashier1','Login','3/5/2007 9:09:01 PM',2,'','3/5/2007 9:09:02 PM','','3/5/2007 9:09:02 PM')
INSERT INTO [LoginActivity] ([LoginActivityID],[UserName],[LoginType],[LoginDateTime],[PointOfSaleID],[CreatedBy],[CreatedOn],[ModifiedBy],[ModifiedOn])
VALUES(180,'cashier1','Logout','3/5/2007 9:09:38 PM',2,'','3/5/2007 9:09:38 PM','','3/5/2007 9:09:38 PM')
INSERT INTO [LoginActivity] ([LoginActivityID],[UserName],[LoginType],[LoginDateTime],[PointOfSaleID],[CreatedBy],[CreatedOn],[ModifiedBy],[ModifiedOn])
VALUES(181,'cashier1','Login','3/5/2007 9:59:39 PM',2,'','3/5/2007 9:59:39 PM','','3/5/2007 9:59:39 PM')
INSERT INTO [LoginActivity] ([LoginActivityID],[UserName],[LoginType],[LoginDateTime],[PointOfSaleID],[CreatedBy],[CreatedOn],[ModifiedBy],[ModifiedOn])
VALUES(182,'cashier1','Login','3/5/2007 10:07:04 PM',2,'','3/5/2007 10:07:04 PM','','3/5/2007 10:07:04 PM')
INSERT INTO [LoginActivity] ([LoginActivityID],[UserName],[LoginType],[LoginDateTime],[PointOfSaleID],[CreatedBy],[CreatedOn],[ModifiedBy],[ModifiedOn])
VALUES(183,'cashier1','Logout','3/5/2007 10:07:10 PM',2,'','3/5/2007 10:07:10 PM','','3/5/2007 10:07:10 PM')
INSERT INTO [LoginActivity] ([LoginActivityID],[UserName],[LoginType],[LoginDateTime],[PointOfSaleID],[CreatedBy],[CreatedOn],[ModifiedBy],[ModifiedOn])
VALUES(184,'cashier1','Login','3/5/2007 10:14:50 PM',2,'','3/5/2007 10:14:50 PM','','3/5/2007 10:14:50 PM')
INSERT INTO [LoginActivity] ([LoginActivityID],[UserName],[LoginType],[LoginDateTime],[PointOfSaleID],[CreatedBy],[CreatedOn],[ModifiedBy],[ModifiedOn])
VALUES(185,'cashier1','Logout','3/5/2007 10:15:03 PM',2,'','3/5/2007 10:15:03 PM','','3/5/2007 10:15:03 PM')
INSERT INTO [LoginActivity] ([LoginActivityID],[UserName],[LoginType],[LoginDateTime],[PointOfSaleID],[CreatedBy],[CreatedOn],[ModifiedBy],[ModifiedOn])
VALUES(186,'admin','Login','4/5/2007 12:17:40 AM',1,'','4/5/2007 12:17:40 AM','','4/5/2007 12:17:40 AM')
INSERT INTO [LoginActivity] ([LoginActivityID],[UserName],[LoginType],[LoginDateTime],[PointOfSaleID],[CreatedBy],[CreatedOn],[ModifiedBy],[ModifiedOn])
VALUES(187,'admin','Login','4/5/2007 12:20:51 AM',1,'','4/5/2007 12:20:51 AM','','4/5/2007 12:20:51 AM')
INSERT INTO [LoginActivity] ([LoginActivityID],[UserName],[LoginType],[LoginDateTime],[PointOfSaleID],[CreatedBy],[CreatedOn],[ModifiedBy],[ModifiedOn])
VALUES(188,'admin','Login','4/5/2007 12:21:02 AM',1,'','4/5/2007 12:21:02 AM','','4/5/2007 12:21:02 AM')
INSERT INTO [LoginActivity] ([LoginActivityID],[UserName],[LoginType],[LoginDateTime],[PointOfSaleID],[CreatedBy],[CreatedOn],[ModifiedBy],[ModifiedOn])
VALUES(189,'admin','Login','4/5/2007 12:22:05 AM',1,'','4/5/2007 12:22:05 AM','','4/5/2007 12:22:05 AM')
INSERT INTO [LoginActivity] ([LoginActivityID],[UserName],[LoginType],[LoginDateTime],[PointOfSaleID],[CreatedBy],[CreatedOn],[ModifiedBy],[ModifiedOn])
VALUES(190,'cashier1','Login','4/5/2007 12:23:27 AM',1,'','4/5/2007 12:23:27 AM','','4/5/2007 12:23:27 AM')
INSERT INTO [LoginActivity] ([LoginActivityID],[UserName],[LoginType],[LoginDateTime],[PointOfSaleID],[CreatedBy],[CreatedOn],[ModifiedBy],[ModifiedOn])
VALUES(191,'admin','Login','4/5/2007 12:26:15 AM',1,'','4/5/2007 12:26:15 AM','','4/5/2007 12:26:15 AM')
INSERT INTO [LoginActivity] ([LoginActivityID],[UserName],[LoginType],[LoginDateTime],[PointOfSaleID],[CreatedBy],[CreatedOn],[ModifiedBy],[ModifiedOn])
VALUES(192,'admin','Login','4/5/2007 12:28:51 AM',1,'','4/5/2007 12:28:51 AM','','4/5/2007 12:28:51 AM')
INSERT INTO [LoginActivity] ([LoginActivityID],[UserName],[LoginType],[LoginDateTime],[PointOfSaleID],[CreatedBy],[CreatedOn],[ModifiedBy],[ModifiedOn])
VALUES(193,'admin','Login','4/5/2007 12:31:51 AM',1,'','4/5/2007 12:31:51 AM','','4/5/2007 12:31:51 AM')
INSERT INTO [LoginActivity] ([LoginActivityID],[UserName],[LoginType],[LoginDateTime],[PointOfSaleID],[CreatedBy],[CreatedOn],[ModifiedBy],[ModifiedOn])
VALUES(194,'admin','Login','4/5/2007 12:38:44 AM',1,'','4/5/2007 12:38:44 AM','','4/5/2007 12:38:44 AM')
INSERT INTO [LoginActivity] ([LoginActivityID],[UserName],[LoginType],[LoginDateTime],[PointOfSaleID],[CreatedBy],[CreatedOn],[ModifiedBy],[ModifiedOn])
VALUES(195,'admin','Login','4/5/2007 12:40:27 AM',1,'','4/5/2007 12:40:27 AM','','4/5/2007 12:40:27 AM')
INSERT INTO [LoginActivity] ([LoginActivityID],[UserName],[LoginType],[LoginDateTime],[PointOfSaleID],[CreatedBy],[CreatedOn],[ModifiedBy],[ModifiedOn])
VALUES(196,'admin','Login','4/5/2007 12:42:35 AM',1,'','4/5/2007 12:42:35 AM','','4/5/2007 12:42:35 AM')
INSERT INTO [LoginActivity] ([LoginActivityID],[UserName],[LoginType],[LoginDateTime],[PointOfSaleID],[CreatedBy],[CreatedOn],[ModifiedBy],[ModifiedOn])
VALUES(197,'admin','Login','4/5/2007 12:43:16 AM',1,'','4/5/2007 12:43:16 AM','','4/5/2007 12:43:16 AM')
INSERT INTO [LoginActivity] ([LoginActivityID],[UserName],[LoginType],[LoginDateTime],[PointOfSaleID],[CreatedBy],[CreatedOn],[ModifiedBy],[ModifiedOn])
VALUES(198,'admin','Login','4/5/2007 12:47:52 AM',1,'','4/5/2007 12:47:53 AM','','4/5/2007 12:47:53 AM')
INSERT INTO [LoginActivity] ([LoginActivityID],[UserName],[LoginType],[LoginDateTime],[PointOfSaleID],[CreatedBy],[CreatedOn],[ModifiedBy],[ModifiedOn])
VALUES(199,'admin','Login','4/5/2007 12:48:38 AM',1,'','4/5/2007 12:48:38 AM','','4/5/2007 12:48:38 AM')
INSERT INTO [LoginActivity] ([LoginActivityID],[UserName],[LoginType],[LoginDateTime],[PointOfSaleID],[CreatedBy],[CreatedOn],[ModifiedBy],[ModifiedOn])
VALUES(200,'admin','Login','4/5/2007 11:46:27 AM',1,'','4/5/2007 11:46:27 AM','','4/5/2007 11:46:27 AM')
INSERT INTO [LoginActivity] ([LoginActivityID],[UserName],[LoginType],[LoginDateTime],[PointOfSaleID],[CreatedBy],[CreatedOn],[ModifiedBy],[ModifiedOn])
VALUES(201,'admin','Login','4/5/2007 11:47:29 AM',1,'','4/5/2007 11:47:29 AM','','4/5/2007 11:47:29 AM')
INSERT INTO [LoginActivity] ([LoginActivityID],[UserName],[LoginType],[LoginDateTime],[PointOfSaleID],[CreatedBy],[CreatedOn],[ModifiedBy],[ModifiedOn])
VALUES(202,'admin','Login','4/5/2007 11:50:47 AM',1,'','4/5/2007 11:50:47 AM','','4/5/2007 11:50:47 AM')
INSERT INTO [LoginActivity] ([LoginActivityID],[UserName],[LoginType],[LoginDateTime],[PointOfSaleID],[CreatedBy],[CreatedOn],[ModifiedBy],[ModifiedOn])
VALUES(203,'cashier1','Login','4/5/2007 11:51:45 AM',1,'','4/5/2007 11:51:45 AM','','4/5/2007 11:51:45 AM')
INSERT INTO [LoginActivity] ([LoginActivityID],[UserName],[LoginType],[LoginDateTime],[PointOfSaleID],[CreatedBy],[CreatedOn],[ModifiedBy],[ModifiedOn])
VALUES(204,'cashier1','Login','4/5/2007 11:53:25 AM',1,'','4/5/2007 11:53:25 AM','','4/5/2007 11:53:25 AM')
INSERT INTO [LoginActivity] ([LoginActivityID],[UserName],[LoginType],[LoginDateTime],[PointOfSaleID],[CreatedBy],[CreatedOn],[ModifiedBy],[ModifiedOn])
VALUES(205,'admin','Login','4/5/2007 11:56:46 AM',1,'','4/5/2007 11:56:46 AM','','4/5/2007 11:56:46 AM')
INSERT INTO [LoginActivity] ([LoginActivityID],[UserName],[LoginType],[LoginDateTime],[PointOfSaleID],[CreatedBy],[CreatedOn],[ModifiedBy],[ModifiedOn])
VALUES(206,'admin','Login','4/5/2007 12:00:06 PM',1,'','4/5/2007 12:00:06 PM','','4/5/2007 12:00:06 PM')
INSERT INTO [LoginActivity] ([LoginActivityID],[UserName],[LoginType],[LoginDateTime],[PointOfSaleID],[CreatedBy],[CreatedOn],[ModifiedBy],[ModifiedOn])
VALUES(207,'admin','Login','4/5/2007 12:05:01 PM',1,'','4/5/2007 12:05:01 PM','','4/5/2007 12:05:01 PM')
INSERT INTO [LoginActivity] ([LoginActivityID],[UserName],[LoginType],[LoginDateTime],[PointOfSaleID],[CreatedBy],[CreatedOn],[ModifiedBy],[ModifiedOn])
VALUES(208,'cashier1','Login','4/5/2007 12:05:10 PM',1,'','4/5/2007 12:05:10 PM','','4/5/2007 12:05:10 PM')
INSERT INTO [LoginActivity] ([LoginActivityID],[UserName],[LoginType],[LoginDateTime],[PointOfSaleID],[CreatedBy],[CreatedOn],[ModifiedBy],[ModifiedOn])
VALUES(209,'admin','Login','4/5/2007 12:07:05 PM',1,'','4/5/2007 12:07:05 PM','','4/5/2007 12:07:05 PM')
INSERT INTO [LoginActivity] ([LoginActivityID],[UserName],[LoginType],[LoginDateTime],[PointOfSaleID],[CreatedBy],[CreatedOn],[ModifiedBy],[ModifiedOn])
VALUES(210,'admin','Login','4/5/2007 12:07:50 PM',1,'','4/5/2007 12:07:50 PM','','4/5/2007 12:07:50 PM')
INSERT INTO [LoginActivity] ([LoginActivityID],[UserName],[LoginType],[LoginDateTime],[PointOfSaleID],[CreatedBy],[CreatedOn],[ModifiedBy],[ModifiedOn])
VALUES(211,'admin','Login','4/5/2007 12:23:58 PM',1,'','4/5/2007 12:23:58 PM','','4/5/2007 12:23:58 PM')
INSERT INTO [LoginActivity] ([LoginActivityID],[UserName],[LoginType],[LoginDateTime],[PointOfSaleID],[CreatedBy],[CreatedOn],[ModifiedBy],[ModifiedOn])
VALUES(212,'admin','Login','4/5/2007 12:31:23 PM',1,'','4/5/2007 12:31:23 PM','','4/5/2007 12:31:23 PM')
INSERT INTO [LoginActivity] ([LoginActivityID],[UserName],[LoginType],[LoginDateTime],[PointOfSaleID],[CreatedBy],[CreatedOn],[ModifiedBy],[ModifiedOn])
VALUES(213,'admin','Login','4/5/2007 12:32:34 PM',1,'','4/5/2007 12:32:34 PM','','4/5/2007 12:32:34 PM')
INSERT INTO [LoginActivity] ([LoginActivityID],[UserName],[LoginType],[LoginDateTime],[PointOfSaleID],[CreatedBy],[CreatedOn],[ModifiedBy],[ModifiedOn])
VALUES(214,'admin','Login','4/5/2007 12:33:55 PM',1,'','4/5/2007 12:33:55 PM','','4/5/2007 12:33:55 PM')
INSERT INTO [LoginActivity] ([LoginActivityID],[UserName],[LoginType],[LoginDateTime],[PointOfSaleID],[CreatedBy],[CreatedOn],[ModifiedBy],[ModifiedOn])
VALUES(215,'cashier2','Login','4/5/2007 12:35:55 PM',2,'','4/5/2007 12:35:56 PM','','4/5/2007 12:35:56 PM')
INSERT INTO [LoginActivity] ([LoginActivityID],[UserName],[LoginType],[LoginDateTime],[PointOfSaleID],[CreatedBy],[CreatedOn],[ModifiedBy],[ModifiedOn])
VALUES(216,'cashier2','Logout','4/5/2007 12:36:17 PM',2,'','4/5/2007 12:36:17 PM','','4/5/2007 12:36:17 PM')
INSERT INTO [LoginActivity] ([LoginActivityID],[UserName],[LoginType],[LoginDateTime],[PointOfSaleID],[CreatedBy],[CreatedOn],[ModifiedBy],[ModifiedOn])
VALUES(217,'cashier1','Login','4/5/2007 12:36:23 PM',2,'','4/5/2007 12:36:23 PM','','4/5/2007 12:36:23 PM')
INSERT INTO [LoginActivity] ([LoginActivityID],[UserName],[LoginType],[LoginDateTime],[PointOfSaleID],[CreatedBy],[CreatedOn],[ModifiedBy],[ModifiedOn])
VALUES(218,'cashier1','Logout','4/5/2007 12:38:09 PM',2,'','4/5/2007 12:38:09 PM','','4/5/2007 12:38:09 PM')
INSERT INTO [LoginActivity] ([LoginActivityID],[UserName],[LoginType],[LoginDateTime],[PointOfSaleID],[CreatedBy],[CreatedOn],[ModifiedBy],[ModifiedOn])
VALUES(219,'admin','Login','4/5/2007 12:47:57 PM',1,'','4/5/2007 12:47:57 PM','','4/5/2007 12:47:57 PM')
INSERT INTO [LoginActivity] ([LoginActivityID],[UserName],[LoginType],[LoginDateTime],[PointOfSaleID],[CreatedBy],[CreatedOn],[ModifiedBy],[ModifiedOn])
VALUES(220,'cashier1','Login','4/5/2007 12:56:50 PM',2,'','4/5/2007 12:56:50 PM','','4/5/2007 12:56:50 PM')
INSERT INTO [LoginActivity] ([LoginActivityID],[UserName],[LoginType],[LoginDateTime],[PointOfSaleID],[CreatedBy],[CreatedOn],[ModifiedBy],[ModifiedOn])
VALUES(221,'cashier2','Authorizing','4/5/2007 12:57:04 PM',2,'','4/5/2007 12:57:04 PM','','4/5/2007 12:57:04 PM')
INSERT INTO [LoginActivity] ([LoginActivityID],[UserName],[LoginType],[LoginDateTime],[PointOfSaleID],[CreatedBy],[CreatedOn],[ModifiedBy],[ModifiedOn])
VALUES(222,'supervisor1','Authorizing','4/5/2007 12:57:12 PM',2,'','4/5/2007 12:57:12 PM','','4/5/2007 12:57:12 PM')
INSERT INTO [LoginActivity] ([LoginActivityID],[UserName],[LoginType],[LoginDateTime],[PointOfSaleID],[CreatedBy],[CreatedOn],[ModifiedBy],[ModifiedOn])
VALUES(223,'supervisor2','Authorizing','4/5/2007 12:57:16 PM',2,'','4/5/2007 12:57:16 PM','','4/5/2007 12:57:16 PM')
INSERT INTO [LoginActivity] ([LoginActivityID],[UserName],[LoginType],[LoginDateTime],[PointOfSaleID],[CreatedBy],[CreatedOn],[ModifiedBy],[ModifiedOn])
VALUES(224,'cashier1','Login','4/5/2007 12:58:12 PM',2,'','4/5/2007 12:58:12 PM','','4/5/2007 12:58:12 PM')
INSERT INTO [LoginActivity] ([LoginActivityID],[UserName],[LoginType],[LoginDateTime],[PointOfSaleID],[CreatedBy],[CreatedOn],[ModifiedBy],[ModifiedOn])
VALUES(225,'cashier1','Authorizing','4/5/2007 12:58:29 PM',2,'','4/5/2007 12:58:29 PM','','4/5/2007 12:58:29 PM')
INSERT INTO [LoginActivity] ([LoginActivityID],[UserName],[LoginType],[LoginDateTime],[PointOfSaleID],[CreatedBy],[CreatedOn],[ModifiedBy],[ModifiedOn])
VALUES(226,'supervisor1','Authorizing','4/5/2007 12:58:37 PM',2,'','4/5/2007 12:58:37 PM','','4/5/2007 12:58:37 PM')
INSERT INTO [LoginActivity] ([LoginActivityID],[UserName],[LoginType],[LoginDateTime],[PointOfSaleID],[CreatedBy],[CreatedOn],[ModifiedBy],[ModifiedOn])
VALUES(227,'cashier1','Logout','4/5/2007 12:59:09 PM',2,'','4/5/2007 12:59:09 PM','','4/5/2007 12:59:09 PM')
INSERT INTO [LoginActivity] ([LoginActivityID],[UserName],[LoginType],[LoginDateTime],[PointOfSaleID],[CreatedBy],[CreatedOn],[ModifiedBy],[ModifiedOn])
VALUES(228,'cashier1','Login','4/5/2007 1:01:34 PM',2,'','4/5/2007 1:01:34 PM','','4/5/2007 1:01:34 PM')
INSERT INTO [LoginActivity] ([LoginActivityID],[UserName],[LoginType],[LoginDateTime],[PointOfSaleID],[CreatedBy],[CreatedOn],[ModifiedBy],[ModifiedOn])
VALUES(229,'cashier2','Authorizing','4/5/2007 1:01:51 PM',2,'','4/5/2007 1:01:51 PM','','4/5/2007 1:01:51 PM')
INSERT INTO [LoginActivity] ([LoginActivityID],[UserName],[LoginType],[LoginDateTime],[PointOfSaleID],[CreatedBy],[CreatedOn],[ModifiedBy],[ModifiedOn])
VALUES(230,'cashier1','Logout','4/5/2007 1:02:22 PM',2,'','4/5/2007 1:02:22 PM','','4/5/2007 1:02:22 PM')
INSERT INTO [LoginActivity] ([LoginActivityID],[UserName],[LoginType],[LoginDateTime],[PointOfSaleID],[CreatedBy],[CreatedOn],[ModifiedBy],[ModifiedOn])
VALUES(231,'admin','Login','4/5/2007 1:09:01 PM',1,'','4/5/2007 1:09:01 PM','','4/5/2007 1:09:01 PM')
INSERT INTO [LoginActivity] ([LoginActivityID],[UserName],[LoginType],[LoginDateTime],[PointOfSaleID],[CreatedBy],[CreatedOn],[ModifiedBy],[ModifiedOn])
VALUES(232,'cashier1','Login','4/5/2007 1:12:40 PM',2,'','4/5/2007 1:12:40 PM','','4/5/2007 1:12:40 PM')
INSERT INTO [LoginActivity] ([LoginActivityID],[UserName],[LoginType],[LoginDateTime],[PointOfSaleID],[CreatedBy],[CreatedOn],[ModifiedBy],[ModifiedOn])
VALUES(233,'supervisor1','Authorizing','4/5/2007 1:13:03 PM',2,'','4/5/2007 1:13:03 PM','','4/5/2007 1:13:03 PM')
INSERT INTO [LoginActivity] ([LoginActivityID],[UserName],[LoginType],[LoginDateTime],[PointOfSaleID],[CreatedBy],[CreatedOn],[ModifiedBy],[ModifiedOn])
VALUES(234,'cashier1','Logout','4/5/2007 1:13:09 PM',2,'','4/5/2007 1:13:09 PM','','4/5/2007 1:13:09 PM')
INSERT INTO [LoginActivity] ([LoginActivityID],[UserName],[LoginType],[LoginDateTime],[PointOfSaleID],[CreatedBy],[CreatedOn],[ModifiedBy],[ModifiedOn])
VALUES(235,'cashier1','Login','4/5/2007 1:13:59 PM',2,'','4/5/2007 1:13:59 PM','','4/5/2007 1:13:59 PM')
INSERT INTO [LoginActivity] ([LoginActivityID],[UserName],[LoginType],[LoginDateTime],[PointOfSaleID],[CreatedBy],[CreatedOn],[ModifiedBy],[ModifiedOn])
VALUES(236,'cashier1','Logout','4/5/2007 1:14:16 PM',2,'','4/5/2007 1:14:16 PM','','4/5/2007 1:14:16 PM')
INSERT INTO [LoginActivity] ([LoginActivityID],[UserName],[LoginType],[LoginDateTime],[PointOfSaleID],[CreatedBy],[CreatedOn],[ModifiedBy],[ModifiedOn])
VALUES(237,'cashier1','Login','4/5/2007 1:16:00 PM',2,'','4/5/2007 1:16:00 PM','','4/5/2007 1:16:00 PM')
INSERT INTO [LoginActivity] ([LoginActivityID],[UserName],[LoginType],[LoginDateTime],[PointOfSaleID],[CreatedBy],[CreatedOn],[ModifiedBy],[ModifiedOn])
VALUES(238,'cashier1','Logout','4/5/2007 1:19:11 PM',2,'','4/5/2007 1:19:11 PM','','4/5/2007 1:19:11 PM')
INSERT INTO [LoginActivity] ([LoginActivityID],[UserName],[LoginType],[LoginDateTime],[PointOfSaleID],[CreatedBy],[CreatedOn],[ModifiedBy],[ModifiedOn])
VALUES(239,'supervisor2','Login','4/5/2007 1:19:22 PM',2,'','4/5/2007 1:19:22 PM','','4/5/2007 1:19:22 PM')
INSERT INTO [LoginActivity] ([LoginActivityID],[UserName],[LoginType],[LoginDateTime],[PointOfSaleID],[CreatedBy],[CreatedOn],[ModifiedBy],[ModifiedOn])
VALUES(240,'supervisor2','Logout','4/5/2007 1:19:47 PM',2,'','4/5/2007 1:19:47 PM','','4/5/2007 1:19:47 PM')
INSERT INTO [LoginActivity] ([LoginActivityID],[UserName],[LoginType],[LoginDateTime],[PointOfSaleID],[CreatedBy],[CreatedOn],[ModifiedBy],[ModifiedOn])
VALUES(241,'cashier1','Login','4/5/2007 1:20:43 PM',2,'','4/5/2007 1:20:43 PM','','4/5/2007 1:20:43 PM')
INSERT INTO [LoginActivity] ([LoginActivityID],[UserName],[LoginType],[LoginDateTime],[PointOfSaleID],[CreatedBy],[CreatedOn],[ModifiedBy],[ModifiedOn])
VALUES(242,'cashier1','Logout','4/5/2007 1:20:52 PM',2,'','4/5/2007 1:20:52 PM','','4/5/2007 1:20:52 PM')
INSERT INTO [LoginActivity] ([LoginActivityID],[UserName],[LoginType],[LoginDateTime],[PointOfSaleID],[CreatedBy],[CreatedOn],[ModifiedBy],[ModifiedOn])
VALUES(243,'supervisor1','Login','4/5/2007 1:20:57 PM',2,'','4/5/2007 1:20:57 PM','','4/5/2007 1:20:57 PM')
INSERT INTO [LoginActivity] ([LoginActivityID],[UserName],[LoginType],[LoginDateTime],[PointOfSaleID],[CreatedBy],[CreatedOn],[ModifiedBy],[ModifiedOn])
VALUES(244,'supervisor1','Logout','4/5/2007 1:21:33 PM',2,'','4/5/2007 1:21:33 PM','','4/5/2007 1:21:33 PM')
INSERT INTO [LoginActivity] ([LoginActivityID],[UserName],[LoginType],[LoginDateTime],[PointOfSaleID],[CreatedBy],[CreatedOn],[ModifiedBy],[ModifiedOn])
VALUES(245,'supervisor1','Login','4/5/2007 1:22:30 PM',2,'','4/5/2007 1:22:30 PM','','4/5/2007 1:22:30 PM')
INSERT INTO [LoginActivity] ([LoginActivityID],[UserName],[LoginType],[LoginDateTime],[PointOfSaleID],[CreatedBy],[CreatedOn],[ModifiedBy],[ModifiedOn])
VALUES(246,'supervisor1','Logout','4/5/2007 1:24:00 PM',2,'','4/5/2007 1:24:00 PM','','4/5/2007 1:24:00 PM')
INSERT INTO [LoginActivity] ([LoginActivityID],[UserName],[LoginType],[LoginDateTime],[PointOfSaleID],[CreatedBy],[CreatedOn],[ModifiedBy],[ModifiedOn])
VALUES(247,'supervisor2','Login','4/5/2007 1:25:08 PM',2,'','4/5/2007 1:25:08 PM','','4/5/2007 1:25:08 PM')
INSERT INTO [LoginActivity] ([LoginActivityID],[UserName],[LoginType],[LoginDateTime],[PointOfSaleID],[CreatedBy],[CreatedOn],[ModifiedBy],[ModifiedOn])
VALUES(248,'supervisor2','Logout','4/5/2007 1:25:32 PM',2,'','4/5/2007 1:25:32 PM','','4/5/2007 1:25:32 PM')
INSERT INTO [LoginActivity] ([LoginActivityID],[UserName],[LoginType],[LoginDateTime],[PointOfSaleID],[CreatedBy],[CreatedOn],[ModifiedBy],[ModifiedOn])
VALUES(249,'supervisor1','Login','4/5/2007 1:27:02 PM',2,'','4/5/2007 1:27:02 PM','','4/5/2007 1:27:02 PM')
INSERT INTO [LoginActivity] ([LoginActivityID],[UserName],[LoginType],[LoginDateTime],[PointOfSaleID],[CreatedBy],[CreatedOn],[ModifiedBy],[ModifiedOn])
VALUES(250,'supervisor1','Logout','4/5/2007 1:27:25 PM',2,'','4/5/2007 1:27:25 PM','','4/5/2007 1:27:25 PM')
INSERT INTO [LoginActivity] ([LoginActivityID],[UserName],[LoginType],[LoginDateTime],[PointOfSaleID],[CreatedBy],[CreatedOn],[ModifiedBy],[ModifiedOn])
VALUES(251,'admin','Login','4/5/2007 1:29:40 PM',1,'','4/5/2007 1:29:40 PM','','4/5/2007 1:29:40 PM')
INSERT INTO [LoginActivity] ([LoginActivityID],[UserName],[LoginType],[LoginDateTime],[PointOfSaleID],[CreatedBy],[CreatedOn],[ModifiedBy],[ModifiedOn])
VALUES(252,'cashier1','Login','4/5/2007 1:30:16 PM',2,'','4/5/2007 1:30:16 PM','','4/5/2007 1:30:16 PM')
INSERT INTO [LoginActivity] ([LoginActivityID],[UserName],[LoginType],[LoginDateTime],[PointOfSaleID],[CreatedBy],[CreatedOn],[ModifiedBy],[ModifiedOn])
VALUES(253,'supervisor1','Authorizing','4/5/2007 1:30:29 PM',2,'','4/5/2007 1:30:29 PM','','4/5/2007 1:30:29 PM')
INSERT INTO [LoginActivity] ([LoginActivityID],[UserName],[LoginType],[LoginDateTime],[PointOfSaleID],[CreatedBy],[CreatedOn],[ModifiedBy],[ModifiedOn])
VALUES(254,'cashier1','Logout','4/5/2007 1:30:51 PM',2,'','4/5/2007 1:30:51 PM','','4/5/2007 1:30:51 PM')
INSERT INTO [LoginActivity] ([LoginActivityID],[UserName],[LoginType],[LoginDateTime],[PointOfSaleID],[CreatedBy],[CreatedOn],[ModifiedBy],[ModifiedOn])
VALUES(255,'supervisor1','Login','4/5/2007 1:32:02 PM',2,'','4/5/2007 1:32:02 PM','','4/5/2007 1:32:02 PM')
INSERT INTO [LoginActivity] ([LoginActivityID],[UserName],[LoginType],[LoginDateTime],[PointOfSaleID],[CreatedBy],[CreatedOn],[ModifiedBy],[ModifiedOn])
VALUES(256,'supervisor1','Logout','4/5/2007 1:32:44 PM',2,'','4/5/2007 1:32:44 PM','','4/5/2007 1:32:44 PM')
INSERT INTO [LoginActivity] ([LoginActivityID],[UserName],[LoginType],[LoginDateTime],[PointOfSaleID],[CreatedBy],[CreatedOn],[ModifiedBy],[ModifiedOn])
VALUES(257,'admin','Login','4/5/2007 1:34:15 PM',2,'','4/5/2007 1:34:15 PM','','4/5/2007 1:34:15 PM')
INSERT INTO [LoginActivity] ([LoginActivityID],[UserName],[LoginType],[LoginDateTime],[PointOfSaleID],[CreatedBy],[CreatedOn],[ModifiedBy],[ModifiedOn])
VALUES(258,'admin','Logout','4/5/2007 1:34:25 PM',2,'','4/5/2007 1:34:25 PM','','4/5/2007 1:34:25 PM')
INSERT INTO [LoginActivity] ([LoginActivityID],[UserName],[LoginType],[LoginDateTime],[PointOfSaleID],[CreatedBy],[CreatedOn],[ModifiedBy],[ModifiedOn])
VALUES(259,'admin','Login','4/5/2007 1:34:55 PM',1,'','4/5/2007 1:34:55 PM','','4/5/2007 1:34:55 PM')
INSERT INTO [LoginActivity] ([LoginActivityID],[UserName],[LoginType],[LoginDateTime],[PointOfSaleID],[CreatedBy],[CreatedOn],[ModifiedBy],[ModifiedOn])
VALUES(260,'admin','Login','4/5/2007 1:36:43 PM',2,'','4/5/2007 1:36:43 PM','','4/5/2007 1:36:43 PM')
INSERT INTO [LoginActivity] ([LoginActivityID],[UserName],[LoginType],[LoginDateTime],[PointOfSaleID],[CreatedBy],[CreatedOn],[ModifiedBy],[ModifiedOn])
VALUES(261,'admin','Logout','4/5/2007 1:37:02 PM',2,'','4/5/2007 1:37:02 PM','','4/5/2007 1:37:02 PM')
INSERT INTO [LoginActivity] ([LoginActivityID],[UserName],[LoginType],[LoginDateTime],[PointOfSaleID],[CreatedBy],[CreatedOn],[ModifiedBy],[ModifiedOn])
VALUES(262,'admin','Login','4/5/2007 1:38:03 PM',1,'','4/5/2007 1:38:03 PM','','4/5/2007 1:38:03 PM')
INSERT INTO [LoginActivity] ([LoginActivityID],[UserName],[LoginType],[LoginDateTime],[PointOfSaleID],[CreatedBy],[CreatedOn],[ModifiedBy],[ModifiedOn])
VALUES(263,'admin','Login','4/5/2007 1:41:09 PM',1,'','4/5/2007 1:41:09 PM','','4/5/2007 1:41:09 PM')
INSERT INTO [LoginActivity] ([LoginActivityID],[UserName],[LoginType],[LoginDateTime],[PointOfSaleID],[CreatedBy],[CreatedOn],[ModifiedBy],[ModifiedOn])
VALUES(264,'admin','Login','4/5/2007 1:41:36 PM',2,'','4/5/2007 1:41:36 PM','','4/5/2007 1:41:36 PM')
INSERT INTO [LoginActivity] ([LoginActivityID],[UserName],[LoginType],[LoginDateTime],[PointOfSaleID],[CreatedBy],[CreatedOn],[ModifiedBy],[ModifiedOn])
VALUES(265,'admin','Logout','4/5/2007 1:41:45 PM',2,'','4/5/2007 1:41:45 PM','','4/5/2007 1:41:45 PM')
INSERT INTO [LoginActivity] ([LoginActivityID],[UserName],[LoginType],[LoginDateTime],[PointOfSaleID],[CreatedBy],[CreatedOn],[ModifiedBy],[ModifiedOn])
VALUES(266,'cashier1','Login','4/5/2007 1:41:49 PM',2,'','4/5/2007 1:41:49 PM','','4/5/2007 1:41:49 PM')
INSERT INTO [LoginActivity] ([LoginActivityID],[UserName],[LoginType],[LoginDateTime],[PointOfSaleID],[CreatedBy],[CreatedOn],[ModifiedBy],[ModifiedOn])
VALUES(267,'cashier1','Logout','4/5/2007 1:42:04 PM',2,'','4/5/2007 1:42:04 PM','','4/5/2007 1:42:04 PM')
INSERT INTO [LoginActivity] ([LoginActivityID],[UserName],[LoginType],[LoginDateTime],[PointOfSaleID],[CreatedBy],[CreatedOn],[ModifiedBy],[ModifiedOn])
VALUES(268,'admin','Login','4/5/2007 1:46:50 PM',1,'','4/5/2007 1:46:50 PM','','4/5/2007 1:46:50 PM')
INSERT INTO [LoginActivity] ([LoginActivityID],[UserName],[LoginType],[LoginDateTime],[PointOfSaleID],[CreatedBy],[CreatedOn],[ModifiedBy],[ModifiedOn])
VALUES(269,'admin','Login','4/5/2007 1:48:51 PM',1,'','4/5/2007 1:48:51 PM','','4/5/2007 1:48:51 PM')
INSERT INTO [LoginActivity] ([LoginActivityID],[UserName],[LoginType],[LoginDateTime],[PointOfSaleID],[CreatedBy],[CreatedOn],[ModifiedBy],[ModifiedOn])
VALUES(270,'cashier1','Login','4/5/2007 1:49:24 PM',1,'','4/5/2007 1:49:24 PM','','4/5/2007 1:49:24 PM')
INSERT INTO [LoginActivity] ([LoginActivityID],[UserName],[LoginType],[LoginDateTime],[PointOfSaleID],[CreatedBy],[CreatedOn],[ModifiedBy],[ModifiedOn])
VALUES(271,'admin','Login','4/5/2007 1:49:59 PM',1,'','4/5/2007 1:49:59 PM','','4/5/2007 1:49:59 PM')
INSERT INTO [LoginActivity] ([LoginActivityID],[UserName],[LoginType],[LoginDateTime],[PointOfSaleID],[CreatedBy],[CreatedOn],[ModifiedBy],[ModifiedOn])
VALUES(272,'admin','Login','4/5/2007 4:19:28 PM',2,'','4/5/2007 4:19:29 PM','','4/5/2007 4:19:29 PM')
INSERT INTO [LoginActivity] ([LoginActivityID],[UserName],[LoginType],[LoginDateTime],[PointOfSaleID],[CreatedBy],[CreatedOn],[ModifiedBy],[ModifiedOn])
VALUES(273,'admin','Logout','4/5/2007 4:21:35 PM',2,'','4/5/2007 4:21:35 PM','','4/5/2007 4:21:35 PM')
INSERT INTO [LoginActivity] ([LoginActivityID],[UserName],[LoginType],[LoginDateTime],[PointOfSaleID],[CreatedBy],[CreatedOn],[ModifiedBy],[ModifiedOn])
VALUES(274,'cashier1','Login','4/5/2007 4:22:41 PM',2,'','4/5/2007 4:22:41 PM','','4/5/2007 4:22:41 PM')
INSERT INTO [LoginActivity] ([LoginActivityID],[UserName],[LoginType],[LoginDateTime],[PointOfSaleID],[CreatedBy],[CreatedOn],[ModifiedBy],[ModifiedOn])
VALUES(275,'cashier1','Logout','4/5/2007 4:22:51 PM',2,'','4/5/2007 4:22:51 PM','','4/5/2007 4:22:51 PM')
INSERT INTO [LoginActivity] ([LoginActivityID],[UserName],[LoginType],[LoginDateTime],[PointOfSaleID],[CreatedBy],[CreatedOn],[ModifiedBy],[ModifiedOn])
VALUES(276,'cashier1','Login','4/5/2007 4:26:46 PM',2,'','4/5/2007 4:26:46 PM','','4/5/2007 4:26:46 PM')
INSERT INTO [LoginActivity] ([LoginActivityID],[UserName],[LoginType],[LoginDateTime],[PointOfSaleID],[CreatedBy],[CreatedOn],[ModifiedBy],[ModifiedOn])
VALUES(277,'cashier1','Logout','4/5/2007 4:27:17 PM',2,'','4/5/2007 4:27:17 PM','','4/5/2007 4:27:17 PM')
INSERT INTO [LoginActivity] ([LoginActivityID],[UserName],[LoginType],[LoginDateTime],[PointOfSaleID],[CreatedBy],[CreatedOn],[ModifiedBy],[ModifiedOn])
VALUES(278,'cashier1','Login','4/5/2007 4:31:04 PM',2,'','4/5/2007 4:31:04 PM','','4/5/2007 4:31:04 PM')
INSERT INTO [LoginActivity] ([LoginActivityID],[UserName],[LoginType],[LoginDateTime],[PointOfSaleID],[CreatedBy],[CreatedOn],[ModifiedBy],[ModifiedOn])
VALUES(279,'cashier1','Login','4/5/2007 4:31:33 PM',2,'','4/5/2007 4:31:33 PM','','4/5/2007 4:31:33 PM')
INSERT INTO [LoginActivity] ([LoginActivityID],[UserName],[LoginType],[LoginDateTime],[PointOfSaleID],[CreatedBy],[CreatedOn],[ModifiedBy],[ModifiedOn])
VALUES(280,'cashier1','Login','4/5/2007 4:32:35 PM',2,'','4/5/2007 4:32:35 PM','','4/5/2007 4:32:35 PM')
INSERT INTO [LoginActivity] ([LoginActivityID],[UserName],[LoginType],[LoginDateTime],[PointOfSaleID],[CreatedBy],[CreatedOn],[ModifiedBy],[ModifiedOn])
VALUES(281,'Cashier1','Login','4/5/2007 4:34:21 PM',2,'','4/5/2007 4:34:22 PM','','4/5/2007 4:34:22 PM')
INSERT INTO [LoginActivity] ([LoginActivityID],[UserName],[LoginType],[LoginDateTime],[PointOfSaleID],[CreatedBy],[CreatedOn],[ModifiedBy],[ModifiedOn])
VALUES(282,'cashier1','Login','4/5/2007 4:35:30 PM',2,'','4/5/2007 4:35:30 PM','','4/5/2007 4:35:30 PM')
INSERT INTO [LoginActivity] ([LoginActivityID],[UserName],[LoginType],[LoginDateTime],[PointOfSaleID],[CreatedBy],[CreatedOn],[ModifiedBy],[ModifiedOn])
VALUES(283,'cashier1','Login','4/5/2007 4:36:46 PM',2,'','4/5/2007 4:36:46 PM','','4/5/2007 4:36:46 PM')
INSERT INTO [LoginActivity] ([LoginActivityID],[UserName],[LoginType],[LoginDateTime],[PointOfSaleID],[CreatedBy],[CreatedOn],[ModifiedBy],[ModifiedOn])
VALUES(284,'cashier1','Login','4/5/2007 4:37:12 PM',2,'','4/5/2007 4:37:12 PM','','4/5/2007 4:37:12 PM')
INSERT INTO [LoginActivity] ([LoginActivityID],[UserName],[LoginType],[LoginDateTime],[PointOfSaleID],[CreatedBy],[CreatedOn],[ModifiedBy],[ModifiedOn])
VALUES(285,'cashier1','Login','4/5/2007 4:39:00 PM',2,'','4/5/2007 4:39:00 PM','','4/5/2007 4:39:00 PM')
INSERT INTO [LoginActivity] ([LoginActivityID],[UserName],[LoginType],[LoginDateTime],[PointOfSaleID],[CreatedBy],[CreatedOn],[ModifiedBy],[ModifiedOn])
VALUES(286,'cashier1','Login','4/5/2007 4:40:45 PM',2,'','4/5/2007 4:40:45 PM','','4/5/2007 4:40:45 PM')
INSERT INTO [LoginActivity] ([LoginActivityID],[UserName],[LoginType],[LoginDateTime],[PointOfSaleID],[CreatedBy],[CreatedOn],[ModifiedBy],[ModifiedOn])
VALUES(287,'cashier1','Logout','4/5/2007 4:41:21 PM',2,'','4/5/2007 4:41:21 PM','','4/5/2007 4:41:21 PM')
INSERT INTO [LoginActivity] ([LoginActivityID],[UserName],[LoginType],[LoginDateTime],[PointOfSaleID],[CreatedBy],[CreatedOn],[ModifiedBy],[ModifiedOn])
VALUES(288,'admin','Login','4/5/2007 4:41:26 PM',2,'','4/5/2007 4:41:26 PM','','4/5/2007 4:41:26 PM')
INSERT INTO [LoginActivity] ([LoginActivityID],[UserName],[LoginType],[LoginDateTime],[PointOfSaleID],[CreatedBy],[CreatedOn],[ModifiedBy],[ModifiedOn])
VALUES(289,'admin','Login','4/5/2007 4:46:25 PM',2,'','4/5/2007 4:46:25 PM','','4/5/2007 4:46:25 PM')
INSERT INTO [LoginActivity] ([LoginActivityID],[UserName],[LoginType],[LoginDateTime],[PointOfSaleID],[CreatedBy],[CreatedOn],[ModifiedBy],[ModifiedOn])
VALUES(290,'admin','Login','4/5/2007 4:57:00 PM',2,'','4/5/2007 4:57:00 PM','','4/5/2007 4:57:00 PM')
INSERT INTO [LoginActivity] ([LoginActivityID],[UserName],[LoginType],[LoginDateTime],[PointOfSaleID],[CreatedBy],[CreatedOn],[ModifiedBy],[ModifiedOn])
VALUES(291,'admin','Logout','4/5/2007 5:00:05 PM',2,'','4/5/2007 5:00:05 PM','','4/5/2007 5:00:05 PM')
INSERT INTO [LoginActivity] ([LoginActivityID],[UserName],[LoginType],[LoginDateTime],[PointOfSaleID],[CreatedBy],[CreatedOn],[ModifiedBy],[ModifiedOn])
VALUES(292,'cashier1','Login','4/5/2007 5:00:45 PM',2,'','4/5/2007 5:00:45 PM','','4/5/2007 5:00:45 PM')
INSERT INTO [LoginActivity] ([LoginActivityID],[UserName],[LoginType],[LoginDateTime],[PointOfSaleID],[CreatedBy],[CreatedOn],[ModifiedBy],[ModifiedOn])
VALUES(293,'cashier1','Logout','4/5/2007 5:00:55 PM',2,'','4/5/2007 5:00:55 PM','','4/5/2007 5:00:55 PM')
INSERT INTO [LoginActivity] ([LoginActivityID],[UserName],[LoginType],[LoginDateTime],[PointOfSaleID],[CreatedBy],[CreatedOn],[ModifiedBy],[ModifiedOn])
VALUES(294,'admin','Login','4/5/2007 5:01:02 PM',2,'','4/5/2007 5:01:02 PM','','4/5/2007 5:01:02 PM')
INSERT INTO [LoginActivity] ([LoginActivityID],[UserName],[LoginType],[LoginDateTime],[PointOfSaleID],[CreatedBy],[CreatedOn],[ModifiedBy],[ModifiedOn])
VALUES(295,'admin','Logout','4/5/2007 5:02:27 PM',2,'','4/5/2007 5:02:27 PM','','4/5/2007 5:02:27 PM')
INSERT INTO [LoginActivity] ([LoginActivityID],[UserName],[LoginType],[LoginDateTime],[PointOfSaleID],[CreatedBy],[CreatedOn],[ModifiedBy],[ModifiedOn])
VALUES(296,'admin','Login','4/5/2007 5:03:01 PM',2,'','4/5/2007 5:03:01 PM','','4/5/2007 5:03:01 PM')
INSERT INTO [LoginActivity] ([LoginActivityID],[UserName],[LoginType],[LoginDateTime],[PointOfSaleID],[CreatedBy],[CreatedOn],[ModifiedBy],[ModifiedOn])
VALUES(297,'admin','Logout','4/5/2007 5:09:05 PM',2,'','4/5/2007 5:09:05 PM','','4/5/2007 5:09:05 PM')
INSERT INTO [LoginActivity] ([LoginActivityID],[UserName],[LoginType],[LoginDateTime],[PointOfSaleID],[CreatedBy],[CreatedOn],[ModifiedBy],[ModifiedOn])
VALUES(298,'admin','Login','4/5/2007 5:14:08 PM',2,'','4/5/2007 5:14:08 PM','','4/5/2007 5:14:08 PM')
INSERT INTO [LoginActivity] ([LoginActivityID],[UserName],[LoginType],[LoginDateTime],[PointOfSaleID],[CreatedBy],[CreatedOn],[ModifiedBy],[ModifiedOn])
VALUES(299,'admin','Login','4/5/2007 5:16:21 PM',2,'','4/5/2007 5:16:21 PM','','4/5/2007 5:16:21 PM')
INSERT INTO [LoginActivity] ([LoginActivityID],[UserName],[LoginType],[LoginDateTime],[PointOfSaleID],[CreatedBy],[CreatedOn],[ModifiedBy],[ModifiedOn])
VALUES(300,'admin','Login','4/5/2007 5:22:37 PM',2,'','4/5/2007 5:22:37 PM','','4/5/2007 5:22:37 PM')
INSERT INTO [LoginActivity] ([LoginActivityID],[UserName],[LoginType],[LoginDateTime],[PointOfSaleID],[CreatedBy],[CreatedOn],[ModifiedBy],[ModifiedOn])
VALUES(301,'admin','Logout','4/5/2007 5:26:15 PM',2,'','4/5/2007 5:26:15 PM','','4/5/2007 5:26:15 PM')
INSERT INTO [LoginActivity] ([LoginActivityID],[UserName],[LoginType],[LoginDateTime],[PointOfSaleID],[CreatedBy],[CreatedOn],[ModifiedBy],[ModifiedOn])
VALUES(302,'cashier1','Login','4/5/2007 5:27:24 PM',2,'','4/5/2007 5:27:25 PM','','4/5/2007 5:27:25 PM')
INSERT INTO [LoginActivity] ([LoginActivityID],[UserName],[LoginType],[LoginDateTime],[PointOfSaleID],[CreatedBy],[CreatedOn],[ModifiedBy],[ModifiedOn])
VALUES(303,'cashier1','Logout','4/5/2007 5:29:34 PM',2,'','4/5/2007 5:29:34 PM','','4/5/2007 5:29:34 PM')
INSERT INTO [LoginActivity] ([LoginActivityID],[UserName],[LoginType],[LoginDateTime],[PointOfSaleID],[CreatedBy],[CreatedOn],[ModifiedBy],[ModifiedOn])
VALUES(304,'admin','Login','4/5/2007 5:29:43 PM',2,'','4/5/2007 5:29:43 PM','','4/5/2007 5:29:43 PM')
INSERT INTO [LoginActivity] ([LoginActivityID],[UserName],[LoginType],[LoginDateTime],[PointOfSaleID],[CreatedBy],[CreatedOn],[ModifiedBy],[ModifiedOn])
VALUES(305,'cashier1','Login','4/5/2007 5:33:16 PM',2,'','4/5/2007 5:33:16 PM','','4/5/2007 5:33:16 PM')
INSERT INTO [LoginActivity] ([LoginActivityID],[UserName],[LoginType],[LoginDateTime],[PointOfSaleID],[CreatedBy],[CreatedOn],[ModifiedBy],[ModifiedOn])
VALUES(306,'admin','Login','4/5/2007 5:35:00 PM',2,'','4/5/2007 5:35:00 PM','','4/5/2007 5:35:00 PM')
INSERT INTO [LoginActivity] ([LoginActivityID],[UserName],[LoginType],[LoginDateTime],[PointOfSaleID],[CreatedBy],[CreatedOn],[ModifiedBy],[ModifiedOn])
VALUES(307,'admin','Logout','4/5/2007 5:38:58 PM',2,'','4/5/2007 5:38:58 PM','','4/5/2007 5:38:58 PM')
INSERT INTO [LoginActivity] ([LoginActivityID],[UserName],[LoginType],[LoginDateTime],[PointOfSaleID],[CreatedBy],[CreatedOn],[ModifiedBy],[ModifiedOn])
VALUES(308,'admin','Login','4/5/2007 5:39:29 PM',2,'','4/5/2007 5:39:29 PM','','4/5/2007 5:39:29 PM')
INSERT INTO [LoginActivity] ([LoginActivityID],[UserName],[LoginType],[LoginDateTime],[PointOfSaleID],[CreatedBy],[CreatedOn],[ModifiedBy],[ModifiedOn])
VALUES(309,'admin','Logout','4/5/2007 5:39:52 PM',2,'','4/5/2007 5:39:52 PM','','4/5/2007 5:39:52 PM')
INSERT INTO [LoginActivity] ([LoginActivityID],[UserName],[LoginType],[LoginDateTime],[PointOfSaleID],[CreatedBy],[CreatedOn],[ModifiedBy],[ModifiedOn])
VALUES(310,'cashier1','Login','4/5/2007 5:39:59 PM',2,'','4/5/2007 5:39:59 PM','','4/5/2007 5:39:59 PM')
INSERT INTO [LoginActivity] ([LoginActivityID],[UserName],[LoginType],[LoginDateTime],[PointOfSaleID],[CreatedBy],[CreatedOn],[ModifiedBy],[ModifiedOn])
VALUES(311,'cashier1','Logout','4/5/2007 5:40:46 PM',2,'','4/5/2007 5:40:47 PM','','4/5/2007 5:40:47 PM')
INSERT INTO [LoginActivity] ([LoginActivityID],[UserName],[LoginType],[LoginDateTime],[PointOfSaleID],[CreatedBy],[CreatedOn],[ModifiedBy],[ModifiedOn])
VALUES(312,'cashier1','Login','4/5/2007 6:19:25 PM',2,'','4/5/2007 6:19:25 PM','','4/5/2007 6:19:25 PM')
INSERT INTO [LoginActivity] ([LoginActivityID],[UserName],[LoginType],[LoginDateTime],[PointOfSaleID],[CreatedBy],[CreatedOn],[ModifiedBy],[ModifiedOn])
VALUES(313,'cashier1','Logout','4/5/2007 6:22:06 PM',2,'','4/5/2007 6:22:06 PM','','4/5/2007 6:22:06 PM')
INSERT INTO [LoginActivity] ([LoginActivityID],[UserName],[LoginType],[LoginDateTime],[PointOfSaleID],[CreatedBy],[CreatedOn],[ModifiedBy],[ModifiedOn])
VALUES(314,'admin','Login','4/5/2007 6:22:10 PM',2,'','4/5/2007 6:22:10 PM','','4/5/2007 6:22:10 PM')
INSERT INTO [LoginActivity] ([LoginActivityID],[UserName],[LoginType],[LoginDateTime],[PointOfSaleID],[CreatedBy],[CreatedOn],[ModifiedBy],[ModifiedOn])
VALUES(315,'admin','Logout','4/5/2007 6:26:22 PM',2,'','4/5/2007 6:26:22 PM','','4/5/2007 6:26:22 PM')
INSERT INTO [LoginActivity] ([LoginActivityID],[UserName],[LoginType],[LoginDateTime],[PointOfSaleID],[CreatedBy],[CreatedOn],[ModifiedBy],[ModifiedOn])
VALUES(316,'admin','Login','4/5/2007 6:37:57 PM',2,'','4/5/2007 6:37:57 PM','','4/5/2007 6:37:57 PM')
INSERT INTO [LoginActivity] ([LoginActivityID],[UserName],[LoginType],[LoginDateTime],[PointOfSaleID],[CreatedBy],[CreatedOn],[ModifiedBy],[ModifiedOn])
VALUES(317,'admin','Login','4/5/2007 6:39:54 PM',2,'','4/5/2007 6:39:54 PM','','4/5/2007 6:39:54 PM')
INSERT INTO [LoginActivity] ([LoginActivityID],[UserName],[LoginType],[LoginDateTime],[PointOfSaleID],[CreatedBy],[CreatedOn],[ModifiedBy],[ModifiedOn])
VALUES(318,'admin','Login','4/5/2007 11:30:38 PM',2,'','4/5/2007 11:30:38 PM','','4/5/2007 11:30:38 PM')
INSERT INTO [LoginActivity] ([LoginActivityID],[UserName],[LoginType],[LoginDateTime],[PointOfSaleID],[CreatedBy],[CreatedOn],[ModifiedBy],[ModifiedOn])
VALUES(319,'admin','Logout','4/5/2007 11:36:48 PM',2,'','4/5/2007 11:36:48 PM','','4/5/2007 11:36:48 PM')
INSERT INTO [LoginActivity] ([LoginActivityID],[UserName],[LoginType],[LoginDateTime],[PointOfSaleID],[CreatedBy],[CreatedOn],[ModifiedBy],[ModifiedOn])
VALUES(320,'admin','Login','4/5/2007 11:36:52 PM',2,'','4/5/2007 11:36:52 PM','','4/5/2007 11:36:52 PM')
INSERT INTO [LoginActivity] ([LoginActivityID],[UserName],[LoginType],[LoginDateTime],[PointOfSaleID],[CreatedBy],[CreatedOn],[ModifiedBy],[ModifiedOn])
VALUES(321,'admin','Login','4/5/2007 11:41:04 PM',2,'','4/5/2007 11:41:04 PM','','4/5/2007 11:41:04 PM')
INSERT INTO [LoginActivity] ([LoginActivityID],[UserName],[LoginType],[LoginDateTime],[PointOfSaleID],[CreatedBy],[CreatedOn],[ModifiedBy],[ModifiedOn])
VALUES(322,'admin','Login','4/5/2007 11:43:30 PM',2,'','4/5/2007 11:43:30 PM','','4/5/2007 11:43:30 PM')
INSERT INTO [LoginActivity] ([LoginActivityID],[UserName],[LoginType],[LoginDateTime],[PointOfSaleID],[CreatedBy],[CreatedOn],[ModifiedBy],[ModifiedOn])
VALUES(323,'admin','Logout','4/5/2007 11:45:07 PM',2,'','4/5/2007 11:45:07 PM','','4/5/2007 11:45:07 PM')
INSERT INTO [LoginActivity] ([LoginActivityID],[UserName],[LoginType],[LoginDateTime],[PointOfSaleID],[CreatedBy],[CreatedOn],[ModifiedBy],[ModifiedOn])
VALUES(324,'cashier1','Login','4/5/2007 11:47:23 PM',2,'','4/5/2007 11:47:23 PM','','4/5/2007 11:47:23 PM')
INSERT INTO [LoginActivity] ([LoginActivityID],[UserName],[LoginType],[LoginDateTime],[PointOfSaleID],[CreatedBy],[CreatedOn],[ModifiedBy],[ModifiedOn])
VALUES(325,'admin','Login','4/5/2007 11:56:03 PM',2,'','4/5/2007 11:56:03 PM','','4/5/2007 11:56:03 PM')
INSERT INTO [LoginActivity] ([LoginActivityID],[UserName],[LoginType],[LoginDateTime],[PointOfSaleID],[CreatedBy],[CreatedOn],[ModifiedBy],[ModifiedOn])
VALUES(326,'admin','Login','4/5/2007 11:59:58 PM',2,'','4/5/2007 11:59:58 PM','','4/5/2007 11:59:58 PM')
INSERT INTO [LoginActivity] ([LoginActivityID],[UserName],[LoginType],[LoginDateTime],[PointOfSaleID],[CreatedBy],[CreatedOn],[ModifiedBy],[ModifiedOn])
VALUES(327,'admin','Login','5/5/2007 12:01:09 AM',2,'','5/5/2007 12:01:09 AM','','5/5/2007 12:01:09 AM')
INSERT INTO [LoginActivity] ([LoginActivityID],[UserName],[LoginType],[LoginDateTime],[PointOfSaleID],[CreatedBy],[CreatedOn],[ModifiedBy],[ModifiedOn])
VALUES(328,'admin','Login','5/5/2007 12:03:14 AM',2,'','5/5/2007 12:03:14 AM','','5/5/2007 12:03:14 AM')
INSERT INTO [LoginActivity] ([LoginActivityID],[UserName],[LoginType],[LoginDateTime],[PointOfSaleID],[CreatedBy],[CreatedOn],[ModifiedBy],[ModifiedOn])
VALUES(329,'admin','Logout','5/5/2007 12:04:15 AM',2,'','5/5/2007 12:04:15 AM','','5/5/2007 12:04:15 AM')
INSERT INTO [LoginActivity] ([LoginActivityID],[UserName],[LoginType],[LoginDateTime],[PointOfSaleID],[CreatedBy],[CreatedOn],[ModifiedBy],[ModifiedOn])
VALUES(330,'admin','Login','5/5/2007 12:27:43 AM',2,'','5/5/2007 12:27:43 AM','','5/5/2007 12:27:43 AM')
INSERT INTO [LoginActivity] ([LoginActivityID],[UserName],[LoginType],[LoginDateTime],[PointOfSaleID],[CreatedBy],[CreatedOn],[ModifiedBy],[ModifiedOn])
VALUES(331,'admin','Login','5/5/2007 12:30:45 AM',2,'','5/5/2007 12:30:45 AM','','5/5/2007 12:30:45 AM')
INSERT INTO [LoginActivity] ([LoginActivityID],[UserName],[LoginType],[LoginDateTime],[PointOfSaleID],[CreatedBy],[CreatedOn],[ModifiedBy],[ModifiedOn])
VALUES(332,'admin','Logout','5/5/2007 12:31:35 AM',2,'','5/5/2007 12:31:35 AM','','5/5/2007 12:31:35 AM')
INSERT INTO [LoginActivity] ([LoginActivityID],[UserName],[LoginType],[LoginDateTime],[PointOfSaleID],[CreatedBy],[CreatedOn],[ModifiedBy],[ModifiedOn])
VALUES(333,'admin','Login','5/5/2007 12:40:15 AM',2,'','5/5/2007 12:40:15 AM','','5/5/2007 12:40:15 AM')
INSERT INTO [LoginActivity] ([LoginActivityID],[UserName],[LoginType],[LoginDateTime],[PointOfSaleID],[CreatedBy],[CreatedOn],[ModifiedBy],[ModifiedOn])
VALUES(334,'admin','Login','5/5/2007 12:41:33 AM',2,'','5/5/2007 12:41:33 AM','','5/5/2007 12:41:33 AM')
INSERT INTO [LoginActivity] ([LoginActivityID],[UserName],[LoginType],[LoginDateTime],[PointOfSaleID],[CreatedBy],[CreatedOn],[ModifiedBy],[ModifiedOn])
VALUES(335,'admin','Login','5/5/2007 12:42:39 AM',2,'','5/5/2007 12:42:39 AM','','5/5/2007 12:42:39 AM')
INSERT INTO [LoginActivity] ([LoginActivityID],[UserName],[LoginType],[LoginDateTime],[PointOfSaleID],[CreatedBy],[CreatedOn],[ModifiedBy],[ModifiedOn])
VALUES(336,'admin','Logout','5/5/2007 12:43:17 AM',2,'','5/5/2007 12:43:17 AM','','5/5/2007 12:43:17 AM')
INSERT INTO [LoginActivity] ([LoginActivityID],[UserName],[LoginType],[LoginDateTime],[PointOfSaleID],[CreatedBy],[CreatedOn],[ModifiedBy],[ModifiedOn])
VALUES(337,'admin','Login','5/5/2007 12:49:58 AM',2,'','5/5/2007 12:49:58 AM','','5/5/2007 12:49:58 AM')
INSERT INTO [LoginActivity] ([LoginActivityID],[UserName],[LoginType],[LoginDateTime],[PointOfSaleID],[CreatedBy],[CreatedOn],[ModifiedBy],[ModifiedOn])
VALUES(338,'admin','Login','5/5/2007 12:58:43 AM',2,'','5/5/2007 12:58:43 AM','','5/5/2007 12:58:43 AM')
INSERT INTO [LoginActivity] ([LoginActivityID],[UserName],[LoginType],[LoginDateTime],[PointOfSaleID],[CreatedBy],[CreatedOn],[ModifiedBy],[ModifiedOn])
VALUES(339,'admin','Login','5/5/2007 1:03:37 AM',2,'','5/5/2007 1:03:37 AM','','5/5/2007 1:03:37 AM')
INSERT INTO [LoginActivity] ([LoginActivityID],[UserName],[LoginType],[LoginDateTime],[PointOfSaleID],[CreatedBy],[CreatedOn],[ModifiedBy],[ModifiedOn])
VALUES(340,'admin','Login','5/5/2007 1:09:29 AM',2,'','5/5/2007 1:09:29 AM','','5/5/2007 1:09:29 AM')
INSERT INTO [LoginActivity] ([LoginActivityID],[UserName],[LoginType],[LoginDateTime],[PointOfSaleID],[CreatedBy],[CreatedOn],[ModifiedBy],[ModifiedOn])
VALUES(341,'admin','Logout','5/5/2007 1:09:59 AM',2,'','5/5/2007 1:09:59 AM','','5/5/2007 1:09:59 AM')
INSERT INTO [LoginActivity] ([LoginActivityID],[UserName],[LoginType],[LoginDateTime],[PointOfSaleID],[CreatedBy],[CreatedOn],[ModifiedBy],[ModifiedOn])
VALUES(342,'admin','Login','5/5/2007 1:11:39 AM',2,'','5/5/2007 1:11:39 AM','','5/5/2007 1:11:39 AM')
INSERT INTO [LoginActivity] ([LoginActivityID],[UserName],[LoginType],[LoginDateTime],[PointOfSaleID],[CreatedBy],[CreatedOn],[ModifiedBy],[ModifiedOn])
VALUES(343,'admin','Logout','5/5/2007 1:15:55 AM',2,'','5/5/2007 1:15:55 AM','','5/5/2007 1:15:55 AM')
INSERT INTO [LoginActivity] ([LoginActivityID],[UserName],[LoginType],[LoginDateTime],[PointOfSaleID],[CreatedBy],[CreatedOn],[ModifiedBy],[ModifiedOn])
VALUES(344,'admin','Login','5/5/2007 1:24:09 AM',2,'','5/5/2007 1:24:09 AM','','5/5/2007 1:24:09 AM')
INSERT INTO [LoginActivity] ([LoginActivityID],[UserName],[LoginType],[LoginDateTime],[PointOfSaleID],[CreatedBy],[CreatedOn],[ModifiedBy],[ModifiedOn])
VALUES(345,'admin','Logout','5/5/2007 1:33:06 AM',2,'','5/5/2007 1:33:06 AM','','5/5/2007 1:33:06 AM')
INSERT INTO [LoginActivity] ([LoginActivityID],[UserName],[LoginType],[LoginDateTime],[PointOfSaleID],[CreatedBy],[CreatedOn],[ModifiedBy],[ModifiedOn])
VALUES(346,'admin','Login','5/5/2007 11:34:23 AM',2,'','5/5/2007 11:34:23 AM','','5/5/2007 11:34:23 AM')
INSERT INTO [LoginActivity] ([LoginActivityID],[UserName],[LoginType],[LoginDateTime],[PointOfSaleID],[CreatedBy],[CreatedOn],[ModifiedBy],[ModifiedOn])
VALUES(347,'admin','Logout','5/5/2007 11:34:32 AM',2,'','5/5/2007 11:34:32 AM','','5/5/2007 11:34:32 AM')
INSERT INTO [LoginActivity] ([LoginActivityID],[UserName],[LoginType],[LoginDateTime],[PointOfSaleID],[CreatedBy],[CreatedOn],[ModifiedBy],[ModifiedOn])
VALUES(348,'admin','Login','5/5/2007 11:34:39 AM',2,'','5/5/2007 11:34:39 AM','','5/5/2007 11:34:39 AM')
INSERT INTO [LoginActivity] ([LoginActivityID],[UserName],[LoginType],[LoginDateTime],[PointOfSaleID],[CreatedBy],[CreatedOn],[ModifiedBy],[ModifiedOn])
VALUES(349,'admin','Logout','5/5/2007 11:34:49 AM',2,'','5/5/2007 11:34:49 AM','','5/5/2007 11:34:49 AM')
INSERT INTO [LoginActivity] ([LoginActivityID],[UserName],[LoginType],[LoginDateTime],[PointOfSaleID],[CreatedBy],[CreatedOn],[ModifiedBy],[ModifiedOn])
VALUES(350,'admin','Login','5/5/2007 11:50:02 AM',2,'','5/5/2007 11:50:02 AM','','5/5/2007 11:50:02 AM')
INSERT INTO [LoginActivity] ([LoginActivityID],[UserName],[LoginType],[LoginDateTime],[PointOfSaleID],[CreatedBy],[CreatedOn],[ModifiedBy],[ModifiedOn])
VALUES(351,'admin','Logout','5/5/2007 11:52:18 AM',2,'','5/5/2007 11:52:18 AM','','5/5/2007 11:52:18 AM')
INSERT INTO [LoginActivity] ([LoginActivityID],[UserName],[LoginType],[LoginDateTime],[PointOfSaleID],[CreatedBy],[CreatedOn],[ModifiedBy],[ModifiedOn])
VALUES(352,'admin','Login','5/5/2007 11:54:05 AM',2,'','5/5/2007 11:54:05 AM','','5/5/2007 11:54:05 AM')
INSERT INTO [LoginActivity] ([LoginActivityID],[UserName],[LoginType],[LoginDateTime],[PointOfSaleID],[CreatedBy],[CreatedOn],[ModifiedBy],[ModifiedOn])
VALUES(353,'cashier1','Authorizing','5/5/2007 11:54:52 AM',2,'','5/5/2007 11:54:52 AM','','5/5/2007 11:54:52 AM')
INSERT INTO [LoginActivity] ([LoginActivityID],[UserName],[LoginType],[LoginDateTime],[PointOfSaleID],[CreatedBy],[CreatedOn],[ModifiedBy],[ModifiedOn])
VALUES(354,'supervisor1','Authorizing','5/5/2007 11:55:04 AM',2,'','5/5/2007 11:55:04 AM','','5/5/2007 11:55:04 AM')
INSERT INTO [LoginActivity] ([LoginActivityID],[UserName],[LoginType],[LoginDateTime],[PointOfSaleID],[CreatedBy],[CreatedOn],[ModifiedBy],[ModifiedOn])
VALUES(355,'admin','Logout','5/5/2007 11:55:11 AM',2,'','5/5/2007 11:55:11 AM','','5/5/2007 11:55:11 AM')
INSERT INTO [LoginActivity] ([LoginActivityID],[UserName],[LoginType],[LoginDateTime],[PointOfSaleID],[CreatedBy],[CreatedOn],[ModifiedBy],[ModifiedOn])
VALUES(356,'admin','Login','6/5/2007 5:29:09 PM',2,'','6/5/2007 5:29:10 PM','','6/5/2007 5:29:10 PM')
INSERT INTO [LoginActivity] ([LoginActivityID],[UserName],[LoginType],[LoginDateTime],[PointOfSaleID],[CreatedBy],[CreatedOn],[ModifiedBy],[ModifiedOn])
VALUES(357,'admin','Logout','6/5/2007 5:29:26 PM',2,'','6/5/2007 5:29:26 PM','','6/5/2007 5:29:26 PM')
INSERT INTO [LoginActivity] ([LoginActivityID],[UserName],[LoginType],[LoginDateTime],[PointOfSaleID],[CreatedBy],[CreatedOn],[ModifiedBy],[ModifiedOn])
VALUES(358,'admin','Login','6/5/2007 6:07:49 PM',2,'','6/5/2007 6:07:49 PM','','6/5/2007 6:07:49 PM')
INSERT INTO [LoginActivity] ([LoginActivityID],[UserName],[LoginType],[LoginDateTime],[PointOfSaleID],[CreatedBy],[CreatedOn],[ModifiedBy],[ModifiedOn])
VALUES(359,'admin','Logout','6/5/2007 6:08:10 PM',2,'','6/5/2007 6:08:10 PM','','6/5/2007 6:08:10 PM')
INSERT INTO [LoginActivity] ([LoginActivityID],[UserName],[LoginType],[LoginDateTime],[PointOfSaleID],[CreatedBy],[CreatedOn],[ModifiedBy],[ModifiedOn])
VALUES(360,'admin','Login','6/5/2007 6:09:57 PM',2,'','6/5/2007 6:09:57 PM','','6/5/2007 6:09:57 PM')
INSERT INTO [LoginActivity] ([LoginActivityID],[UserName],[LoginType],[LoginDateTime],[PointOfSaleID],[CreatedBy],[CreatedOn],[ModifiedBy],[ModifiedOn])
VALUES(361,'admin','Login','6/5/2007 6:10:58 PM',2,'','6/5/2007 6:10:58 PM','','6/5/2007 6:10:58 PM')
INSERT INTO [LoginActivity] ([LoginActivityID],[UserName],[LoginType],[LoginDateTime],[PointOfSaleID],[CreatedBy],[CreatedOn],[ModifiedBy],[ModifiedOn])
VALUES(362,'admin','Logout','6/5/2007 6:11:45 PM',2,'','6/5/2007 6:11:45 PM','','6/5/2007 6:11:45 PM')
INSERT INTO [LoginActivity] ([LoginActivityID],[UserName],[LoginType],[LoginDateTime],[PointOfSaleID],[CreatedBy],[CreatedOn],[ModifiedBy],[ModifiedOn])
VALUES(363,'admin','Login','6/5/2007 6:25:21 PM',2,'','6/5/2007 6:25:21 PM','','6/5/2007 6:25:21 PM')
INSERT INTO [LoginActivity] ([LoginActivityID],[UserName],[LoginType],[LoginDateTime],[PointOfSaleID],[CreatedBy],[CreatedOn],[ModifiedBy],[ModifiedOn])
VALUES(364,'admin','Logout','6/5/2007 6:28:30 PM',2,'','6/5/2007 6:28:30 PM','','6/5/2007 6:28:30 PM')
INSERT INTO [LoginActivity] ([LoginActivityID],[UserName],[LoginType],[LoginDateTime],[PointOfSaleID],[CreatedBy],[CreatedOn],[ModifiedBy],[ModifiedOn])
VALUES(365,'admin','Login','6/5/2007 6:36:46 PM',2,'','6/5/2007 6:36:46 PM','','6/5/2007 6:36:46 PM')
INSERT INTO [LoginActivity] ([LoginActivityID],[UserName],[LoginType],[LoginDateTime],[PointOfSaleID],[CreatedBy],[CreatedOn],[ModifiedBy],[ModifiedOn])
VALUES(366,'admin','Logout','6/5/2007 6:37:08 PM',2,'','6/5/2007 6:37:08 PM','','6/5/2007 6:37:08 PM')
INSERT INTO [LoginActivity] ([LoginActivityID],[UserName],[LoginType],[LoginDateTime],[PointOfSaleID],[CreatedBy],[CreatedOn],[ModifiedBy],[ModifiedOn])
VALUES(367,'admin','Login','6/5/2007 6:37:18 PM',2,'','6/5/2007 6:37:18 PM','','6/5/2007 6:37:18 PM')
INSERT INTO [LoginActivity] ([LoginActivityID],[UserName],[LoginType],[LoginDateTime],[PointOfSaleID],[CreatedBy],[CreatedOn],[ModifiedBy],[ModifiedOn])
VALUES(368,'admin','Logout','6/5/2007 6:38:11 PM',2,'','6/5/2007 6:38:11 PM','','6/5/2007 6:38:11 PM')
INSERT INTO [LoginActivity] ([LoginActivityID],[UserName],[LoginType],[LoginDateTime],[PointOfSaleID],[CreatedBy],[CreatedOn],[ModifiedBy],[ModifiedOn])
VALUES(369,'admin','Login','6/5/2007 6:48:40 PM',2,'','6/5/2007 6:48:40 PM','','6/5/2007 6:48:40 PM')
INSERT INTO [LoginActivity] ([LoginActivityID],[UserName],[LoginType],[LoginDateTime],[PointOfSaleID],[CreatedBy],[CreatedOn],[ModifiedBy],[ModifiedOn])
VALUES(370,'admin','Logout','6/5/2007 6:49:15 PM',2,'','6/5/2007 6:49:15 PM','','6/5/2007 6:49:15 PM')
INSERT INTO [LoginActivity] ([LoginActivityID],[UserName],[LoginType],[LoginDateTime],[PointOfSaleID],[CreatedBy],[CreatedOn],[ModifiedBy],[ModifiedOn])
VALUES(371,'admin','Login','6/5/2007 6:54:25 PM',2,'','6/5/2007 6:54:25 PM','','6/5/2007 6:54:25 PM')
INSERT INTO [LoginActivity] ([LoginActivityID],[UserName],[LoginType],[LoginDateTime],[PointOfSaleID],[CreatedBy],[CreatedOn],[ModifiedBy],[ModifiedOn])
VALUES(372,'admin','Logout','6/5/2007 6:55:00 PM',2,'','6/5/2007 6:55:00 PM','','6/5/2007 6:55:00 PM')
INSERT INTO [LoginActivity] ([LoginActivityID],[UserName],[LoginType],[LoginDateTime],[PointOfSaleID],[CreatedBy],[CreatedOn],[ModifiedBy],[ModifiedOn])
VALUES(373,'admin','Login','6/5/2007 6:59:54 PM',2,'','6/5/2007 6:59:54 PM','','6/5/2007 6:59:54 PM')
INSERT INTO [LoginActivity] ([LoginActivityID],[UserName],[LoginType],[LoginDateTime],[PointOfSaleID],[CreatedBy],[CreatedOn],[ModifiedBy],[ModifiedOn])
VALUES(374,'admin','Logout','6/5/2007 7:01:46 PM',2,'','6/5/2007 7:01:46 PM','','6/5/2007 7:01:46 PM')
INSERT INTO [LoginActivity] ([LoginActivityID],[UserName],[LoginType],[LoginDateTime],[PointOfSaleID],[CreatedBy],[CreatedOn],[ModifiedBy],[ModifiedOn])
VALUES(375,'admin','Login','6/5/2007 7:07:05 PM',2,'','6/5/2007 7:07:05 PM','','6/5/2007 7:07:05 PM')
INSERT INTO [LoginActivity] ([LoginActivityID],[UserName],[LoginType],[LoginDateTime],[PointOfSaleID],[CreatedBy],[CreatedOn],[ModifiedBy],[ModifiedOn])
VALUES(376,'admin','Logout','6/5/2007 7:08:13 PM',2,'','6/5/2007 7:08:13 PM','','6/5/2007 7:08:13 PM')
INSERT INTO [LoginActivity] ([LoginActivityID],[UserName],[LoginType],[LoginDateTime],[PointOfSaleID],[CreatedBy],[CreatedOn],[ModifiedBy],[ModifiedOn])
VALUES(377,'cashier1','Login','6/5/2007 7:08:20 PM',2,'','6/5/2007 7:08:20 PM','','6/5/2007 7:08:20 PM')
INSERT INTO [LoginActivity] ([LoginActivityID],[UserName],[LoginType],[LoginDateTime],[PointOfSaleID],[CreatedBy],[CreatedOn],[ModifiedBy],[ModifiedOn])
VALUES(378,'admin','Authorizing','6/5/2007 7:08:35 PM',2,'','6/5/2007 7:08:35 PM','','6/5/2007 7:08:35 PM')
INSERT INTO [LoginActivity] ([LoginActivityID],[UserName],[LoginType],[LoginDateTime],[PointOfSaleID],[CreatedBy],[CreatedOn],[ModifiedBy],[ModifiedOn])
VALUES(379,'cashier1','Logout','6/5/2007 7:09:17 PM',2,'','6/5/2007 7:09:17 PM','','6/5/2007 7:09:17 PM')
INSERT INTO [LoginActivity] ([LoginActivityID],[UserName],[LoginType],[LoginDateTime],[PointOfSaleID],[CreatedBy],[CreatedOn],[ModifiedBy],[ModifiedOn])
VALUES(380,'admin','Login','6/5/2007 7:13:48 PM',2,'','6/5/2007 7:13:48 PM','','6/5/2007 7:13:48 PM')
INSERT INTO [LoginActivity] ([LoginActivityID],[UserName],[LoginType],[LoginDateTime],[PointOfSaleID],[CreatedBy],[CreatedOn],[ModifiedBy],[ModifiedOn])
VALUES(381,'admin','Logout','6/5/2007 7:14:02 PM',2,'','6/5/2007 7:14:02 PM','','6/5/2007 7:14:02 PM')
INSERT INTO [LoginActivity] ([LoginActivityID],[UserName],[LoginType],[LoginDateTime],[PointOfSaleID],[CreatedBy],[CreatedOn],[ModifiedBy],[ModifiedOn])
VALUES(382,'admin','Login','6/5/2007 7:20:03 PM',2,'','6/5/2007 7:20:03 PM','','6/5/2007 7:20:03 PM')
INSERT INTO [LoginActivity] ([LoginActivityID],[UserName],[LoginType],[LoginDateTime],[PointOfSaleID],[CreatedBy],[CreatedOn],[ModifiedBy],[ModifiedOn])
VALUES(383,'admin','Logout','6/5/2007 7:20:23 PM',2,'','6/5/2007 7:20:23 PM','','6/5/2007 7:20:23 PM')
INSERT INTO [LoginActivity] ([LoginActivityID],[UserName],[LoginType],[LoginDateTime],[PointOfSaleID],[CreatedBy],[CreatedOn],[ModifiedBy],[ModifiedOn])
VALUES(384,'admin','Login','6/5/2007 7:21:36 PM',2,'','6/5/2007 7:21:36 PM','','6/5/2007 7:21:36 PM')
INSERT INTO [LoginActivity] ([LoginActivityID],[UserName],[LoginType],[LoginDateTime],[PointOfSaleID],[CreatedBy],[CreatedOn],[ModifiedBy],[ModifiedOn])
VALUES(385,'admin','Logout','6/5/2007 7:23:00 PM',2,'','6/5/2007 7:23:00 PM','','6/5/2007 7:23:00 PM')
INSERT INTO [LoginActivity] ([LoginActivityID],[UserName],[LoginType],[LoginDateTime],[PointOfSaleID],[CreatedBy],[CreatedOn],[ModifiedBy],[ModifiedOn])
VALUES(386,'admin','Login','6/5/2007 7:23:34 PM',2,'','6/5/2007 7:23:34 PM','','6/5/2007 7:23:34 PM')
INSERT INTO [LoginActivity] ([LoginActivityID],[UserName],[LoginType],[LoginDateTime],[PointOfSaleID],[CreatedBy],[CreatedOn],[ModifiedBy],[ModifiedOn])
VALUES(387,'admin','Login','6/5/2007 7:24:29 PM',2,'','6/5/2007 7:24:29 PM','','6/5/2007 7:24:29 PM')
INSERT INTO [LoginActivity] ([LoginActivityID],[UserName],[LoginType],[LoginDateTime],[PointOfSaleID],[CreatedBy],[CreatedOn],[ModifiedBy],[ModifiedOn])
VALUES(388,'admin','Login','6/5/2007 7:27:47 PM',2,'','6/5/2007 7:27:47 PM','','6/5/2007 7:27:47 PM')
INSERT INTO [LoginActivity] ([LoginActivityID],[UserName],[LoginType],[LoginDateTime],[PointOfSaleID],[CreatedBy],[CreatedOn],[ModifiedBy],[ModifiedOn])
VALUES(389,'admin','Login','6/5/2007 7:29:44 PM',2,'','6/5/2007 7:29:44 PM','','6/5/2007 7:29:44 PM')
INSERT INTO [LoginActivity] ([LoginActivityID],[UserName],[LoginType],[LoginDateTime],[PointOfSaleID],[CreatedBy],[CreatedOn],[ModifiedBy],[ModifiedOn])
VALUES(390,'admin','Logout','6/5/2007 7:31:58 PM',2,'','6/5/2007 7:31:58 PM','','6/5/2007 7:31:58 PM')
INSERT INTO [LoginActivity] ([LoginActivityID],[UserName],[LoginType],[LoginDateTime],[PointOfSaleID],[CreatedBy],[CreatedOn],[ModifiedBy],[ModifiedOn])
VALUES(391,'admin','Login','6/5/2007 7:46:51 PM',2,'','6/5/2007 7:46:51 PM','','6/5/2007 7:46:51 PM')
INSERT INTO [LoginActivity] ([LoginActivityID],[UserName],[LoginType],[LoginDateTime],[PointOfSaleID],[CreatedBy],[CreatedOn],[ModifiedBy],[ModifiedOn])
VALUES(392,'admin','Logout','6/5/2007 7:48:02 PM',2,'','6/5/2007 7:48:02 PM','','6/5/2007 7:48:02 PM')
INSERT INTO [LoginActivity] ([LoginActivityID],[UserName],[LoginType],[LoginDateTime],[PointOfSaleID],[CreatedBy],[CreatedOn],[ModifiedBy],[ModifiedOn])
VALUES(393,'admin','Login','6/5/2007 7:49:03 PM',2,'','6/5/2007 7:49:03 PM','','6/5/2007 7:49:03 PM')
INSERT INTO [LoginActivity] ([LoginActivityID],[UserName],[LoginType],[LoginDateTime],[PointOfSaleID],[CreatedBy],[CreatedOn],[ModifiedBy],[ModifiedOn])
VALUES(394,'admin','Logout','6/5/2007 7:50:01 PM',2,'','6/5/2007 7:50:01 PM','','6/5/2007 7:50:01 PM')
INSERT INTO [LoginActivity] ([LoginActivityID],[UserName],[LoginType],[LoginDateTime],[PointOfSaleID],[CreatedBy],[CreatedOn],[ModifiedBy],[ModifiedOn])
VALUES(395,'admin','Login','6/5/2007 7:52:07 PM',2,'','6/5/2007 7:52:07 PM','','6/5/2007 7:52:07 PM')
INSERT INTO [LoginActivity] ([LoginActivityID],[UserName],[LoginType],[LoginDateTime],[PointOfSaleID],[CreatedBy],[CreatedOn],[ModifiedBy],[ModifiedOn])
VALUES(396,'admin','Logout','6/5/2007 7:52:25 PM',2,'','6/5/2007 7:52:25 PM','','6/5/2007 7:52:25 PM')
INSERT INTO [LoginActivity] ([LoginActivityID],[UserName],[LoginType],[LoginDateTime],[PointOfSaleID],[CreatedBy],[CreatedOn],[ModifiedBy],[ModifiedOn])
VALUES(397,'admin','Login','6/5/2007 7:54:29 PM',2,'','6/5/2007 7:54:29 PM','','6/5/2007 7:54:29 PM')
INSERT INTO [LoginActivity] ([LoginActivityID],[UserName],[LoginType],[LoginDateTime],[PointOfSaleID],[CreatedBy],[CreatedOn],[ModifiedBy],[ModifiedOn])
VALUES(398,'admin','Login','6/5/2007 7:57:03 PM',2,'','6/5/2007 7:57:03 PM','','6/5/2007 7:57:03 PM')
INSERT INTO [LoginActivity] ([LoginActivityID],[UserName],[LoginType],[LoginDateTime],[PointOfSaleID],[CreatedBy],[CreatedOn],[ModifiedBy],[ModifiedOn])
VALUES(399,'admin','Login','6/5/2007 7:59:30 PM',2,'','6/5/2007 7:59:30 PM','','6/5/2007 7:59:30 PM')
INSERT INTO [LoginActivity] ([LoginActivityID],[UserName],[LoginType],[LoginDateTime],[PointOfSaleID],[CreatedBy],[CreatedOn],[ModifiedBy],[ModifiedOn])
VALUES(400,'admin','Login','6/5/2007 8:04:12 PM',2,'','6/5/2007 8:04:12 PM','','6/5/2007 8:04:12 PM')
INSERT INTO [LoginActivity] ([LoginActivityID],[UserName],[LoginType],[LoginDateTime],[PointOfSaleID],[CreatedBy],[CreatedOn],[ModifiedBy],[ModifiedOn])
VALUES(401,'admin','Logout','6/5/2007 8:07:06 PM',2,'','6/5/2007 8:07:06 PM','','6/5/2007 8:07:06 PM')
INSERT INTO [LoginActivity] ([LoginActivityID],[UserName],[LoginType],[LoginDateTime],[PointOfSaleID],[CreatedBy],[CreatedOn],[ModifiedBy],[ModifiedOn])
VALUES(402,'admin','Login','6/5/2007 8:08:14 PM',2,'','6/5/2007 8:08:14 PM','','6/5/2007 8:08:14 PM')
INSERT INTO [LoginActivity] ([LoginActivityID],[UserName],[LoginType],[LoginDateTime],[PointOfSaleID],[CreatedBy],[CreatedOn],[ModifiedBy],[ModifiedOn])
VALUES(403,'admin','Login','6/5/2007 8:10:54 PM',2,'','6/5/2007 8:10:54 PM','','6/5/2007 8:10:54 PM')
INSERT INTO [LoginActivity] ([LoginActivityID],[UserName],[LoginType],[LoginDateTime],[PointOfSaleID],[CreatedBy],[CreatedOn],[ModifiedBy],[ModifiedOn])
VALUES(404,'admin','Logout','6/5/2007 8:13:20 PM',2,'','6/5/2007 8:13:20 PM','','6/5/2007 8:13:20 PM')
INSERT INTO [LoginActivity] ([LoginActivityID],[UserName],[LoginType],[LoginDateTime],[PointOfSaleID],[CreatedBy],[CreatedOn],[ModifiedBy],[ModifiedOn])
VALUES(405,'admin','Login','6/5/2007 8:17:03 PM',2,'','6/5/2007 8:17:03 PM','','6/5/2007 8:17:03 PM')
INSERT INTO [LoginActivity] ([LoginActivityID],[UserName],[LoginType],[LoginDateTime],[PointOfSaleID],[CreatedBy],[CreatedOn],[ModifiedBy],[ModifiedOn])
VALUES(406,'admin','Logout','6/5/2007 8:19:05 PM',2,'','6/5/2007 8:19:05 PM','','6/5/2007 8:19:05 PM')
INSERT INTO [LoginActivity] ([LoginActivityID],[UserName],[LoginType],[LoginDateTime],[PointOfSaleID],[CreatedBy],[CreatedOn],[ModifiedBy],[ModifiedOn])
VALUES(407,'admin','Login','6/5/2007 8:24:17 PM',2,'','6/5/2007 8:24:17 PM','','6/5/2007 8:24:17 PM')
INSERT INTO [LoginActivity] ([LoginActivityID],[UserName],[LoginType],[LoginDateTime],[PointOfSaleID],[CreatedBy],[CreatedOn],[ModifiedBy],[ModifiedOn])
VALUES(408,'admin','Logout','6/5/2007 8:25:20 PM',2,'','6/5/2007 8:25:20 PM','','6/5/2007 8:25:20 PM')
INSERT INTO [LoginActivity] ([LoginActivityID],[UserName],[LoginType],[LoginDateTime],[PointOfSaleID],[CreatedBy],[CreatedOn],[ModifiedBy],[ModifiedOn])
VALUES(409,'admin','Login','6/5/2007 8:32:02 PM',2,'','6/5/2007 8:32:03 PM','','6/5/2007 8:32:03 PM')
INSERT INTO [LoginActivity] ([LoginActivityID],[UserName],[LoginType],[LoginDateTime],[PointOfSaleID],[CreatedBy],[CreatedOn],[ModifiedBy],[ModifiedOn])
VALUES(410,'admin','Logout','6/5/2007 8:34:08 PM',2,'','6/5/2007 8:34:08 PM','','6/5/2007 8:34:08 PM')
INSERT INTO [LoginActivity] ([LoginActivityID],[UserName],[LoginType],[LoginDateTime],[PointOfSaleID],[CreatedBy],[CreatedOn],[ModifiedBy],[ModifiedOn])
VALUES(411,'admin','Login','6/5/2007 8:40:39 PM',2,'','6/5/2007 8:40:39 PM','','6/5/2007 8:40:39 PM')
INSERT INTO [LoginActivity] ([LoginActivityID],[UserName],[LoginType],[LoginDateTime],[PointOfSaleID],[CreatedBy],[CreatedOn],[ModifiedBy],[ModifiedOn])
VALUES(412,'admin','Logout','6/5/2007 8:41:15 PM',2,'','6/5/2007 8:41:15 PM','','6/5/2007 8:41:15 PM')
INSERT INTO [LoginActivity] ([LoginActivityID],[UserName],[LoginType],[LoginDateTime],[PointOfSaleID],[CreatedBy],[CreatedOn],[ModifiedBy],[ModifiedOn])
VALUES(413,'admin','Login','6/5/2007 9:01:31 PM',2,'','6/5/2007 9:01:31 PM','','6/5/2007 9:01:31 PM')
INSERT INTO [LoginActivity] ([LoginActivityID],[UserName],[LoginType],[LoginDateTime],[PointOfSaleID],[CreatedBy],[CreatedOn],[ModifiedBy],[ModifiedOn])
VALUES(414,'admin','Logout','6/5/2007 9:02:52 PM',2,'','6/5/2007 9:02:52 PM','','6/5/2007 9:02:52 PM')
INSERT INTO [LoginActivity] ([LoginActivityID],[UserName],[LoginType],[LoginDateTime],[PointOfSaleID],[CreatedBy],[CreatedOn],[ModifiedBy],[ModifiedOn])
VALUES(415,'admin','Login','6/5/2007 9:12:12 PM',1,'','6/5/2007 9:12:12 PM','','6/5/2007 9:12:12 PM')
INSERT INTO [LoginActivity] ([LoginActivityID],[UserName],[LoginType],[LoginDateTime],[PointOfSaleID],[CreatedBy],[CreatedOn],[ModifiedBy],[ModifiedOn])
VALUES(416,'admin','Login','6/5/2007 9:12:36 PM',2,'','6/5/2007 9:12:36 PM','','6/5/2007 9:12:36 PM')
INSERT INTO [LoginActivity] ([LoginActivityID],[UserName],[LoginType],[LoginDateTime],[PointOfSaleID],[CreatedBy],[CreatedOn],[ModifiedBy],[ModifiedOn])
VALUES(417,'admin','Logout','6/5/2007 9:13:01 PM',2,'','6/5/2007 9:13:01 PM','','6/5/2007 9:13:01 PM')
INSERT INTO [LoginActivity] ([LoginActivityID],[UserName],[LoginType],[LoginDateTime],[PointOfSaleID],[CreatedBy],[CreatedOn],[ModifiedBy],[ModifiedOn])
VALUES(418,'admin','Login','6/5/2007 9:16:22 PM',2,'','6/5/2007 9:16:22 PM','','6/5/2007 9:16:22 PM')
INSERT INTO [LoginActivity] ([LoginActivityID],[UserName],[LoginType],[LoginDateTime],[PointOfSaleID],[CreatedBy],[CreatedOn],[ModifiedBy],[ModifiedOn])
VALUES(419,'admin','Logout','6/5/2007 9:18:56 PM',2,'','6/5/2007 9:18:56 PM','','6/5/2007 9:18:56 PM')
INSERT INTO [LoginActivity] ([LoginActivityID],[UserName],[LoginType],[LoginDateTime],[PointOfSaleID],[CreatedBy],[CreatedOn],[ModifiedBy],[ModifiedOn])
VALUES(420,'admin','Login','6/5/2007 10:15:52 PM',1,'','6/5/2007 10:15:52 PM','','6/5/2007 10:15:52 PM')
INSERT INTO [LoginActivity] ([LoginActivityID],[UserName],[LoginType],[LoginDateTime],[PointOfSaleID],[CreatedBy],[CreatedOn],[ModifiedBy],[ModifiedOn])
VALUES(421,'admin','Login','6/5/2007 10:16:49 PM',1,'','6/5/2007 10:16:49 PM','','6/5/2007 10:16:49 PM')
INSERT INTO [LoginActivity] ([LoginActivityID],[UserName],[LoginType],[LoginDateTime],[PointOfSaleID],[CreatedBy],[CreatedOn],[ModifiedBy],[ModifiedOn])
VALUES(422,'admin','Login','6/5/2007 10:18:08 PM',1,'','6/5/2007 10:18:08 PM','','6/5/2007 10:18:08 PM')
INSERT INTO [LoginActivity] ([LoginActivityID],[UserName],[LoginType],[LoginDateTime],[PointOfSaleID],[CreatedBy],[CreatedOn],[ModifiedBy],[ModifiedOn])
VALUES(423,'admin','Login','6/5/2007 10:35:36 PM',1,'','6/5/2007 10:35:36 PM','','6/5/2007 10:35:36 PM')
INSERT INTO [LoginActivity] ([LoginActivityID],[UserName],[LoginType],[LoginDateTime],[PointOfSaleID],[CreatedBy],[CreatedOn],[ModifiedBy],[ModifiedOn])
VALUES(424,'admin','Login','6/5/2007 10:39:01 PM',1,'','6/5/2007 10:39:01 PM','','6/5/2007 10:39:01 PM')
INSERT INTO [LoginActivity] ([LoginActivityID],[UserName],[LoginType],[LoginDateTime],[PointOfSaleID],[CreatedBy],[CreatedOn],[ModifiedBy],[ModifiedOn])
VALUES(425,'admin','Login','7/5/2007 12:03:32 AM',1,'','7/5/2007 12:03:32 AM','','7/5/2007 12:03:32 AM')
SET IDENTITY_INSERT [LoginActivity] OFF 


PRINT 'Begin inserting data in OrderDet'
INSERT INTO [OrderDet] ([OrderDetID],[ItemNo],[Quantity],[UnitPrice],[Discount],[Amount],[IsVoided],[OrderHdrID],[ModifiedOn],[ModifiedBy],[CreatedBy],[CreatedOn])
VALUES('07041400030001.1','I00000000001',1,1.2000,0.0000,1.2000,1,'07041400030001','14/4/2007 6:10:14 AM','cashier1','cashier1','14/4/2007 6:10:14 AM')
INSERT INTO [OrderDet] ([OrderDetID],[ItemNo],[Quantity],[UnitPrice],[Discount],[Amount],[IsVoided],[OrderHdrID],[ModifiedOn],[ModifiedBy],[CreatedBy],[CreatedOn])
VALUES('07041400030001.2','I00000000002',1,1.2000,0.0000,1.2000,1,'07041400030001','14/4/2007 6:10:14 AM','cashier1','cashier1','14/4/2007 6:10:14 AM')
INSERT INTO [OrderDet] ([OrderDetID],[ItemNo],[Quantity],[UnitPrice],[Discount],[Amount],[IsVoided],[OrderHdrID],[ModifiedOn],[ModifiedBy],[CreatedBy],[CreatedOn])
VALUES('07041400030001.3','I00000000003',1,0.9000,0.0000,0.9000, 0,'07041400030001','14/4/2007 6:10:14 AM','cashier1','cashier1','14/4/2007 6:10:14 AM')
INSERT INTO [OrderDet] ([OrderDetID],[ItemNo],[Quantity],[UnitPrice],[Discount],[Amount],[IsVoided],[OrderHdrID],[ModifiedOn],[ModifiedBy],[CreatedBy],[CreatedOn])
VALUES('07041400030001.4','I00000000004',1,3.0000,0.0000,3.0000, 0,'07041400030001','14/4/2007 6:10:14 AM','cashier1','cashier1','14/4/2007 6:10:14 AM')
INSERT INTO [OrderDet] ([OrderDetID],[ItemNo],[Quantity],[UnitPrice],[Discount],[Amount],[IsVoided],[OrderHdrID],[ModifiedOn],[ModifiedBy],[CreatedBy],[CreatedOn])
VALUES('07041400030001.5','I00000000005',1,3.5000,0.0000,3.5000, 0,'07041400030001','14/4/2007 6:10:14 AM','cashier1','cashier1','14/4/2007 6:10:14 AM')
INSERT INTO [OrderDet] ([OrderDetID],[ItemNo],[Quantity],[UnitPrice],[Discount],[Amount],[IsVoided],[OrderHdrID],[ModifiedOn],[ModifiedBy],[CreatedBy],[CreatedOn])
VALUES('07041400030001.6','I00000000006',1,3.5000,0.0000,3.5000, 0,'07041400030001','14/4/2007 6:10:14 AM','cashier1','cashier1','14/4/2007 6:10:14 AM')
INSERT INTO [OrderDet] ([OrderDetID],[ItemNo],[Quantity],[UnitPrice],[Discount],[Amount],[IsVoided],[OrderHdrID],[ModifiedOn],[ModifiedBy],[CreatedBy],[CreatedOn])
VALUES('07041400030002.1','I00000000002',1,1.2000,0.0000,1.2000, 0,'07041400030002','14/4/2007 6:10:26 AM','cashier1','cashier1','14/4/2007 6:10:26 AM')
INSERT INTO [OrderDet] ([OrderDetID],[ItemNo],[Quantity],[UnitPrice],[Discount],[Amount],[IsVoided],[OrderHdrID],[ModifiedOn],[ModifiedBy],[CreatedBy],[CreatedOn])
VALUES('07041400030002.2','I00000000004',1,3.0000,0.0000,3.0000, 0,'07041400030002','14/4/2007 6:10:26 AM','cashier1','cashier1','14/4/2007 6:10:26 AM')
INSERT INTO [OrderDet] ([OrderDetID],[ItemNo],[Quantity],[UnitPrice],[Discount],[Amount],[IsVoided],[OrderHdrID],[ModifiedOn],[ModifiedBy],[CreatedBy],[CreatedOn])
VALUES('07041400030002.3','I00000000006',1,3.5000,0.0000,3.5000, 0,'07041400030002','14/4/2007 6:10:26 AM','cashier1','cashier1','14/4/2007 6:10:26 AM')
INSERT INTO [OrderDet] ([OrderDetID],[ItemNo],[Quantity],[UnitPrice],[Discount],[Amount],[IsVoided],[OrderHdrID],[ModifiedOn],[ModifiedBy],[CreatedBy],[CreatedOn])
VALUES('07041500030001.1','I00000000005',1,4.0000,0.0000,3.5000, 0,'07041500030001','15/4/2007 1:53:49 PM','cashier1','cashier1','15/4/2007 1:53:49 PM')
INSERT INTO [OrderDet] ([OrderDetID],[ItemNo],[Quantity],[UnitPrice],[Discount],[Amount],[IsVoided],[OrderHdrID],[ModifiedOn],[ModifiedBy],[CreatedBy],[CreatedOn])
VALUES('07041500030002.1','I00000000005',7,3.5000,0.0000,3.5000, 0,'07041500030002','15/4/2007 2:48:37 PM','cashier1','cashier1','15/4/2007 2:48:37 PM')
INSERT INTO [OrderDet] ([OrderDetID],[ItemNo],[Quantity],[UnitPrice],[Discount],[Amount],[IsVoided],[OrderHdrID],[ModifiedOn],[ModifiedBy],[CreatedBy],[CreatedOn])
VALUES('07041500030003.1','I00000000003',3,0.9000,0.0000,0.9000, 0,'07041500030003','15/4/2007 2:48:49 PM','cashier1','cashier1','15/4/2007 2:48:49 PM')
INSERT INTO [OrderDet] ([OrderDetID],[ItemNo],[Quantity],[UnitPrice],[Discount],[Amount],[IsVoided],[OrderHdrID],[ModifiedOn],[ModifiedBy],[CreatedBy],[CreatedOn])
VALUES('07041500030004.1','I00000000002',1,1.2000,0.0000,1.2000, 0,'07041500030004','15/4/2007 7:20:29 PM','cashier1','cashier1','15/4/2007 7:20:29 PM')
INSERT INTO [OrderDet] ([OrderDetID],[ItemNo],[Quantity],[UnitPrice],[Discount],[Amount],[IsVoided],[OrderHdrID],[ModifiedOn],[ModifiedBy],[CreatedBy],[CreatedOn])
VALUES('07041500030005.1','I00000000008',2,6.0000,0.0000,12.0000, 0,'07041500030005','15/4/2007 7:30:36 PM','cashier1','cashier1','15/4/2007 7:30:36 PM')
INSERT INTO [OrderDet] ([OrderDetID],[ItemNo],[Quantity],[UnitPrice],[Discount],[Amount],[IsVoided],[OrderHdrID],[ModifiedOn],[ModifiedBy],[CreatedBy],[CreatedOn])
VALUES('07041500030005.2','I00000000004',1,3.0000,0.0000,3.0000, 0,'07041500030005','15/4/2007 7:30:36 PM','cashier1','cashier1','15/4/2007 7:30:36 PM')
INSERT INTO [OrderDet] ([OrderDetID],[ItemNo],[Quantity],[UnitPrice],[Discount],[Amount],[IsVoided],[OrderHdrID],[ModifiedOn],[ModifiedBy],[CreatedBy],[CreatedOn])
VALUES('07041500030005.3','I00000000010',1,1.2000,0.0000,1.2000, 0,'07041500030005','15/4/2007 7:30:36 PM','cashier1','cashier1','15/4/2007 7:30:36 PM')
INSERT INTO [OrderDet] ([OrderDetID],[ItemNo],[Quantity],[UnitPrice],[Discount],[Amount],[IsVoided],[OrderHdrID],[ModifiedOn],[ModifiedBy],[CreatedBy],[CreatedOn])
VALUES('07041500030005.4','I00000000002',1,1.2000,0.0000,1.2000, 0,'07041500030005','15/4/2007 7:30:36 PM','cashier1','cashier1','15/4/2007 7:30:36 PM')
INSERT INTO [OrderDet] ([OrderDetID],[ItemNo],[Quantity],[UnitPrice],[Discount],[Amount],[IsVoided],[OrderHdrID],[ModifiedOn],[ModifiedBy],[CreatedBy],[CreatedOn])
VALUES('07041500030005.5','I00000000003',1,0.9000,0.0000,0.9000, 0,'07041500030005','15/4/2007 7:30:36 PM','cashier1','cashier1','15/4/2007 7:30:36 PM')
INSERT INTO [OrderDet] ([OrderDetID],[ItemNo],[Quantity],[UnitPrice],[Discount],[Amount],[IsVoided],[OrderHdrID],[ModifiedOn],[ModifiedBy],[CreatedBy],[CreatedOn])
VALUES('07041500030006.1','I00000000003',3,0.9000,0.0000,2.7000, 0,'07041500030006','15/4/2007 7:51:33 PM','cashier1','cashier1','15/4/2007 7:51:33 PM')
INSERT INTO [OrderDet] ([OrderDetID],[ItemNo],[Quantity],[UnitPrice],[Discount],[Amount],[IsVoided],[OrderHdrID],[ModifiedOn],[ModifiedBy],[CreatedBy],[CreatedOn])
VALUES('07041500030006.2','I00000000004',3,3.0000,0.0000,9.0000, 0,'07041500030006','15/4/2007 7:51:33 PM','cashier1','cashier1','15/4/2007 7:51:33 PM')
INSERT INTO [OrderDet] ([OrderDetID],[ItemNo],[Quantity],[UnitPrice],[Discount],[Amount],[IsVoided],[OrderHdrID],[ModifiedOn],[ModifiedBy],[CreatedBy],[CreatedOn])
VALUES('07041500030006.3','I00000000005',3,3.5000,0.0000,10.5000, 0,'07041500030006','15/4/2007 7:51:33 PM','cashier1','cashier1','15/4/2007 7:51:33 PM')
INSERT INTO [OrderDet] ([OrderDetID],[ItemNo],[Quantity],[UnitPrice],[Discount],[Amount],[IsVoided],[OrderHdrID],[ModifiedOn],[ModifiedBy],[CreatedBy],[CreatedOn])
VALUES('07041500030006.4','I00000000006',1,3.5000,0.0000,10.5000, 0,'07041500030006','15/4/2007 7:51:33 PM','cashier1','cashier1','15/4/2007 7:51:33 PM')
INSERT INTO [OrderDet] ([OrderDetID],[ItemNo],[Quantity],[UnitPrice],[Discount],[Amount],[IsVoided],[OrderHdrID],[ModifiedOn],[ModifiedBy],[CreatedBy],[CreatedOn])
VALUES('07041500030006.5','I00000000002',3,1.2000,0.0000,7.2000, 0,'07041500030006','15/4/2007 7:51:33 PM','cashier1','cashier1','15/4/2007 7:51:33 PM')
INSERT INTO [OrderDet] ([OrderDetID],[ItemNo],[Quantity],[UnitPrice],[Discount],[Amount],[IsVoided],[OrderHdrID],[ModifiedOn],[ModifiedBy],[CreatedBy],[CreatedOn])
VALUES('07041500030006.6','I00000000007',3,4.0000,0.0000,15.0000, 0,'07041500030006','15/4/2007 7:51:33 PM','cashier1','cashier1','15/4/2007 7:51:33 PM')
INSERT INTO [OrderDet] ([OrderDetID],[ItemNo],[Quantity],[UnitPrice],[Discount],[Amount],[IsVoided],[OrderHdrID],[ModifiedOn],[ModifiedBy],[CreatedBy],[CreatedOn])
VALUES('07041500030006.7','I00000000009',3,1.4000,0.0000,4.2000, 0,'07041500030006','15/4/2007 7:51:33 PM','cashier1','cashier1','15/4/2007 7:51:33 PM')
INSERT INTO [OrderDet] ([OrderDetID],[ItemNo],[Quantity],[UnitPrice],[Discount],[Amount],[IsVoided],[OrderHdrID],[ModifiedOn],[ModifiedBy],[CreatedBy],[CreatedOn])
VALUES('07041500030007.1','I00000000003',1,0.9000,0.0000,0.9000, 0,'07041500030007','15/4/2007 8:19:20 PM','cashier1','cashier1','15/4/2007 8:19:20 PM')
INSERT INTO [OrderDet] ([OrderDetID],[ItemNo],[Quantity],[UnitPrice],[Discount],[Amount],[IsVoided],[OrderHdrID],[ModifiedOn],[ModifiedBy],[CreatedBy],[CreatedOn])
VALUES('07041500030007.2','I00000000004',2,3.0000,0.0000,6.0000, 0,'07041500030007','15/4/2007 8:19:20 PM','cashier1','cashier1','15/4/2007 8:19:20 PM')
INSERT INTO [OrderDet] ([OrderDetID],[ItemNo],[Quantity],[UnitPrice],[Discount],[Amount],[IsVoided],[OrderHdrID],[ModifiedOn],[ModifiedBy],[CreatedBy],[CreatedOn])
VALUES('07041500030007.3','I00000000005',1,3.5000,0.0000,3.5000, 0,'07041500030007','15/4/2007 8:19:20 PM','cashier1','cashier1','15/4/2007 8:19:20 PM')
INSERT INTO [OrderDet] ([OrderDetID],[ItemNo],[Quantity],[UnitPrice],[Discount],[Amount],[IsVoided],[OrderHdrID],[ModifiedOn],[ModifiedBy],[CreatedBy],[CreatedOn])
VALUES('07041500030007.4','I00000000006',1,3.5000,0.0000,3.5000, 0,'07041500030007','15/4/2007 8:19:20 PM','cashier1','cashier1','15/4/2007 8:19:20 PM')
INSERT INTO [OrderDet] ([OrderDetID],[ItemNo],[Quantity],[UnitPrice],[Discount],[Amount],[IsVoided],[OrderHdrID],[ModifiedOn],[ModifiedBy],[CreatedBy],[CreatedOn])
VALUES('07041500030007.5','I00000000002',6,1.2000,0.0000,7.2000, 0,'07041500030007','15/4/2007 8:19:20 PM','cashier1','cashier1','15/4/2007 8:19:20 PM')
INSERT INTO [OrderDet] ([OrderDetID],[ItemNo],[Quantity],[UnitPrice],[Discount],[Amount],[IsVoided],[OrderHdrID],[ModifiedOn],[ModifiedBy],[CreatedBy],[CreatedOn])
VALUES('07041500030007.6','I00000000007',1,5.0000,0.0000,5.0000, 0,'07041500030007','15/4/2007 8:19:20 PM','cashier1','cashier1','15/4/2007 8:19:20 PM')
INSERT INTO [OrderDet] ([OrderDetID],[ItemNo],[Quantity],[UnitPrice],[Discount],[Amount],[IsVoided],[OrderHdrID],[ModifiedOn],[ModifiedBy],[CreatedBy],[CreatedOn])
VALUES('07041500030007.7','I00000000009',1,1.4000,0.0000,1.4000, 0,'07041500030007','15/4/2007 8:19:20 PM','cashier1','cashier1','15/4/2007 8:19:20 PM')
INSERT INTO [OrderDet] ([OrderDetID],[ItemNo],[Quantity],[UnitPrice],[Discount],[Amount],[IsVoided],[OrderHdrID],[ModifiedOn],[ModifiedBy],[CreatedBy],[CreatedOn])
VALUES('07041500030007.8','I00000000010',2,1.2000,0.0000,2.4000, 0,'07041500030007','15/4/2007 8:19:20 PM','cashier1','cashier1','15/4/2007 8:19:20 PM')
INSERT INTO [OrderDet] ([OrderDetID],[ItemNo],[Quantity],[UnitPrice],[Discount],[Amount],[IsVoided],[OrderHdrID],[ModifiedOn],[ModifiedBy],[CreatedBy],[CreatedOn])
VALUES('07041500030007.9','I00000000008',1,6.0000,0.0000,6.0000, 0,'07041500030007','15/4/2007 8:19:20 PM','cashier1','cashier1','15/4/2007 8:19:20 PM')
INSERT INTO [OrderDet] ([OrderDetID],[ItemNo],[Quantity],[UnitPrice],[Discount],[Amount],[IsVoided],[OrderHdrID],[ModifiedOn],[ModifiedBy],[CreatedBy],[CreatedOn])
VALUES('07041500030008.1','I00000000003',6,0.9000,0.0000,0.9000, 0,'07041500030008','15/4/2007 9:42:14 PM','cashier2','cashier2','15/4/2007 9:42:14 PM')
INSERT INTO [OrderDet] ([OrderDetID],[ItemNo],[Quantity],[UnitPrice],[Discount],[Amount],[IsVoided],[OrderHdrID],[ModifiedOn],[ModifiedBy],[CreatedBy],[CreatedOn])
VALUES('07041500030009.1','I00000000002',1,1.2000,0.0000,1.2000, 0,'07041500030009','15/4/2007 9:42:21 PM','cashier2','cashier2','15/4/2007 9:42:21 PM')
INSERT INTO [OrderDet] ([OrderDetID],[ItemNo],[Quantity],[UnitPrice],[Discount],[Amount],[IsVoided],[OrderHdrID],[ModifiedOn],[ModifiedBy],[CreatedBy],[CreatedOn])
VALUES('07041500030009.2','I00000000004',1,3.0000,0.0000,3.0000, 0,'07041500030009','15/4/2007 9:42:21 PM','cashier2','cashier2','15/4/2007 9:42:21 PM')
INSERT INTO [OrderDet] ([OrderDetID],[ItemNo],[Quantity],[UnitPrice],[Discount],[Amount],[IsVoided],[OrderHdrID],[ModifiedOn],[ModifiedBy],[CreatedBy],[CreatedOn])
VALUES('07041500030010.1','I00000000008',1,6.0000,0.0000,6.0000, 0,'07041500030010','15/4/2007 9:44:36 PM','cashier2','cashier2','15/4/2007 9:44:36 PM')
INSERT INTO [OrderDet] ([OrderDetID],[ItemNo],[Quantity],[UnitPrice],[Discount],[Amount],[IsVoided],[OrderHdrID],[ModifiedOn],[ModifiedBy],[CreatedBy],[CreatedOn])
VALUES('07041500030010.2','I00000000002',2,1.2000,0.0000,1.2000, 0,'07041500030010','15/4/2007 9:44:36 PM','cashier2','cashier2','15/4/2007 9:44:36 PM')
INSERT INTO [OrderDet] ([OrderDetID],[ItemNo],[Quantity],[UnitPrice],[Discount],[Amount],[IsVoided],[OrderHdrID],[ModifiedOn],[ModifiedBy],[CreatedBy],[CreatedOn])
VALUES('07041500030010.3','I00000000010',1,1.2000,0.0000,1.2000, 0,'07041500030010','15/4/2007 9:44:36 PM','cashier2','cashier2','15/4/2007 9:44:36 PM')
INSERT INTO [OrderDet] ([OrderDetID],[ItemNo],[Quantity],[UnitPrice],[Discount],[Amount],[IsVoided],[OrderHdrID],[ModifiedOn],[ModifiedBy],[CreatedBy],[CreatedOn])
VALUES('07041500030010.4','I00000000003',1,0.9000,0.0000,0.9000, 0,'07041500030010','15/4/2007 9:44:36 PM','cashier2','cashier2','15/4/2007 9:44:36 PM')
INSERT INTO [OrderDet] ([OrderDetID],[ItemNo],[Quantity],[UnitPrice],[Discount],[Amount],[IsVoided],[OrderHdrID],[ModifiedOn],[ModifiedBy],[CreatedBy],[CreatedOn])
VALUES('07041500030011.1','I00000000004',1,3.0000,0.0000,3.0000, 0,'07041500030011','15/4/2007 9:45:02 PM','cashier2','cashier2','15/4/2007 9:45:02 PM')
INSERT INTO [OrderDet] ([OrderDetID],[ItemNo],[Quantity],[UnitPrice],[Discount],[Amount],[IsVoided],[OrderHdrID],[ModifiedOn],[ModifiedBy],[CreatedBy],[CreatedOn])
VALUES('07041500030011.2','I00000000006',3,3.5000,0.0000,3.5000, 0,'07041500030011','15/4/2007 9:45:02 PM','cashier2','cashier2','15/4/2007 9:45:02 PM')
INSERT INTO [OrderDet] ([OrderDetID],[ItemNo],[Quantity],[UnitPrice],[Discount],[Amount],[IsVoided],[OrderHdrID],[ModifiedOn],[ModifiedBy],[CreatedBy],[CreatedOn])
VALUES('07041500030011.3','I00000000008',1,6.0000,0.0000,6.0000, 0,'07041500030011','15/4/2007 9:45:02 PM','cashier2','cashier2','15/4/2007 9:45:02 PM')
INSERT INTO [OrderDet] ([OrderDetID],[ItemNo],[Quantity],[UnitPrice],[Discount],[Amount],[IsVoided],[OrderHdrID],[ModifiedOn],[ModifiedBy],[CreatedBy],[CreatedOn])
VALUES('07041500030012.1','I00000000003',1,0.9000,0.0000,0.9000, 0,'07041500030012','15/4/2007 9:45:13 PM','cashier2','cashier2','15/4/2007 9:45:13 PM')
INSERT INTO [OrderDet] ([OrderDetID],[ItemNo],[Quantity],[UnitPrice],[Discount],[Amount],[IsVoided],[OrderHdrID],[ModifiedOn],[ModifiedBy],[CreatedBy],[CreatedOn])
VALUES('07041500030012.2','I00000000002',1,1.2000,0.0000,1.2000, 0,'07041500030012','15/4/2007 9:45:13 PM','cashier2','cashier2','15/4/2007 9:45:13 PM')
INSERT INTO [OrderDet] ([OrderDetID],[ItemNo],[Quantity],[UnitPrice],[Discount],[Amount],[IsVoided],[OrderHdrID],[ModifiedOn],[ModifiedBy],[CreatedBy],[CreatedOn])
VALUES('07041500030012.3','I00000000010',1,1.2000,0.0000,1.2000, 0,'07041500030012','15/4/2007 9:45:13 PM','cashier2','cashier2','15/4/2007 9:45:13 PM')
INSERT INTO [OrderDet] ([OrderDetID],[ItemNo],[Quantity],[UnitPrice],[Discount],[Amount],[IsVoided],[OrderHdrID],[ModifiedOn],[ModifiedBy],[CreatedBy],[CreatedOn])
VALUES('07041600020001.1','I00000000004',4,3.0000,0.0000,3.0000, 0,'07041600020001','16/4/2007 10:04:05 AM','cashier1','cashier1','16/4/2007 10:04:05 AM')
INSERT INTO [OrderDet] ([OrderDetID],[ItemNo],[Quantity],[UnitPrice],[Discount],[Amount],[IsVoided],[OrderHdrID],[ModifiedOn],[ModifiedBy],[CreatedBy],[CreatedOn])
VALUES('07041600020001.2','I00000000005',2,3.5000,0.0000,3.5000, 0,'07041600020001','16/4/2007 10:04:05 AM','cashier1','cashier1','16/4/2007 10:04:05 AM')
INSERT INTO [OrderDet] ([OrderDetID],[ItemNo],[Quantity],[UnitPrice],[Discount],[Amount],[IsVoided],[OrderHdrID],[ModifiedOn],[ModifiedBy],[CreatedBy],[CreatedOn])
VALUES('07041600020001.3','I00000000006',3,3.5000,0.0000,3.5000, 0,'07041600020001','16/4/2007 10:04:05 AM','cashier1','cashier1','16/4/2007 10:04:05 AM')
INSERT INTO [OrderDet] ([OrderDetID],[ItemNo],[Quantity],[UnitPrice],[Discount],[Amount],[IsVoided],[OrderHdrID],[ModifiedOn],[ModifiedBy],[CreatedBy],[CreatedOn])
VALUES('07041600020001.4','I00000000007',1,5.0000,0.0000,5.0000, 0,'07041600020001','16/4/2007 10:04:05 AM','cashier1','cashier1','16/4/2007 10:04:05 AM')
INSERT INTO [OrderDet] ([OrderDetID],[ItemNo],[Quantity],[UnitPrice],[Discount],[Amount],[IsVoided],[OrderHdrID],[ModifiedOn],[ModifiedBy],[CreatedBy],[CreatedOn])
VALUES('07041600020001.5','I00000000002',8,1.2000,0.0000,1.2000, 0,'07041600020001','16/4/2007 10:04:05 AM','cashier1','cashier1','16/4/2007 10:04:05 AM')
INSERT INTO [OrderDet] ([OrderDetID],[ItemNo],[Quantity],[UnitPrice],[Discount],[Amount],[IsVoided],[OrderHdrID],[ModifiedOn],[ModifiedBy],[CreatedBy],[CreatedOn])
VALUES('07041600020002.1','I00000000007',1,5.0000,0.0000,5.0000, 0,'07041600020002','16/4/2007 10:05:06 AM','cashier1','cashier1','16/4/2007 10:05:06 AM')
INSERT INTO [OrderDet] ([OrderDetID],[ItemNo],[Quantity],[UnitPrice],[Discount],[Amount],[IsVoided],[OrderHdrID],[ModifiedOn],[ModifiedBy],[CreatedBy],[CreatedOn])
VALUES('07041600020002.2','I00000000008',1,6.0000,0.0000,6.0000, 0,'07041600020002','16/4/2007 10:05:06 AM','cashier1','cashier1','16/4/2007 10:05:06 AM')
INSERT INTO [OrderDet] ([OrderDetID],[ItemNo],[Quantity],[UnitPrice],[Discount],[Amount],[IsVoided],[OrderHdrID],[ModifiedOn],[ModifiedBy],[CreatedBy],[CreatedOn])
VALUES('07041600020002.3','I00000000010',1,1.2000,0.0000,1.2000, 0,'07041600020002','16/4/2007 10:05:06 AM','cashier1','cashier1','16/4/2007 10:05:06 AM')
INSERT INTO [OrderDet] ([OrderDetID],[ItemNo],[Quantity],[UnitPrice],[Discount],[Amount],[IsVoided],[OrderHdrID],[ModifiedOn],[ModifiedBy],[CreatedBy],[CreatedOn])
VALUES('07041600020003.1','I00000000006',1,3.5000,0.0000,3.5000, 0,'07041600020003','16/4/2007 10:05:15 AM','cashier1','cashier1','16/4/2007 10:05:15 AM')
INSERT INTO [OrderDet] ([OrderDetID],[ItemNo],[Quantity],[UnitPrice],[Discount],[Amount],[IsVoided],[OrderHdrID],[ModifiedOn],[ModifiedBy],[CreatedBy],[CreatedOn])
VALUES('07041600020003.2','I00000000004',1,3.0000,0.0000,3.0000, 0,'07041600020003','16/4/2007 10:05:15 AM','cashier1','cashier1','16/4/2007 10:05:15 AM')
INSERT INTO [OrderDet] ([OrderDetID],[ItemNo],[Quantity],[UnitPrice],[Discount],[Amount],[IsVoided],[OrderHdrID],[ModifiedOn],[ModifiedBy],[CreatedBy],[CreatedOn])
VALUES('07041600020003.3','I00000000007',1,5.0000,0.0000,5.0000, 0,'07041600020003','16/4/2007 10:05:15 AM','cashier1','cashier1','16/4/2007 10:05:15 AM')
INSERT INTO [OrderDet] ([OrderDetID],[ItemNo],[Quantity],[UnitPrice],[Discount],[Amount],[IsVoided],[OrderHdrID],[ModifiedOn],[ModifiedBy],[CreatedBy],[CreatedOn])
VALUES('07041600020003.4','I00000000002',3,1.2000,0.0000,3.6000, 0,'07041600020003','16/4/2007 10:05:15 AM','cashier1','cashier1','16/4/2007 10:05:15 AM')
INSERT INTO [OrderDet] ([OrderDetID],[ItemNo],[Quantity],[UnitPrice],[Discount],[Amount],[IsVoided],[OrderHdrID],[ModifiedOn],[ModifiedBy],[CreatedBy],[CreatedOn])
VALUES('07041600020004.1','I00000000002',6,1.2000,0.0000,7.2000, 0,'07041600020004','16/4/2007 10:05:41 AM','cashier1','cashier1','16/4/2007 10:05:41 AM')
INSERT INTO [OrderDet] ([OrderDetID],[ItemNo],[Quantity],[UnitPrice],[Discount],[Amount],[IsVoided],[OrderHdrID],[ModifiedOn],[ModifiedBy],[CreatedBy],[CreatedOn])
VALUES('07041600020004.2','I00000000008',1,6.0000,0.0000,6.0000, 0,'07041600020004','16/4/2007 10:05:41 AM','cashier1','cashier1','16/4/2007 10:05:41 AM')
INSERT INTO [OrderDet] ([OrderDetID],[ItemNo],[Quantity],[UnitPrice],[Discount],[Amount],[IsVoided],[OrderHdrID],[ModifiedOn],[ModifiedBy],[CreatedBy],[CreatedOn])
VALUES('07041600020004.3','I00000000004',1,3.0000,0.0000,3.0000, 0,'07041600020004','16/4/2007 10:05:41 AM','cashier1','cashier1','16/4/2007 10:05:41 AM')
INSERT INTO [OrderDet] ([OrderDetID],[ItemNo],[Quantity],[UnitPrice],[Discount],[Amount],[IsVoided],[OrderHdrID],[ModifiedOn],[ModifiedBy],[CreatedBy],[CreatedOn])
VALUES('07041600020004.4','I00000000010',1,1.2000,0.0000,1.2000, 0,'07041600020004','16/4/2007 10:05:41 AM','cashier1','cashier1','16/4/2007 10:05:41 AM')
INSERT INTO [OrderDet] ([OrderDetID],[ItemNo],[Quantity],[UnitPrice],[Discount],[Amount],[IsVoided],[OrderHdrID],[ModifiedOn],[ModifiedBy],[CreatedBy],[CreatedOn])
VALUES('07041600020005.1','I00000000002',3,1.2000,0.0000,1.2000, 0,'07041600020005','16/4/2007 10:43:14 AM','cashier1','cashier1','16/4/2007 10:43:14 AM')
INSERT INTO [OrderDet] ([OrderDetID],[ItemNo],[Quantity],[UnitPrice],[Discount],[Amount],[IsVoided],[OrderHdrID],[ModifiedOn],[ModifiedBy],[CreatedBy],[CreatedOn])
VALUES('07041600020006.1','I00000000003',5,0.9000,0.0000,0.9000, 0,'07041600020006','16/4/2007 10:43:32 AM','cashier1','cashier1','16/4/2007 10:43:32 AM')
INSERT INTO [OrderDet] ([OrderDetID],[ItemNo],[Quantity],[UnitPrice],[Discount],[Amount],[IsVoided],[OrderHdrID],[ModifiedOn],[ModifiedBy],[CreatedBy],[CreatedOn])
VALUES('07041600020006.2','I00000000004',1,3.0000,0.0000,3.0000, 0,'07041600020006','16/4/2007 10:43:32 AM','cashier1','cashier1','16/4/2007 10:43:32 AM')
INSERT INTO [OrderDet] ([OrderDetID],[ItemNo],[Quantity],[UnitPrice],[Discount],[Amount],[IsVoided],[OrderHdrID],[ModifiedOn],[ModifiedBy],[CreatedBy],[CreatedOn])
VALUES('07041600020006.3','I00000000005',1,3.5000,0.0000,3.5000, 0,'07041600020006','16/4/2007 10:43:32 AM','cashier1','cashier1','16/4/2007 10:43:32 AM')
INSERT INTO [OrderDet] ([OrderDetID],[ItemNo],[Quantity],[UnitPrice],[Discount],[Amount],[IsVoided],[OrderHdrID],[ModifiedOn],[ModifiedBy],[CreatedBy],[CreatedOn])
VALUES('07041600020007.1','I00000000002',5,1.2000,0.0000,6.0000, 0,'07041600020007','16/4/2007 10:43:41 AM','cashier1','cashier1','16/4/2007 10:43:41 AM')
INSERT INTO [OrderDet] ([OrderDetID],[ItemNo],[Quantity],[UnitPrice],[Discount],[Amount],[IsVoided],[OrderHdrID],[ModifiedOn],[ModifiedBy],[CreatedBy],[CreatedOn])
VALUES('07041600020008.1','I00000000002',3,1.2000,0.0000,1.2000, 0,'07041600020008','16/4/2007 10:46:25 AM','cashier1','cashier1','16/4/2007 10:46:25 AM')
INSERT INTO [OrderDet] ([OrderDetID],[ItemNo],[Quantity],[UnitPrice],[Discount],[Amount],[IsVoided],[OrderHdrID],[ModifiedOn],[ModifiedBy],[CreatedBy],[CreatedOn])
VALUES('07041600020009.1','I00000000007',2,5.0000,0.0000,10.0000, 0,'07041600020009','16/4/2007 10:46:37 AM','cashier1','cashier1','16/4/2007 10:46:37 AM')
INSERT INTO [OrderDet] ([OrderDetID],[ItemNo],[Quantity],[UnitPrice],[Discount],[Amount],[IsVoided],[OrderHdrID],[ModifiedOn],[ModifiedBy],[CreatedBy],[CreatedOn])
VALUES('07041600020010.1','I00000000010',2,1.2000,0.0000,2.4000, 0,'07041600020010','16/4/2007 1:30:45 PM','cashier1','cashier1','16/4/2007 10:46:44 AM')
INSERT INTO [OrderDet] ([OrderDetID],[ItemNo],[Quantity],[UnitPrice],[Discount],[Amount],[IsVoided],[OrderHdrID],[ModifiedOn],[ModifiedBy],[CreatedBy],[CreatedOn])
VALUES('07041600020010.2','I00000000002',1,1.2000,0.0000,1.2000, 0,'07041600020010','16/4/2007 10:46:44 AM','cashier1','cashier1','16/4/2007 10:46:44 AM')
INSERT INTO [OrderDet] ([OrderDetID],[ItemNo],[Quantity],[UnitPrice],[Discount],[Amount],[IsVoided],[OrderHdrID],[ModifiedOn],[ModifiedBy],[CreatedBy],[CreatedOn])
VALUES('07041600020011.1','I00000000003',1,0.9000,0.0000,0.9000, 0,'07041600020011','16/4/2007 2:00:54 PM','cashier1','cashier1','16/4/2007 2:00:54 PM')
INSERT INTO [OrderDet] ([OrderDetID],[ItemNo],[Quantity],[UnitPrice],[Discount],[Amount],[IsVoided],[OrderHdrID],[ModifiedOn],[ModifiedBy],[CreatedBy],[CreatedOn])
VALUES('07041600020012.1','I00000000011',3,1.2000,0.0000,1.2000, 0,'07041600020012','16/4/2007 3:24:05 PM','cashier1','cashier1','16/4/2007 3:24:05 PM')
INSERT INTO [OrderDet] ([OrderDetID],[ItemNo],[Quantity],[UnitPrice],[Discount],[Amount],[IsVoided],[OrderHdrID],[ModifiedOn],[ModifiedBy],[CreatedBy],[CreatedOn])
VALUES('07041700020001.1','I00000000005',1,3.5000,0.0000,3.5000, 0,'07041700020001','17/4/2007 4:56:31 AM','cashier1','cashier1','17/4/2007 4:56:31 AM')
INSERT INTO [OrderDet] ([OrderDetID],[ItemNo],[Quantity],[UnitPrice],[Discount],[Amount],[IsVoided],[OrderHdrID],[ModifiedOn],[ModifiedBy],[CreatedBy],[CreatedOn])
VALUES('07041700020002.1','I00000000002',1,1.2000,0.0000,1.2000, 0,'07041700020002','17/4/2007 5:54:33 AM','cashier1','cashier1','17/4/2007 5:54:33 AM')
INSERT INTO [OrderDet] ([OrderDetID],[ItemNo],[Quantity],[UnitPrice],[Discount],[Amount],[IsVoided],[OrderHdrID],[ModifiedOn],[ModifiedBy],[CreatedBy],[CreatedOn])
VALUES('07041700020002.2','I00000000003',1,0.9000,0.0000,0.9000, 0,'07041700020002','17/4/2007 5:54:33 AM','cashier1','cashier1','17/4/2007 5:54:33 AM')
INSERT INTO [OrderDet] ([OrderDetID],[ItemNo],[Quantity],[UnitPrice],[Discount],[Amount],[IsVoided],[OrderHdrID],[ModifiedOn],[ModifiedBy],[CreatedBy],[CreatedOn])
VALUES('07041700020002.3','I00000000005',1,3.5000,0.0000,3.5000, 0,'07041700020002','17/4/2007 5:54:33 AM','cashier1','cashier1','17/4/2007 5:54:33 AM')
INSERT INTO [OrderDet] ([OrderDetID],[ItemNo],[Quantity],[UnitPrice],[Discount],[Amount],[IsVoided],[OrderHdrID],[ModifiedOn],[ModifiedBy],[CreatedBy],[CreatedOn])
VALUES('07041700020002.4','I00000000006',1,3.5000,0.0000,3.5000, 0,'07041700020002','17/4/2007 5:54:33 AM','cashier1','cashier1','17/4/2007 5:54:33 AM')
INSERT INTO [OrderDet] ([OrderDetID],[ItemNo],[Quantity],[UnitPrice],[Discount],[Amount],[IsVoided],[OrderHdrID],[ModifiedOn],[ModifiedBy],[CreatedBy],[CreatedOn])
VALUES('07041700020003.1','I00000000002',1,1.2000,0.0000,1.2000, 0,'07041700020003','17/4/2007 6:13:37 AM','cashier1','cashier1','17/4/2007 6:13:37 AM')
INSERT INTO [OrderDet] ([OrderDetID],[ItemNo],[Quantity],[UnitPrice],[Discount],[Amount],[IsVoided],[OrderHdrID],[ModifiedOn],[ModifiedBy],[CreatedBy],[CreatedOn])
VALUES('07041700020003.2','I00000000004',1,3.0000,0.0000,3.0000, 0,'07041700020003','17/4/2007 6:13:37 AM','cashier1','cashier1','17/4/2007 6:13:37 AM')
INSERT INTO [OrderDet] ([OrderDetID],[ItemNo],[Quantity],[UnitPrice],[Discount],[Amount],[IsVoided],[OrderHdrID],[ModifiedOn],[ModifiedBy],[CreatedBy],[CreatedOn])
VALUES('07041700020003.3','I00000000006',1,3.5000,0.0000,3.5000, 0,'07041700020003','17/4/2007 6:13:37 AM','cashier1','cashier1','17/4/2007 6:13:37 AM')
INSERT INTO [OrderDet] ([OrderDetID],[ItemNo],[Quantity],[UnitPrice],[Discount],[Amount],[IsVoided],[OrderHdrID],[ModifiedOn],[ModifiedBy],[CreatedBy],[CreatedOn])
VALUES('07041700020004.1','I00000000005',1,3.5000,0.0000,3.5000, 0,'07041700020004','17/4/2007 2:25:07 PM','cashier1','cashier1','17/4/2007 2:25:07 PM')
INSERT INTO [OrderDet] ([OrderDetID],[ItemNo],[Quantity],[UnitPrice],[Discount],[Amount],[IsVoided],[OrderHdrID],[ModifiedOn],[ModifiedBy],[CreatedBy],[CreatedOn])
VALUES('07041700020004.2','I00000000006',1,3.5000,0.0000,3.5000, 0,'07041700020004','17/4/2007 2:25:07 PM','cashier1','cashier1','17/4/2007 2:25:07 PM')
INSERT INTO [OrderDet] ([OrderDetID],[ItemNo],[Quantity],[UnitPrice],[Discount],[Amount],[IsVoided],[OrderHdrID],[ModifiedOn],[ModifiedBy],[CreatedBy],[CreatedOn])
VALUES('07041700020004.3','I00000000007',1,5.0000,0.0000,5.0000, 0,'07041700020004','17/4/2007 2:25:07 PM','cashier1','cashier1','17/4/2007 2:25:07 PM')
INSERT INTO [OrderDet] ([OrderDetID],[ItemNo],[Quantity],[UnitPrice],[Discount],[Amount],[IsVoided],[OrderHdrID],[ModifiedOn],[ModifiedBy],[CreatedBy],[CreatedOn])
VALUES('07041700020004.4','I00000000003',1,0.9000,0.0000,0.9000, 0,'07041700020004','17/4/2007 2:25:07 PM','cashier1','cashier1','17/4/2007 2:25:07 PM')
INSERT INTO [OrderDet] ([OrderDetID],[ItemNo],[Quantity],[UnitPrice],[Discount],[Amount],[IsVoided],[OrderHdrID],[ModifiedOn],[ModifiedBy],[CreatedBy],[CreatedOn])
VALUES('07041700020005.1','I00000000005',1,3.5000,0.0000,3.5000, 0,'07041700020005','17/4/2007 2:31:33 PM','cashier2','cashier2','17/4/2007 2:31:33 PM')
INSERT INTO [OrderDet] ([OrderDetID],[ItemNo],[Quantity],[UnitPrice],[Discount],[Amount],[IsVoided],[OrderHdrID],[ModifiedOn],[ModifiedBy],[CreatedBy],[CreatedOn])
VALUES('07041700020006.1','I00000000001',4,1.2000,0.0000,4.8000, 0,'07041700020006','17/4/2007 3:11:58 PM','cashier1','cashier1','17/4/2007 3:11:58 PM')
INSERT INTO [OrderDet] ([OrderDetID],[ItemNo],[Quantity],[UnitPrice],[Discount],[Amount],[IsVoided],[OrderHdrID],[ModifiedOn],[ModifiedBy],[CreatedBy],[CreatedOn])
VALUES('07041700020007.1','I00000000014',1,1.5000,0.0000,1.5000, 0,'07041700020007','17/4/2007 3:28:24 PM','cashier1','cashier1','17/4/2007 3:28:24 PM')
INSERT INTO [OrderDet] ([OrderDetID],[ItemNo],[Quantity],[UnitPrice],[Discount],[Amount],[IsVoided],[OrderHdrID],[ModifiedOn],[ModifiedBy],[CreatedBy],[CreatedOn])
VALUES('07041700020008.1','I00000000002',1,1.2000,0.0000,1.2000, 0,'07041700020008','17/4/2007 3:29:16 PM','cashier1','cashier1','17/4/2007 3:29:16 PM')
INSERT INTO [OrderDet] ([OrderDetID],[ItemNo],[Quantity],[UnitPrice],[Discount],[Amount],[IsVoided],[OrderHdrID],[ModifiedOn],[ModifiedBy],[CreatedBy],[CreatedOn])
VALUES('07041700020009.1','I00000000014',3,1.5000,0.0000,4.5000, 0,'07041700020009','17/4/2007 3:29:36 PM','cashier1','cashier1','17/4/2007 3:29:36 PM')
INSERT INTO [OrderDet] ([OrderDetID],[ItemNo],[Quantity],[UnitPrice],[Discount],[Amount],[IsVoided],[OrderHdrID],[ModifiedOn],[ModifiedBy],[CreatedBy],[CreatedOn])
VALUES('07041700020010.1','I00000000017',1,3.5000,0.0000,3.5000, 0,'07041700020010','17/4/2007 3:29:58 PM','cashier1','cashier1','17/4/2007 3:29:58 PM')
INSERT INTO [OrderDet] ([OrderDetID],[ItemNo],[Quantity],[UnitPrice],[Discount],[Amount],[IsVoided],[OrderHdrID],[ModifiedOn],[ModifiedBy],[CreatedBy],[CreatedOn])
VALUES('07041700020011.1','I00000000016',1,6.0500,0.0000,6.0500, 0,'07041700020011','17/4/2007 4:32:05 PM','cashier1','cashier1','17/4/2007 4:32:05 PM')
INSERT INTO [OrderDet] ([OrderDetID],[ItemNo],[Quantity],[UnitPrice],[Discount],[Amount],[IsVoided],[OrderHdrID],[ModifiedOn],[ModifiedBy],[CreatedBy],[CreatedOn])
VALUES('07041700020011.2','I00000000017',1,3.5000,0.0000,3.5000, 0,'07041700020011','17/4/2007 4:32:05 PM','cashier1','cashier1','17/4/2007 4:32:05 PM')
INSERT INTO [OrderDet] ([OrderDetID],[ItemNo],[Quantity],[UnitPrice],[Discount],[Amount],[IsVoided],[OrderHdrID],[ModifiedOn],[ModifiedBy],[CreatedBy],[CreatedOn])
VALUES('07041700020012.1','I00000000017',1,3.5000,0.0000,3.5000, 0,'07041700020012','17/4/2007 4:32:32 PM','cashier1','cashier1','17/4/2007 4:32:32 PM')
INSERT INTO [OrderDet] ([OrderDetID],[ItemNo],[Quantity],[UnitPrice],[Discount],[Amount],[IsVoided],[OrderHdrID],[ModifiedOn],[ModifiedBy],[CreatedBy],[CreatedOn])
VALUES('07041700020012.2','I00000000022',1,10.0000,0.0000,10.0000, 0,'07041700020012','17/4/2007 4:32:32 PM','cashier1','cashier1','17/4/2007 4:32:32 PM')
INSERT INTO [OrderDet] ([OrderDetID],[ItemNo],[Quantity],[UnitPrice],[Discount],[Amount],[IsVoided],[OrderHdrID],[ModifiedOn],[ModifiedBy],[CreatedBy],[CreatedOn])
VALUES('07041700020013.1','I00000000012',1,2.5000,0.0000,2.5000, 0,'07041700020013','17/4/2007 4:36:19 PM','cashier1','cashier1','17/4/2007 4:36:19 PM')
INSERT INTO [OrderDet] ([OrderDetID],[ItemNo],[Quantity],[UnitPrice],[Discount],[Amount],[IsVoided],[OrderHdrID],[ModifiedOn],[ModifiedBy],[CreatedBy],[CreatedOn])
VALUES('07041700020014.1','I00000000016',1,6.0500,0.0000,6.0500, 0,'07041700020014','17/4/2007 4:36:46 PM','cashier1','cashier1','17/4/2007 4:36:46 PM')
INSERT INTO [OrderDet] ([OrderDetID],[ItemNo],[Quantity],[UnitPrice],[Discount],[Amount],[IsVoided],[OrderHdrID],[ModifiedOn],[ModifiedBy],[CreatedBy],[CreatedOn])
VALUES('07041700020015.1','I00000000019',1,4.5000,0.0000,4.5000, 0,'07041700020015','17/4/2007 4:37:51 PM','cashier1','cashier1','17/4/2007 4:37:51 PM')
INSERT INTO [OrderDet] ([OrderDetID],[ItemNo],[Quantity],[UnitPrice],[Discount],[Amount],[IsVoided],[OrderHdrID],[ModifiedOn],[ModifiedBy],[CreatedBy],[CreatedOn])
VALUES('07041700020015.2','I00000000020',1,4.0000,0.0000,4.0000, 0,'07041700020015','17/4/2007 4:37:51 PM','cashier1','cashier1','17/4/2007 4:37:51 PM')
INSERT INTO [OrderDet] ([OrderDetID],[ItemNo],[Quantity],[UnitPrice],[Discount],[Amount],[IsVoided],[OrderHdrID],[ModifiedOn],[ModifiedBy],[CreatedBy],[CreatedOn])
VALUES('07041700020016.1','I00000000018',1,4.5000,0.0000,4.5000, 0,'07041700020016','17/4/2007 4:38:59 PM','cashier1','cashier1','17/4/2007 4:38:59 PM')
INSERT INTO [OrderDet] ([OrderDetID],[ItemNo],[Quantity],[UnitPrice],[Discount],[Amount],[IsVoided],[OrderHdrID],[ModifiedOn],[ModifiedBy],[CreatedBy],[CreatedOn])
VALUES('07041700020017.1','I00000000029',2,0.9000,0.0000,1.8000, 0,'07041700020017','17/4/2007 4:53:54 PM','cashier1','cashier1','17/4/2007 4:53:54 PM')
INSERT INTO [OrderDet] ([OrderDetID],[ItemNo],[Quantity],[UnitPrice],[Discount],[Amount],[IsVoided],[OrderHdrID],[ModifiedOn],[ModifiedBy],[CreatedBy],[CreatedOn])
VALUES('07041700020017.2','I00000000002',1,1.2000,0.0000,1.2000, 0,'07041700020017','17/4/2007 4:53:54 PM','cashier1','cashier1','17/4/2007 4:53:54 PM')
INSERT INTO [OrderDet] ([OrderDetID],[ItemNo],[Quantity],[UnitPrice],[Discount],[Amount],[IsVoided],[OrderHdrID],[ModifiedOn],[ModifiedBy],[CreatedBy],[CreatedOn])
VALUES('07041700020017.3','I00000000012',2,2.5000,0.0000,5.0000, 0,'07041700020017','17/4/2007 4:53:54 PM','cashier1','cashier1','17/4/2007 4:53:54 PM')
INSERT INTO [OrderDet] ([OrderDetID],[ItemNo],[Quantity],[UnitPrice],[Discount],[Amount],[IsVoided],[OrderHdrID],[ModifiedOn],[ModifiedBy],[CreatedBy],[CreatedOn])
VALUES('07041700020017.4','I00000000021',1,3.0000,0.0000,3.0000, 0,'07041700020017','17/4/2007 4:53:54 PM','cashier1','cashier1','17/4/2007 4:53:54 PM')
INSERT INTO [OrderDet] ([OrderDetID],[ItemNo],[Quantity],[UnitPrice],[Discount],[Amount],[IsVoided],[OrderHdrID],[ModifiedOn],[ModifiedBy],[CreatedBy],[CreatedOn])
VALUES('07042000020001.1','I00000000029',1,0.9000,0.0000,0.9000, 0,'07042000020001','20/4/2007 12:32:07 AM','cashier1','cashier1','20/4/2007 12:32:07 AM')
INSERT INTO [OrderDet] ([OrderDetID],[ItemNo],[Quantity],[UnitPrice],[Discount],[Amount],[IsVoided],[OrderHdrID],[ModifiedOn],[ModifiedBy],[CreatedBy],[CreatedOn])
VALUES('07042000020002.1','I00000000013',1,3.5000,0.0000,3.5000, 0,'07042000020002','20/4/2007 10:08:17 AM','cashier1','cashier1','20/4/2007 10:08:17 AM')
INSERT INTO [OrderDet] ([OrderDetID],[ItemNo],[Quantity],[UnitPrice],[Discount],[Amount],[IsVoided],[OrderHdrID],[ModifiedOn],[ModifiedBy],[CreatedBy],[CreatedOn])
VALUES('07042000020002.2','I00000000012',1,2.5000,0.0000,2.5000, 0,'07042000020002','20/4/2007 10:08:17 AM','cashier1','cashier1','20/4/2007 10:08:17 AM')
INSERT INTO [OrderDet] ([OrderDetID],[ItemNo],[Quantity],[UnitPrice],[Discount],[Amount],[IsVoided],[OrderHdrID],[ModifiedOn],[ModifiedBy],[CreatedBy],[CreatedOn])
VALUES('07042000020002.3','I00000000015',2,2.3000,0.0000,4.6000, 0,'07042000020002','20/4/2007 10:08:17 AM','cashier1','cashier1','20/4/2007 10:08:17 AM')
INSERT INTO [OrderDet] ([OrderDetID],[ItemNo],[Quantity],[UnitPrice],[Discount],[Amount],[IsVoided],[OrderHdrID],[ModifiedOn],[ModifiedBy],[CreatedBy],[CreatedOn])
VALUES('07042000020002.4','I00000000016',1,6.0500,0.0000,6.0500, 0,'07042000020002','20/4/2007 10:08:17 AM','cashier1','cashier1','20/4/2007 10:08:17 AM')
INSERT INTO [OrderDet] ([OrderDetID],[ItemNo],[Quantity],[UnitPrice],[Discount],[Amount],[IsVoided],[OrderHdrID],[ModifiedOn],[ModifiedBy],[CreatedBy],[CreatedOn])
VALUES('07042000020002.5','I00000000018',1,4.5000,0.0000,4.5000, 0,'07042000020002','20/4/2007 10:08:17 AM','cashier1','cashier1','20/4/2007 10:08:17 AM')
INSERT INTO [OrderDet] ([OrderDetID],[ItemNo],[Quantity],[UnitPrice],[Discount],[Amount],[IsVoided],[OrderHdrID],[ModifiedOn],[ModifiedBy],[CreatedBy],[CreatedOn])
VALUES('07042000020002.6','I00000000022',1,10.0000,0.0000,10.0000, 0,'07042000020002','20/4/2007 10:08:17 AM','cashier1','cashier1','20/4/2007 10:08:17 AM')
INSERT INTO [OrderDet] ([OrderDetID],[ItemNo],[Quantity],[UnitPrice],[Discount],[Amount],[IsVoided],[OrderHdrID],[ModifiedOn],[ModifiedBy],[CreatedBy],[CreatedOn])
VALUES('07042100020001.1','I00000000003',1,0.9000,0.0000,0.9000, 0,'07042100020001','21/4/2007 12:09:50 PM','cashier1','cashier1','21/4/2007 12:09:50 PM')
INSERT INTO [OrderDet] ([OrderDetID],[ItemNo],[Quantity],[UnitPrice],[Discount],[Amount],[IsVoided],[OrderHdrID],[ModifiedOn],[ModifiedBy],[CreatedBy],[CreatedOn])
VALUES('07042100020001.2','I00000000004',3,3.0000,0.0000,3.0000, 0,'07042100020001','21/4/2007 12:09:50 PM','cashier1','cashier1','21/4/2007 12:09:50 PM')
INSERT INTO [OrderDet] ([OrderDetID],[ItemNo],[Quantity],[UnitPrice],[Discount],[Amount],[IsVoided],[OrderHdrID],[ModifiedOn],[ModifiedBy],[CreatedBy],[CreatedOn])
VALUES('07042100020001.3','I00000000005',7,3.5000,0.0000,3.5000, 0,'07042100020001','21/4/2007 12:09:50 PM','cashier1','cashier1','21/4/2007 12:09:50 PM')
INSERT INTO [OrderDet] ([OrderDetID],[ItemNo],[Quantity],[UnitPrice],[Discount],[Amount],[IsVoided],[OrderHdrID],[ModifiedOn],[ModifiedBy],[CreatedBy],[CreatedOn])
VALUES('07042100020001.4','I00000000006',1,3.5000,0.0000,3.5000, 0,'07042100020001','21/4/2007 12:09:50 PM','cashier1','cashier1','21/4/2007 12:09:50 PM')
INSERT INTO [OrderDet] ([OrderDetID],[ItemNo],[Quantity],[UnitPrice],[Discount],[Amount],[IsVoided],[OrderHdrID],[ModifiedOn],[ModifiedBy],[CreatedBy],[CreatedOn])
VALUES('07042100020002.1','I00000000001',3,1.2000,1.5000,1.2000, 0,'07042100020002','21/4/2007 3:28:30 PM','cashier1','cashier1','21/4/2007 3:28:30 PM')
INSERT INTO [OrderDet] ([OrderDetID],[ItemNo],[Quantity],[UnitPrice],[Discount],[Amount],[IsVoided],[OrderHdrID],[ModifiedOn],[ModifiedBy],[CreatedBy],[CreatedOn])
VALUES('07042100020002.2','I00000000013',1,3.5000,1.0000,3.5000, 0,'07042100020002','21/4/2007 3:28:30 PM','cashier1','cashier1','21/4/2007 3:28:30 PM')
INSERT INTO [OrderDet] ([OrderDetID],[ItemNo],[Quantity],[UnitPrice],[Discount],[Amount],[IsVoided],[OrderHdrID],[ModifiedOn],[ModifiedBy],[CreatedBy],[CreatedOn])
VALUES('07042100020002.3','I00000000012',1,2.5000,1.0000,2.5000, 0,'07042100020002','21/4/2007 3:28:30 PM','cashier1','cashier1','21/4/2007 3:28:30 PM')
INSERT INTO [OrderDet] ([OrderDetID],[ItemNo],[Quantity],[UnitPrice],[Discount],[Amount],[IsVoided],[OrderHdrID],[ModifiedOn],[ModifiedBy],[CreatedBy],[CreatedOn])
VALUES('07042100020003.1','I00000000019',2,4.5000,0.0000,4.5000, 0,'07042100020003','21/4/2007 3:49:53 PM','cashier1','cashier1','21/4/2007 3:49:53 PM')
INSERT INTO [OrderDet] ([OrderDetID],[ItemNo],[Quantity],[UnitPrice],[Discount],[Amount],[IsVoided],[OrderHdrID],[ModifiedOn],[ModifiedBy],[CreatedBy],[CreatedOn])
VALUES('07042200020001.1','I00000000001',1,1.2000,0.8000,1.2000, 0,'07042200020001','22/4/2007 9:06:41 PM','cashier1','cashier1','22/4/2007 9:06:41 PM')
INSERT INTO [OrderDet] ([OrderDetID],[ItemNo],[Quantity],[UnitPrice],[Discount],[Amount],[IsVoided],[OrderHdrID],[ModifiedOn],[ModifiedBy],[CreatedBy],[CreatedOn])
VALUES('07042200020001.2','I00000000002',2,1.2000,0.0000,1.2000, 0,'07042200020001','22/4/2007 9:06:41 PM','cashier1','cashier1','22/4/2007 9:06:41 PM')
INSERT INTO [OrderDet] ([OrderDetID],[ItemNo],[Quantity],[UnitPrice],[Discount],[Amount],[IsVoided],[OrderHdrID],[ModifiedOn],[ModifiedBy],[CreatedBy],[CreatedOn])
VALUES('07042200020002.1','I00000000002',1,1.2000,0.0000,1.2000, 0,'07042200020002','22/4/2007 9:06:59 PM','cashier1','cashier1','22/4/2007 9:06:59 PM')
INSERT INTO [OrderDet] ([OrderDetID],[ItemNo],[Quantity],[UnitPrice],[Discount],[Amount],[IsVoided],[OrderHdrID],[ModifiedOn],[ModifiedBy],[CreatedBy],[CreatedOn])
VALUES('07042200020002.2','I00000000003',1,0.9000,0.0000,0.9000, 0,'07042200020002','22/4/2007 9:06:59 PM','cashier1','cashier1','22/4/2007 9:06:59 PM')
INSERT INTO [OrderDet] ([OrderDetID],[ItemNo],[Quantity],[UnitPrice],[Discount],[Amount],[IsVoided],[OrderHdrID],[ModifiedOn],[ModifiedBy],[CreatedBy],[CreatedOn])
VALUES('07042300020001.1','I00000000013',2,3.5000,0.0000,3.5000, 0,'07042300020001','23/4/2007 5:08:49 PM','cashier1','cashier1','23/4/2007 5:08:49 PM')
INSERT INTO [OrderDet] ([OrderDetID],[ItemNo],[Quantity],[UnitPrice],[Discount],[Amount],[IsVoided],[OrderHdrID],[ModifiedOn],[ModifiedBy],[CreatedBy],[CreatedOn])
VALUES('07042300020001.2','I00000000012',1,2.5000,0.0000,2.5000, 0,'07042300020001','23/4/2007 5:08:49 PM','cashier1','cashier1','23/4/2007 5:08:49 PM')
INSERT INTO [OrderDet] ([OrderDetID],[ItemNo],[Quantity],[UnitPrice],[Discount],[Amount],[IsVoided],[OrderHdrID],[ModifiedOn],[ModifiedBy],[CreatedBy],[CreatedOn])
VALUES('07042300020002.1','I00000000002',1,1.2000,0.0000,1.2000, 0,'07042300020002','23/4/2007 5:09:53 PM','cashier1','cashier1','23/4/2007 5:09:53 PM')
INSERT INTO [OrderDet] ([OrderDetID],[ItemNo],[Quantity],[UnitPrice],[Discount],[Amount],[IsVoided],[OrderHdrID],[ModifiedOn],[ModifiedBy],[CreatedBy],[CreatedOn])
VALUES('07042300020002.2','I00000000003',1,0.9000,0.0000,0.9000, 0,'07042300020002','23/4/2007 5:09:53 PM','cashier1','cashier1','23/4/2007 5:09:53 PM')
INSERT INTO [OrderDet] ([OrderDetID],[ItemNo],[Quantity],[UnitPrice],[Discount],[Amount],[IsVoided],[OrderHdrID],[ModifiedOn],[ModifiedBy],[CreatedBy],[CreatedOn])
VALUES('07042300020002.3','I00000000012',2,2.5000,0.0000,5.0000, 0,'07042300020002','23/4/2007 5:09:53 PM','cashier1','cashier1','23/4/2007 5:09:53 PM')
INSERT INTO [OrderDet] ([OrderDetID],[ItemNo],[Quantity],[UnitPrice],[Discount],[Amount],[IsVoided],[OrderHdrID],[ModifiedOn],[ModifiedBy],[CreatedBy],[CreatedOn])
VALUES('07042400030001.1','I00000000013',1,3.5000,0.0000,3.5000, 0,'07042400030001','24/4/2007 4:22:27 PM','cashier1','cashier1','24/4/2007 4:22:27 PM')
INSERT INTO [OrderDet] ([OrderDetID],[ItemNo],[Quantity],[UnitPrice],[Discount],[Amount],[IsVoided],[OrderHdrID],[ModifiedOn],[ModifiedBy],[CreatedBy],[CreatedOn])
VALUES('07042400030001.2','I00000000012',1,2.5000,0.0000,2.5000, 0,'07042400030001','24/4/2007 4:22:27 PM','cashier1','cashier1','24/4/2007 4:22:27 PM')
INSERT INTO [OrderDet] ([OrderDetID],[ItemNo],[Quantity],[UnitPrice],[Discount],[Amount],[IsVoided],[OrderHdrID],[ModifiedOn],[ModifiedBy],[CreatedBy],[CreatedOn])
VALUES('07042400030001.3','I00000000014',1,1.5000,0.0000,1.5000, 0,'07042400030001','24/4/2007 4:22:27 PM','cashier1','cashier1','24/4/2007 4:22:27 PM')
INSERT INTO [OrderDet] ([OrderDetID],[ItemNo],[Quantity],[UnitPrice],[Discount],[Amount],[IsVoided],[OrderHdrID],[ModifiedOn],[ModifiedBy],[CreatedBy],[CreatedOn])
VALUES('07042400030002.1','I00000000016',1,6.0500,0.0000,6.0500, 0,'07042400030002','24/4/2007 4:24:52 PM','cashier1','cashier1','24/4/2007 4:24:52 PM')
INSERT INTO [OrderDet] ([OrderDetID],[ItemNo],[Quantity],[UnitPrice],[Discount],[Amount],[IsVoided],[OrderHdrID],[ModifiedOn],[ModifiedBy],[CreatedBy],[CreatedOn])
VALUES('07042400030002.2','I00000000017',1,3.5000,0.0000,3.5000, 0,'07042400030002','24/4/2007 4:24:52 PM','cashier1','cashier1','24/4/2007 4:24:52 PM')
INSERT INTO [OrderDet] ([OrderDetID],[ItemNo],[Quantity],[UnitPrice],[Discount],[Amount],[IsVoided],[OrderHdrID],[ModifiedOn],[ModifiedBy],[CreatedBy],[CreatedOn])
VALUES('07042500030001.1','I00000000014',1,1.5000,0.0000,1.5000, 0,'07042500030001','25/4/2007 7:34:39 PM','cashier1','cashier1','25/4/2007 7:34:39 PM')
INSERT INTO [OrderDet] ([OrderDetID],[ItemNo],[Quantity],[UnitPrice],[Discount],[Amount],[IsVoided],[OrderHdrID],[ModifiedOn],[ModifiedBy],[CreatedBy],[CreatedOn])
VALUES('07042500030001.2','I00000000012',1,2.5000,0.0000,2.5000, 0,'07042500030001','25/4/2007 7:34:39 PM','cashier1','cashier1','25/4/2007 7:34:39 PM')
INSERT INTO [OrderDet] ([OrderDetID],[ItemNo],[Quantity],[UnitPrice],[Discount],[Amount],[IsVoided],[OrderHdrID],[ModifiedOn],[ModifiedBy],[CreatedBy],[CreatedOn])
VALUES('07042500030002.1','I00000000015',1,2.3000,0.0000,2.3000, 0,'07042500030002','25/4/2007 9:01:15 PM','cashier1','cashier1','25/4/2007 9:01:15 PM')
INSERT INTO [OrderDet] ([OrderDetID],[ItemNo],[Quantity],[UnitPrice],[Discount],[Amount],[IsVoided],[OrderHdrID],[ModifiedOn],[ModifiedBy],[CreatedBy],[CreatedOn])
VALUES('07042700040001.1','I00000000013',1,3.5000,0.0000,3.5000, 0,'07042700040001','27/4/2007 4:05:46 PM','cashier1','cashier1','27/4/2007 4:05:46 PM')
INSERT INTO [OrderDet] ([OrderDetID],[ItemNo],[Quantity],[UnitPrice],[Discount],[Amount],[IsVoided],[OrderHdrID],[ModifiedOn],[ModifiedBy],[CreatedBy],[CreatedOn])
VALUES('07042700040001.2','I00000000012',1,2.5000,0.0000,2.5000, 0,'07042700040001','27/4/2007 4:05:46 PM','cashier1','cashier1','27/4/2007 4:05:46 PM')
INSERT INTO [OrderDet] ([OrderDetID],[ItemNo],[Quantity],[UnitPrice],[Discount],[Amount],[IsVoided],[OrderHdrID],[ModifiedOn],[ModifiedBy],[CreatedBy],[CreatedOn])
VALUES('07042700040002.1','I00000000021',1,3.0000,0.0000,3.0000, 0,'07042700040002','27/4/2007 4:06:00 PM','cashier1','cashier1','27/4/2007 4:06:00 PM')
INSERT INTO [OrderDet] ([OrderDetID],[ItemNo],[Quantity],[UnitPrice],[Discount],[Amount],[IsVoided],[OrderHdrID],[ModifiedOn],[ModifiedBy],[CreatedBy],[CreatedOn])
VALUES('07042700040002.2','I00000000023',1,3.5000,0.0000,3.5000, 0,'07042700040002','27/4/2007 4:06:00 PM','cashier1','cashier1','27/4/2007 4:06:00 PM')
INSERT INTO [OrderDet] ([OrderDetID],[ItemNo],[Quantity],[UnitPrice],[Discount],[Amount],[IsVoided],[OrderHdrID],[ModifiedOn],[ModifiedBy],[CreatedBy],[CreatedOn])
VALUES('07042700040002.3','I00000000020',1,4.0000,0.0000,4.0000, 0,'07042700040002','27/4/2007 4:06:00 PM','cashier1','cashier1','27/4/2007 4:06:00 PM')
INSERT INTO [OrderDet] ([OrderDetID],[ItemNo],[Quantity],[UnitPrice],[Discount],[Amount],[IsVoided],[OrderHdrID],[ModifiedOn],[ModifiedBy],[CreatedBy],[CreatedOn])
VALUES('07042700040002.4','I00000000013',1,3.5000,0.0000,3.5000, 0,'07042700040002','27/4/2007 4:06:00 PM','cashier1','cashier1','27/4/2007 4:06:00 PM')
INSERT INTO [OrderDet] ([OrderDetID],[ItemNo],[Quantity],[UnitPrice],[Discount],[Amount],[IsVoided],[OrderHdrID],[ModifiedOn],[ModifiedBy],[CreatedBy],[CreatedOn])
VALUES('07042700040002.5','I00000000024',2,3.0000,0.0000,6.0000, 0,'07042700040002','27/4/2007 4:28:55 PM','cashier1','cashier1','27/4/2007 4:06:00 PM')
INSERT INTO [OrderDet] ([OrderDetID],[ItemNo],[Quantity],[UnitPrice],[Discount],[Amount],[IsVoided],[OrderHdrID],[ModifiedOn],[ModifiedBy],[CreatedBy],[CreatedOn])
VALUES('07042700040003.1','I00000000024',1,3.0000,0.0000,3.0000, 0,'07042700040003','27/4/2007 4:06:12 PM','cashier1','cashier1','27/4/2007 4:06:12 PM')
INSERT INTO [OrderDet] ([OrderDetID],[ItemNo],[Quantity],[UnitPrice],[Discount],[Amount],[IsVoided],[OrderHdrID],[ModifiedOn],[ModifiedBy],[CreatedBy],[CreatedOn])
VALUES('07042700040003.2','I00000000013',1,3.5000,0.0000,3.5000, 0,'07042700040003','27/4/2007 4:06:12 PM','cashier1','cashier1','27/4/2007 4:06:12 PM')
INSERT INTO [OrderDet] ([OrderDetID],[ItemNo],[Quantity],[UnitPrice],[Discount],[Amount],[IsVoided],[OrderHdrID],[ModifiedOn],[ModifiedBy],[CreatedBy],[CreatedOn])
VALUES('07042700040003.3','I00000000021',1,3.0000,0.0000,3.0000, 0,'07042700040003','27/4/2007 4:06:12 PM','cashier1','cashier1','27/4/2007 4:06:12 PM')
INSERT INTO [OrderDet] ([OrderDetID],[ItemNo],[Quantity],[UnitPrice],[Discount],[Amount],[IsVoided],[OrderHdrID],[ModifiedOn],[ModifiedBy],[CreatedBy],[CreatedOn])
VALUES('07042700040003.4','I00000000023',1,3.5000,0.0000,3.5000,1,'07042700040003','27/4/2007 4:30:05 PM','cashier1','cashier1','27/4/2007 4:06:12 PM')
INSERT INTO [OrderDet] ([OrderDetID],[ItemNo],[Quantity],[UnitPrice],[Discount],[Amount],[IsVoided],[OrderHdrID],[ModifiedOn],[ModifiedBy],[CreatedBy],[CreatedOn])
VALUES('07042700040004.1','I00000000001',1,1.2000,0.0000,1.2000, 0,'07042700040004','27/4/2007 4:06:24 PM','cashier1','cashier1','27/4/2007 4:06:24 PM')
INSERT INTO [OrderDet] ([OrderDetID],[ItemNo],[Quantity],[UnitPrice],[Discount],[Amount],[IsVoided],[OrderHdrID],[ModifiedOn],[ModifiedBy],[CreatedBy],[CreatedOn])
VALUES('07042700040005.1','I00000000002',3,1.2000,0.0000,1.2000, 0,'07042700040005','27/4/2007 4:06:36 PM','cashier1','cashier1','27/4/2007 4:06:36 PM')
INSERT INTO [OrderDet] ([OrderDetID],[ItemNo],[Quantity],[UnitPrice],[Discount],[Amount],[IsVoided],[OrderHdrID],[ModifiedOn],[ModifiedBy],[CreatedBy],[CreatedOn])
VALUES('07042700040006.1','I00000000013',3,3.5000,0.0000,10.5000, 0,'07042700040006','27/4/2007 4:20:17 PM','cashier1','cashier1','27/4/2007 4:20:17 PM')
INSERT INTO [OrderDet] ([OrderDetID],[ItemNo],[Quantity],[UnitPrice],[Discount],[Amount],[IsVoided],[OrderHdrID],[ModifiedOn],[ModifiedBy],[CreatedBy],[CreatedOn])
VALUES('07042700040007.1','I00000000013',1,3.5000,2.0000,1.5000, 0,'07042700040007','27/4/2007 4:21:11 PM','cashier1','cashier1','27/4/2007 4:21:11 PM')
INSERT INTO [OrderDet] ([OrderDetID],[ItemNo],[Quantity],[UnitPrice],[Discount],[Amount],[IsVoided],[OrderHdrID],[ModifiedOn],[ModifiedBy],[CreatedBy],[CreatedOn])
VALUES('07042700040008.1','I00000000015',3,2.3000,1.0000,5.9000, 0,'07042700040008','27/4/2007 4:21:49 PM','cashier1','cashier1','27/4/2007 4:21:49 PM')
INSERT INTO [OrderDet] ([OrderDetID],[ItemNo],[Quantity],[UnitPrice],[Discount],[Amount],[IsVoided],[OrderHdrID],[ModifiedOn],[ModifiedBy],[CreatedBy],[CreatedOn])
VALUES('07042700040009.1','I00000000004',7,3.0000,0.0000,21.0000,1,'07042700040009','27/4/2007 4:22:34 PM','cashier1','cashier1','27/4/2007 4:22:34 PM')
INSERT INTO [OrderDet] ([OrderDetID],[ItemNo],[Quantity],[UnitPrice],[Discount],[Amount],[IsVoided],[OrderHdrID],[ModifiedOn],[ModifiedBy],[CreatedBy],[CreatedOn])
VALUES('07042700040010.1','I00000000025',5,2.8000,9.0000,5.0000,1,'07042700040010','27/4/2007 4:27:12 PM','cashier1','cashier1','27/4/2007 4:26:09 PM')
INSERT INTO [OrderDet] ([OrderDetID],[ItemNo],[Quantity],[UnitPrice],[Discount],[Amount],[IsVoided],[OrderHdrID],[ModifiedOn],[ModifiedBy],[CreatedBy],[CreatedOn])
VALUES('07042700040010.2','I00000000015',4,2.3000,5.0000,4.2000, 0,'07042700040010','27/4/2007 4:26:09 PM','cashier1','cashier1','27/4/2007 4:26:09 PM')
INSERT INTO [OrderDet] ([OrderDetID],[ItemNo],[Quantity],[UnitPrice],[Discount],[Amount],[IsVoided],[OrderHdrID],[ModifiedOn],[ModifiedBy],[CreatedBy],[CreatedOn])
VALUES('07043000020001.1','I00000000013',1,3.5000,0.0000,3.5000, 0,'07043000020001','30/4/2007 2:25:52 PM','cashier1','cashier1','30/4/2007 2:25:52 PM')
INSERT INTO [OrderDet] ([OrderDetID],[ItemNo],[Quantity],[UnitPrice],[Discount],[Amount],[IsVoided],[OrderHdrID],[ModifiedOn],[ModifiedBy],[CreatedBy],[CreatedOn])
VALUES('07043000020001.2','I00000000012',1,2.5000,0.0000,2.5000, 0,'07043000020001','30/4/2007 2:25:52 PM','cashier1','cashier1','30/4/2007 2:25:52 PM')
INSERT INTO [OrderDet] ([OrderDetID],[ItemNo],[Quantity],[UnitPrice],[Discount],[Amount],[IsVoided],[OrderHdrID],[ModifiedOn],[ModifiedBy],[CreatedBy],[CreatedOn])
VALUES('07043000020002.1','I00000000003',7,0.9000,1.5000,4.8000, 0,'07043000020002','30/4/2007 2:26:13 PM','cashier1','cashier1','30/4/2007 2:26:13 PM')
INSERT INTO [OrderDet] ([OrderDetID],[ItemNo],[Quantity],[UnitPrice],[Discount],[Amount],[IsVoided],[OrderHdrID],[ModifiedOn],[ModifiedBy],[CreatedBy],[CreatedOn])
VALUES('07043000020003.1','I00000000002',8,1.2000,7.1400,2.4600, 0,'07043000020003','30/4/2007 3:48:54 PM','cashier1','cashier1','30/4/2007 3:48:54 PM')
INSERT INTO [OrderDet] ([OrderDetID],[ItemNo],[Quantity],[UnitPrice],[Discount],[Amount],[IsVoided],[OrderHdrID],[ModifiedOn],[ModifiedBy],[CreatedBy],[CreatedOn])
VALUES('07043000020003.2','I00000000003',9,0.9000,0.0000,8.1000, 0,'07043000020003','30/4/2007 3:48:54 PM','cashier1','cashier1','30/4/2007 3:48:54 PM')
INSERT INTO [OrderDet] ([OrderDetID],[ItemNo],[Quantity],[UnitPrice],[Discount],[Amount],[IsVoided],[OrderHdrID],[ModifiedOn],[ModifiedBy],[CreatedBy],[CreatedOn])
VALUES('07043000020004.1','I00000000003',3,0.8000,1.5000,0.9000, 0,'07043000020004','30/4/2007 4:36:28 PM','cashier1','cashier1','30/4/2007 4:36:28 PM')
INSERT INTO [OrderDet] ([OrderDetID],[ItemNo],[Quantity],[UnitPrice],[Discount],[Amount],[IsVoided],[OrderHdrID],[ModifiedOn],[ModifiedBy],[CreatedBy],[CreatedOn])
VALUES('07043000040001.1','I00000000002',1,1.2000,0.0000,1.2000, 0,'07043000040001','30/4/2007 12:06:41 AM','cashier1','cashier1','30/4/2007 12:06:41 AM')
INSERT INTO [OrderDet] ([OrderDetID],[ItemNo],[Quantity],[UnitPrice],[Discount],[Amount],[IsVoided],[OrderHdrID],[ModifiedOn],[ModifiedBy],[CreatedBy],[CreatedOn])
VALUES('07043000040001.2','I00000000003',1,0.9000,0.0000,0.9000,1,'07043000040001','30/4/2007 12:07:12 AM','cashier1','cashier1','30/4/2007 12:06:41 AM')
INSERT INTO [OrderDet] ([OrderDetID],[ItemNo],[Quantity],[UnitPrice],[Discount],[Amount],[IsVoided],[OrderHdrID],[ModifiedOn],[ModifiedBy],[CreatedBy],[CreatedOn])
VALUES('07043000040001.3','I00000000004',1,3.0000,0.0000,3.0000, 0,'07043000040001','30/4/2007 12:06:41 AM','cashier1','cashier1','30/4/2007 12:06:41 AM')
INSERT INTO [OrderDet] ([OrderDetID],[ItemNo],[Quantity],[UnitPrice],[Discount],[Amount],[IsVoided],[OrderHdrID],[ModifiedOn],[ModifiedBy],[CreatedBy],[CreatedOn])
VALUES('07050100020001.1','I00000000016',20,6.0500,0.0000,121.0000, 0,'07050100020001','1/5/2007 11:02:30 AM','cashier1','cashier1','1/5/2007 11:02:30 AM')
INSERT INTO [OrderDet] ([OrderDetID],[ItemNo],[Quantity],[UnitPrice],[Discount],[Amount],[IsVoided],[OrderHdrID],[ModifiedOn],[ModifiedBy],[CreatedBy],[CreatedOn])
VALUES('07050100020001.2','I00000000017',20,3.5000,0.0000,70.0000, 0,'07050100020001','1/5/2007 11:02:30 AM','cashier1','cashier1','1/5/2007 11:02:30 AM')
INSERT INTO [OrderDet] ([OrderDetID],[ItemNo],[Quantity],[UnitPrice],[Discount],[Amount],[IsVoided],[OrderHdrID],[ModifiedOn],[ModifiedBy],[CreatedBy],[CreatedOn])
VALUES('07050100020002.1','I00000000016',50,6.0500,0.0000,302.5000, 0,'07050100020002','1/5/2007 11:06:12 AM','cashier1','cashier1','1/5/2007 11:06:12 AM')
INSERT INTO [OrderDet] ([OrderDetID],[ItemNo],[Quantity],[UnitPrice],[Discount],[Amount],[IsVoided],[OrderHdrID],[ModifiedOn],[ModifiedBy],[CreatedBy],[CreatedOn])
VALUES('07050100020002.2','I00000000017',50,3.5000,0.0000,175.0000, 0,'07050100020002','1/5/2007 11:06:12 AM','cashier1','cashier1','1/5/2007 11:06:12 AM')
INSERT INTO [OrderDet] ([OrderDetID],[ItemNo],[Quantity],[UnitPrice],[Discount],[Amount],[IsVoided],[OrderHdrID],[ModifiedOn],[ModifiedBy],[CreatedBy],[CreatedOn])
VALUES('07050100020003.1','I00000000012',10000,2.5000,0.0000,25000.0000, 0,'07050100020003','1/5/2007 11:07:16 AM','cashier1','cashier1','1/5/2007 11:07:16 AM')
INSERT INTO [OrderDet] ([OrderDetID],[ItemNo],[Quantity],[UnitPrice],[Discount],[Amount],[IsVoided],[OrderHdrID],[ModifiedOn],[ModifiedBy],[CreatedBy],[CreatedOn])
VALUES('07050100020004.1','I00000000012',50,2.5000,0.0000,125.0000, 0,'07050100020004','1/5/2007 11:08:29 AM','cashier1','cashier1','1/5/2007 11:08:29 AM')
INSERT INTO [OrderDet] ([OrderDetID],[ItemNo],[Quantity],[UnitPrice],[Discount],[Amount],[IsVoided],[OrderHdrID],[ModifiedOn],[ModifiedBy],[CreatedBy],[CreatedOn])
VALUES('07050400020001.1','I00000000015',9,2.3000,0.0000,20.7000, 0,'07050400020001','4/5/2007 1:32:13 PM','supervisor1','cashier1','4/5/2007 12:36:35 PM')
INSERT INTO [OrderDet] ([OrderDetID],[ItemNo],[Quantity],[UnitPrice],[Discount],[Amount],[IsVoided],[OrderHdrID],[ModifiedOn],[ModifiedBy],[CreatedBy],[CreatedOn])
VALUES('07050400020002.1','I00000000016',1,6.0500,2.0000,4.0500, 0,'07050400020002','4/5/2007 1:02:16 PM','cashier1','cashier1','4/5/2007 1:02:16 PM')
INSERT INTO [OrderDet] ([OrderDetID],[ItemNo],[Quantity],[UnitPrice],[Discount],[Amount],[IsVoided],[OrderHdrID],[ModifiedOn],[ModifiedBy],[CreatedBy],[CreatedOn])
VALUES('07050400020002.2','I00000000002',5,1.2000,0.0000,6.0000, 0,'07050400020002','4/5/2007 1:30:36 PM','cashier1','supervisor1','4/5/2007 1:27:18 PM')
INSERT INTO [OrderDet] ([OrderDetID],[ItemNo],[Quantity],[UnitPrice],[Discount],[Amount],[IsVoided],[OrderHdrID],[ModifiedOn],[ModifiedBy],[CreatedBy],[CreatedOn])
VALUES('07050400020002.3','I00000000003',1,0.9000,0.0000,0.9000, 0,'07050400020002','4/5/2007 1:27:18 PM','supervisor1','supervisor1','4/5/2007 1:27:18 PM')
INSERT INTO [OrderDet] ([OrderDetID],[ItemNo],[Quantity],[UnitPrice],[Discount],[Amount],[IsVoided],[OrderHdrID],[ModifiedOn],[ModifiedBy],[CreatedBy],[CreatedOn])
VALUES('07050400020003.1','I00000000014',30,4.5000,0.0000,135.0000, 0,'07050400020003','4/5/2007 5:33:35 PM','cashier1','cashier1','4/5/2007 5:33:35 PM')
INSERT INTO [OrderDet] ([OrderDetID],[ItemNo],[Quantity],[UnitPrice],[Discount],[Amount],[IsVoided],[OrderHdrID],[ModifiedOn],[ModifiedBy],[CreatedBy],[CreatedOn])
VALUES('07050400020003.2','I00000000002',45,1.2000,0.0000,54.0000, 0,'07050400020003','4/5/2007 5:33:35 PM','cashier1','cashier1','4/5/2007 5:33:35 PM')
INSERT INTO [OrderDet] ([OrderDetID],[ItemNo],[Quantity],[UnitPrice],[Discount],[Amount],[IsVoided],[OrderHdrID],[ModifiedOn],[ModifiedBy],[CreatedBy],[CreatedOn])
VALUES('07050400020004.1','I00000000014',1,4.5000,0.0000,4.5000, 0,'07050400020004','4/5/2007 11:41:55 PM','admin','admin','4/5/2007 11:41:55 PM')
INSERT INTO [OrderDet] ([OrderDetID],[ItemNo],[Quantity],[UnitPrice],[Discount],[Amount],[IsVoided],[OrderHdrID],[ModifiedOn],[ModifiedBy],[CreatedBy],[CreatedOn])
VALUES('07050400020004.2','I00000000015',1,2.3000,0.0000,2.3000, 0,'07050400020004','4/5/2007 11:41:55 PM','admin','admin','4/5/2007 11:41:55 PM')
INSERT INTO [OrderDet] ([OrderDetID],[ItemNo],[Quantity],[UnitPrice],[Discount],[Amount],[IsVoided],[OrderHdrID],[ModifiedOn],[ModifiedBy],[CreatedBy],[CreatedOn])
VALUES('07050400020004.3','I00000000017',1,3.5000,0.0000,3.5000, 0,'07050400020004','4/5/2007 11:41:55 PM','admin','admin','4/5/2007 11:41:55 PM')
INSERT INTO [OrderDet] ([OrderDetID],[ItemNo],[Quantity],[UnitPrice],[Discount],[Amount],[IsVoided],[OrderHdrID],[ModifiedOn],[ModifiedBy],[CreatedBy],[CreatedOn])
VALUES('07050400020004.4','I00000000018',1,4.5000,0.0000,4.5000, 0,'07050400020004','4/5/2007 11:41:55 PM','admin','admin','4/5/2007 11:41:55 PM')
INSERT INTO [OrderDet] ([OrderDetID],[ItemNo],[Quantity],[UnitPrice],[Discount],[Amount],[IsVoided],[OrderHdrID],[ModifiedOn],[ModifiedBy],[CreatedBy],[CreatedOn])
VALUES('07050400020004.5','I00000000022',1,10.0000,10.0000,0.0000, 0,'07050400020004','4/5/2007 11:41:55 PM','admin','admin','4/5/2007 11:41:55 PM')
INSERT INTO [OrderDet] ([OrderDetID],[ItemNo],[Quantity],[UnitPrice],[Discount],[Amount],[IsVoided],[OrderHdrID],[ModifiedOn],[ModifiedBy],[CreatedBy],[CreatedOn])
VALUES('07050500020001.1','I00000000001',6,1.2000,0.0000,7.2000, 0,'07050500020001','5/5/2007 11:51:45 AM','admin','admin','5/5/2007 11:51:45 AM')
INSERT INTO [OrderDet] ([OrderDetID],[ItemNo],[Quantity],[UnitPrice],[Discount],[Amount],[IsVoided],[OrderHdrID],[ModifiedOn],[ModifiedBy],[CreatedBy],[CreatedOn])
VALUES('07050500020001.2','I00000000003',3,0.9000,0.0000,2.7000, 0,'07050500020001','5/5/2007 11:51:45 AM','admin','admin','5/5/2007 11:51:45 AM')
INSERT INTO [OrderDet] ([OrderDetID],[ItemNo],[Quantity],[UnitPrice],[Discount],[Amount],[IsVoided],[OrderHdrID],[ModifiedOn],[ModifiedBy],[CreatedBy],[CreatedOn])
VALUES('07050500020001.3','I00000000002',4,1.2000,0.0000,4.8000, 0,'07050500020001','5/5/2007 11:51:45 AM','admin','admin','5/5/2007 11:51:45 AM')
INSERT INTO [OrderDet] ([OrderDetID],[ItemNo],[Quantity],[UnitPrice],[Discount],[Amount],[IsVoided],[OrderHdrID],[ModifiedOn],[ModifiedBy],[CreatedBy],[CreatedOn])
VALUES('07050600020001.1','I00000000001',2,1.2000,0.0000,2.4000, 0,'07050600020001','6/5/2007 6:27:28 PM','admin','admin','6/5/2007 6:27:28 PM')
INSERT INTO [OrderDet] ([OrderDetID],[ItemNo],[Quantity],[UnitPrice],[Discount],[Amount],[IsVoided],[OrderHdrID],[ModifiedOn],[ModifiedBy],[CreatedBy],[CreatedOn])
VALUES('07050600020001.2','I00000000002',5,1.2000,0.0000,6.0000, 0,'07050600020001','6/5/2007 6:27:28 PM','admin','admin','6/5/2007 6:27:28 PM')
INSERT INTO [OrderDet] ([OrderDetID],[ItemNo],[Quantity],[UnitPrice],[Discount],[Amount],[IsVoided],[OrderHdrID],[ModifiedOn],[ModifiedBy],[CreatedBy],[CreatedOn])
VALUES('07050600020002.1','I00000000021',5,3.0000,0.0000,15.0000, 0,'07050600020002','6/5/2007 8:24:53 PM','admin','admin','6/5/2007 8:24:53 PM')
INSERT INTO [OrderDet] ([OrderDetID],[ItemNo],[Quantity],[UnitPrice],[Discount],[Amount],[IsVoided],[OrderHdrID],[ModifiedOn],[ModifiedBy],[CreatedBy],[CreatedOn])
VALUES('07050600020002.2','I00000000023',1,3.5000,0.0000,3.5000, 0,'07050600020002','6/5/2007 8:24:53 PM','admin','admin','6/5/2007 8:24:53 PM')
INSERT INTO [OrderDet] ([OrderDetID],[ItemNo],[Quantity],[UnitPrice],[Discount],[Amount],[IsVoided],[OrderHdrID],[ModifiedOn],[ModifiedBy],[CreatedBy],[CreatedOn])
VALUES('07050600020002.3','I00000000020',1,4.0000,0.0000,4.0000, 0,'07050600020002','6/5/2007 8:24:53 PM','admin','admin','6/5/2007 8:24:53 PM')
INSERT INTO [OrderDet] ([OrderDetID],[ItemNo],[Quantity],[UnitPrice],[Discount],[Amount],[IsVoided],[OrderHdrID],[ModifiedOn],[ModifiedBy],[CreatedBy],[CreatedOn])
VALUES('07050600020002.4','I00000000019',1,4.5000,0.0000,4.5000, 0,'07050600020002','6/5/2007 8:24:53 PM','admin','admin','6/5/2007 8:24:53 PM')
INSERT INTO [OrderDet] ([OrderDetID],[ItemNo],[Quantity],[UnitPrice],[Discount],[Amount],[IsVoided],[OrderHdrID],[ModifiedOn],[ModifiedBy],[CreatedBy],[CreatedOn])
VALUES('07050600020002.5','I00000000018',1,4.5000,0.0000,4.5000, 0,'07050600020002','6/5/2007 8:24:53 PM','admin','admin','6/5/2007 8:24:53 PM')
INSERT INTO [OrderDet] ([OrderDetID],[ItemNo],[Quantity],[UnitPrice],[Discount],[Amount],[IsVoided],[OrderHdrID],[ModifiedOn],[ModifiedBy],[CreatedBy],[CreatedOn])
VALUES('07050600020003.1','I00000000029',1,0.9000,0.5000,0.4000, 0,'07050600020003','6/5/2007 9:12:57 PM','admin','admin','6/5/2007 9:12:57 PM')
INSERT INTO [OrderDet] ([OrderDetID],[ItemNo],[Quantity],[UnitPrice],[Discount],[Amount],[IsVoided],[OrderHdrID],[ModifiedOn],[ModifiedBy],[CreatedBy],[CreatedOn])
VALUES('07050600020004.1','I00000000012',1,2.5000,0.0000,2.5000, 0,'07050600020004','6/5/2007 9:17:36 PM','admin','admin','6/5/2007 9:17:36 PM')
INSERT INTO [OrderDet] ([OrderDetID],[ItemNo],[Quantity],[UnitPrice],[Discount],[Amount],[IsVoided],[OrderHdrID],[ModifiedOn],[ModifiedBy],[CreatedBy],[CreatedOn])
VALUES('07050600020004.2','I00000000014',1,4.5000,0.0000,4.5000, 0,'07050600020004','6/5/2007 9:17:36 PM','admin','admin','6/5/2007 9:17:36 PM')
INSERT INTO [OrderDet] ([OrderDetID],[ItemNo],[Quantity],[UnitPrice],[Discount],[Amount],[IsVoided],[OrderHdrID],[ModifiedOn],[ModifiedBy],[CreatedBy],[CreatedOn])
VALUES('07050600020004.3','I00000000016',1,6.0500,0.0000,6.0500, 0,'07050600020004','6/5/2007 9:17:36 PM','admin','admin','6/5/2007 9:17:36 PM')
INSERT INTO [OrderDet] ([OrderDetID],[ItemNo],[Quantity],[UnitPrice],[Discount],[Amount],[IsVoided],[OrderHdrID],[ModifiedOn],[ModifiedBy],[CreatedBy],[CreatedOn])
VALUES('07050600020004.4','I00000000017',1,3.5000,0.0000,3.5000, 0,'07050600020004','6/5/2007 9:17:36 PM','admin','admin','6/5/2007 9:17:36 PM')


PRINT 'Begin inserting data in OrderHdr'
INSERT INTO [OrderHdr] ([OrderHdrID],[OrderRefNo],[Discount],[ServiceCharge],[CashierID],[PointOfSaleID],[OrderDate],[IsSuspended],[IsVoided],[Remark],[CreatedOn],[CreatedBy],[ModifiedOn],[ModifiedBy])
VALUES('07041400030001','OR07041400030001',0.00,0.00,'cashier1',3,'14/4/2007 6:10:10 AM', 0, 0,'','14/4/2007 6:10:14 AM','cashier1','14/4/2007 6:10:14 AM','cashier1')
INSERT INTO [OrderHdr] ([OrderHdrID],[OrderRefNo],[Discount],[ServiceCharge],[CashierID],[PointOfSaleID],[OrderDate],[IsSuspended],[IsVoided],[Remark],[CreatedOn],[CreatedBy],[ModifiedOn],[ModifiedBy])
VALUES('07041400030002','OR07041400030002',0.00,0.00,'cashier1',3,'14/4/2007 6:10:22 AM', 0, 0,'','14/4/2007 6:10:26 AM','cashier1','14/4/2007 6:10:26 AM','cashier1')
INSERT INTO [OrderHdr] ([OrderHdrID],[OrderRefNo],[Discount],[ServiceCharge],[CashierID],[PointOfSaleID],[OrderDate],[IsSuspended],[IsVoided],[Remark],[CreatedOn],[CreatedBy],[ModifiedOn],[ModifiedBy])
VALUES('07041500030001','OR07041500030001',0.00,0.00,'cashier1',3,'15/4/2007 1:53:33 PM', 0, 0,'','15/4/2007 1:53:49 PM','cashier1','15/4/2007 1:53:49 PM','cashier1')
INSERT INTO [OrderHdr] ([OrderHdrID],[OrderRefNo],[Discount],[ServiceCharge],[CashierID],[PointOfSaleID],[OrderDate],[IsSuspended],[IsVoided],[Remark],[CreatedOn],[CreatedBy],[ModifiedOn],[ModifiedBy])
VALUES('07041500030002','OR07041500030002',0.00,0.00,'cashier1',3,'15/4/2007 2:48:32 PM', 0, 0,'','15/4/2007 2:48:37 PM','cashier1','15/4/2007 2:48:37 PM','cashier1')
INSERT INTO [OrderHdr] ([OrderHdrID],[OrderRefNo],[Discount],[ServiceCharge],[CashierID],[PointOfSaleID],[OrderDate],[IsSuspended],[IsVoided],[Remark],[CreatedOn],[CreatedBy],[ModifiedOn],[ModifiedBy])
VALUES('07041500030003','OR07041500030003',0.00,0.00,'cashier1',3,'15/4/2007 2:48:40 PM', 0,1,'','15/4/2007 2:48:49 PM','cashier1','15/4/2007 2:48:49 PM','cashier1')
INSERT INTO [OrderHdr] ([OrderHdrID],[OrderRefNo],[Discount],[ServiceCharge],[CashierID],[PointOfSaleID],[OrderDate],[IsSuspended],[IsVoided],[Remark],[CreatedOn],[CreatedBy],[ModifiedOn],[ModifiedBy])
VALUES('07041500030004','OR07041500030004',0.00,0.00,'cashier1',3,'15/4/2007 7:20:23 PM', 0, 0,'','15/4/2007 7:20:29 PM','cashier1','15/4/2007 7:20:29 PM','cashier1')
INSERT INTO [OrderHdr] ([OrderHdrID],[OrderRefNo],[Discount],[ServiceCharge],[CashierID],[PointOfSaleID],[OrderDate],[IsSuspended],[IsVoided],[Remark],[CreatedOn],[CreatedBy],[ModifiedOn],[ModifiedBy])
VALUES('07041500030005','OR07041500030005',2.00,10.00,'cashier1',3,'15/4/2007 7:30:12 PM', 0, 0,'','15/4/2007 7:30:36 PM','cashier1','15/4/2007 7:30:36 PM','cashier1')
INSERT INTO [OrderHdr] ([OrderHdrID],[OrderRefNo],[Discount],[ServiceCharge],[CashierID],[PointOfSaleID],[OrderDate],[IsSuspended],[IsVoided],[Remark],[CreatedOn],[CreatedBy],[ModifiedOn],[ModifiedBy])
VALUES('07041500030006','OR07041500030006',0.00,0.00,'cashier1',3,'15/4/2007 7:47:26 PM', 0, 0,'','15/4/2007 7:51:33 PM','cashier1','15/4/2007 7:51:33 PM','cashier1')
INSERT INTO [OrderHdr] ([OrderHdrID],[OrderRefNo],[Discount],[ServiceCharge],[CashierID],[PointOfSaleID],[OrderDate],[IsSuspended],[IsVoided],[Remark],[CreatedOn],[CreatedBy],[ModifiedOn],[ModifiedBy])
VALUES('07041500030007','OR07041500030007',3.00,5.00,'cashier1',3,'15/4/2007 8:18:59 PM', 0,1,'','15/4/2007 8:19:20 PM','cashier1','15/4/2007 8:19:20 PM','cashier1')
INSERT INTO [OrderHdr] ([OrderHdrID],[OrderRefNo],[Discount],[ServiceCharge],[CashierID],[PointOfSaleID],[OrderDate],[IsSuspended],[IsVoided],[Remark],[CreatedOn],[CreatedBy],[ModifiedOn],[ModifiedBy])
VALUES('07041500030008','OR07041500030008',3.00,2.00,'cashier2',3,'15/4/2007 9:42:04 PM', 0, 0,'','15/4/2007 9:42:14 PM','cashier2','15/4/2007 9:42:14 PM','cashier2')
INSERT INTO [OrderHdr] ([OrderHdrID],[OrderRefNo],[Discount],[ServiceCharge],[CashierID],[PointOfSaleID],[OrderDate],[IsSuspended],[IsVoided],[Remark],[CreatedOn],[CreatedBy],[ModifiedOn],[ModifiedBy])
VALUES('07041500030009','OR07041500030009',0.00,0.00,'cashier2',3,'15/4/2007 9:42:17 PM', 0, 0,'','15/4/2007 9:42:21 PM','cashier2','15/4/2007 9:42:21 PM','cashier2')
INSERT INTO [OrderHdr] ([OrderHdrID],[OrderRefNo],[Discount],[ServiceCharge],[CashierID],[PointOfSaleID],[OrderDate],[IsSuspended],[IsVoided],[Remark],[CreatedOn],[CreatedBy],[ModifiedOn],[ModifiedBy])
VALUES('07041500030010','OR07041500030010',0.00,3.00,'cashier2',3,'15/4/2007 9:44:18 PM', 0, 0,'','15/4/2007 9:44:36 PM','cashier2','15/4/2007 9:44:36 PM','cashier2')
INSERT INTO [OrderHdr] ([OrderHdrID],[OrderRefNo],[Discount],[ServiceCharge],[CashierID],[PointOfSaleID],[OrderDate],[IsSuspended],[IsVoided],[Remark],[CreatedOn],[CreatedBy],[ModifiedOn],[ModifiedBy])
VALUES('07041500030011','OR07041500030011',0.00,5.00,'cashier2',3,'15/4/2007 9:44:54 PM', 0, 0,'','15/4/2007 9:45:02 PM','cashier2','15/4/2007 9:45:02 PM','cashier2')
INSERT INTO [OrderHdr] ([OrderHdrID],[OrderRefNo],[Discount],[ServiceCharge],[CashierID],[PointOfSaleID],[OrderDate],[IsSuspended],[IsVoided],[Remark],[CreatedOn],[CreatedBy],[ModifiedOn],[ModifiedBy])
VALUES('07041500030012','OR07041500030012',0.00,0.00,'cashier2',3,'15/4/2007 9:45:05 PM', 0, 0,'','15/4/2007 9:45:13 PM','cashier2','15/4/2007 9:45:13 PM','cashier2')
INSERT INTO [OrderHdr] ([OrderHdrID],[OrderRefNo],[Discount],[ServiceCharge],[CashierID],[PointOfSaleID],[OrderDate],[IsSuspended],[IsVoided],[Remark],[CreatedOn],[CreatedBy],[ModifiedOn],[ModifiedBy])
VALUES('07041600020001','OR07041600020001',0.00,0.00,'cashier1',2,'16/4/2007 10:03:49 AM', 0, 0,'','16/4/2007 10:04:05 AM','cashier1','16/4/2007 10:04:05 AM','cashier1')
INSERT INTO [OrderHdr] ([OrderHdrID],[OrderRefNo],[Discount],[ServiceCharge],[CashierID],[PointOfSaleID],[OrderDate],[IsSuspended],[IsVoided],[Remark],[CreatedOn],[CreatedBy],[ModifiedOn],[ModifiedBy])
VALUES('07041600020002','OR07041600020002',0.00,0.00,'cashier1',2,'16/4/2007 10:05:02 AM', 0,1,'','16/4/2007 10:05:06 AM','cashier1','16/4/2007 10:05:06 AM','cashier1')
INSERT INTO [OrderHdr] ([OrderHdrID],[OrderRefNo],[Discount],[ServiceCharge],[CashierID],[PointOfSaleID],[OrderDate],[IsSuspended],[IsVoided],[Remark],[CreatedOn],[CreatedBy],[ModifiedOn],[ModifiedBy])
VALUES('07041600020003','OR07041600020003',0.00,0.00,'cashier1',2,'16/4/2007 10:05:07 AM', 0, 0,'','16/4/2007 10:05:15 AM','cashier1','16/4/2007 10:05:15 AM','cashier1')
INSERT INTO [OrderHdr] ([OrderHdrID],[OrderRefNo],[Discount],[ServiceCharge],[CashierID],[PointOfSaleID],[OrderDate],[IsSuspended],[IsVoided],[Remark],[CreatedOn],[CreatedBy],[ModifiedOn],[ModifiedBy])
VALUES('07041600020004','OR07041600020004',0.00,0.00,'cashier1',2,'16/4/2007 10:05:16 AM', 0, 0,'','16/4/2007 10:05:41 AM','cashier1','16/4/2007 10:05:41 AM','cashier1')
INSERT INTO [OrderHdr] ([OrderHdrID],[OrderRefNo],[Discount],[ServiceCharge],[CashierID],[PointOfSaleID],[OrderDate],[IsSuspended],[IsVoided],[Remark],[CreatedOn],[CreatedBy],[ModifiedOn],[ModifiedBy])
VALUES('07041600020005','OR07041600020005',0.00,0.00,'cashier1',2,'16/4/2007 10:43:04 AM', 0, 0,'','16/4/2007 10:43:14 AM','cashier1','16/4/2007 10:43:14 AM','cashier1')
INSERT INTO [OrderHdr] ([OrderHdrID],[OrderRefNo],[Discount],[ServiceCharge],[CashierID],[PointOfSaleID],[OrderDate],[IsSuspended],[IsVoided],[Remark],[CreatedOn],[CreatedBy],[ModifiedOn],[ModifiedBy])
VALUES('07041600020006','OR07041600020006',0.00,3.00,'cashier1',2,'16/4/2007 10:43:21 AM', 0, 0,'','16/4/2007 10:43:32 AM','cashier1','16/4/2007 10:43:32 AM','cashier1')
INSERT INTO [OrderHdr] ([OrderHdrID],[OrderRefNo],[Discount],[ServiceCharge],[CashierID],[PointOfSaleID],[OrderDate],[IsSuspended],[IsVoided],[Remark],[CreatedOn],[CreatedBy],[ModifiedOn],[ModifiedBy])
VALUES('07041600020007','OR07041600020007',0.00,0.00,'cashier1',2,'16/4/2007 10:43:37 AM', 0, 0,'','16/4/2007 10:43:41 AM','cashier1','16/4/2007 10:43:41 AM','cashier1')
INSERT INTO [OrderHdr] ([OrderHdrID],[OrderRefNo],[Discount],[ServiceCharge],[CashierID],[PointOfSaleID],[OrderDate],[IsSuspended],[IsVoided],[Remark],[CreatedOn],[CreatedBy],[ModifiedOn],[ModifiedBy])
VALUES('07041600020008','OR07041600020008',0.00,0.00,'cashier1',2,'16/4/2007 10:46:15 AM', 0, 0,'','16/4/2007 10:46:25 AM','cashier1','16/4/2007 10:46:25 AM','cashier1')
INSERT INTO [OrderHdr] ([OrderHdrID],[OrderRefNo],[Discount],[ServiceCharge],[CashierID],[PointOfSaleID],[OrderDate],[IsSuspended],[IsVoided],[Remark],[CreatedOn],[CreatedBy],[ModifiedOn],[ModifiedBy])
VALUES('07041600020009','OR07041600020009',0.00,0.00,'cashier1',2,'16/4/2007 10:46:27 AM', 0, 0,'','16/4/2007 10:46:37 AM','cashier1','16/4/2007 10:46:37 AM','cashier1')
INSERT INTO [OrderHdr] ([OrderHdrID],[OrderRefNo],[Discount],[ServiceCharge],[CashierID],[PointOfSaleID],[OrderDate],[IsSuspended],[IsVoided],[Remark],[CreatedOn],[CreatedBy],[ModifiedOn],[ModifiedBy])
VALUES('07041600020010','OR07041600020010',0.00,0.00,'cashier1',2,'16/4/2007 10:46:38 AM', 0, 0,'','16/4/2007 10:46:44 AM','cashier1','16/4/2007 1:30:45 PM','cashier1')
INSERT INTO [OrderHdr] ([OrderHdrID],[OrderRefNo],[Discount],[ServiceCharge],[CashierID],[PointOfSaleID],[OrderDate],[IsSuspended],[IsVoided],[Remark],[CreatedOn],[CreatedBy],[ModifiedOn],[ModifiedBy])
VALUES('07041600020011','OR07041600020011',0.00,0.00,'cashier1',2,'16/4/2007 1:59:46 PM', 0, 0,'','16/4/2007 2:00:54 PM','cashier1','16/4/2007 2:00:54 PM','cashier1')
INSERT INTO [OrderHdr] ([OrderHdrID],[OrderRefNo],[Discount],[ServiceCharge],[CashierID],[PointOfSaleID],[OrderDate],[IsSuspended],[IsVoided],[Remark],[CreatedOn],[CreatedBy],[ModifiedOn],[ModifiedBy])
VALUES('07041600020012','OR07041600020012',0.00,0.00,'cashier1',2,'16/4/2007 3:23:58 PM', 0, 0,'','16/4/2007 3:24:05 PM','cashier1','16/4/2007 3:24:05 PM','cashier1')
INSERT INTO [OrderHdr] ([OrderHdrID],[OrderRefNo],[Discount],[ServiceCharge],[CashierID],[PointOfSaleID],[OrderDate],[IsSuspended],[IsVoided],[Remark],[CreatedOn],[CreatedBy],[ModifiedOn],[ModifiedBy])
VALUES('07041700020001','OR07041700020001',0.00,0.00,'cashier1',2,'17/4/2007 4:56:22 AM', 0, 0,'','17/4/2007 4:56:31 AM','cashier1','17/4/2007 4:56:31 AM','cashier1')
INSERT INTO [OrderHdr] ([OrderHdrID],[OrderRefNo],[Discount],[ServiceCharge],[CashierID],[PointOfSaleID],[OrderDate],[IsSuspended],[IsVoided],[Remark],[CreatedOn],[CreatedBy],[ModifiedOn],[ModifiedBy])
VALUES('07041700020002','OR07041700020002',0.00,0.00,'cashier1',2,'17/4/2007 5:54:24 AM', 0, 0,'','17/4/2007 5:54:33 AM','cashier1','17/4/2007 5:54:33 AM','cashier1')
INSERT INTO [OrderHdr] ([OrderHdrID],[OrderRefNo],[Discount],[ServiceCharge],[CashierID],[PointOfSaleID],[OrderDate],[IsSuspended],[IsVoided],[Remark],[CreatedOn],[CreatedBy],[ModifiedOn],[ModifiedBy])
VALUES('07041700020003','OR07041700020003',0.00,0.00,'cashier1',2,'17/4/2007 6:13:30 AM', 0, 0,'','17/4/2007 6:13:37 AM','cashier1','17/4/2007 6:13:37 AM','cashier1')
INSERT INTO [OrderHdr] ([OrderHdrID],[OrderRefNo],[Discount],[ServiceCharge],[CashierID],[PointOfSaleID],[OrderDate],[IsSuspended],[IsVoided],[Remark],[CreatedOn],[CreatedBy],[ModifiedOn],[ModifiedBy])
VALUES('07041700020004','OR07041700020004',0.00,0.00,'cashier1',2,'17/4/2007 2:24:41 PM', 0, 0,'','17/4/2007 2:25:07 PM','cashier1','17/4/2007 2:25:07 PM','cashier1')
INSERT INTO [OrderHdr] ([OrderHdrID],[OrderRefNo],[Discount],[ServiceCharge],[CashierID],[PointOfSaleID],[OrderDate],[IsSuspended],[IsVoided],[Remark],[CreatedOn],[CreatedBy],[ModifiedOn],[ModifiedBy])
VALUES('07041700020005','OR07041700020005',0.00,0.00,'cashier2',2,'17/4/2007 2:31:29 PM', 0, 0,'','17/4/2007 2:31:33 PM','cashier2','17/4/2007 2:31:33 PM','cashier2')
INSERT INTO [OrderHdr] ([OrderHdrID],[OrderRefNo],[Discount],[ServiceCharge],[CashierID],[PointOfSaleID],[OrderDate],[IsSuspended],[IsVoided],[Remark],[CreatedOn],[CreatedBy],[ModifiedOn],[ModifiedBy])
VALUES('07041700020006','OR07041700020006',0.00,0.00,'cashier1',2,'17/4/2007 3:11:24 PM', 0, 0,'','17/4/2007 3:11:58 PM','cashier1','17/4/2007 3:11:58 PM','cashier1')
INSERT INTO [OrderHdr] ([OrderHdrID],[OrderRefNo],[Discount],[ServiceCharge],[CashierID],[PointOfSaleID],[OrderDate],[IsSuspended],[IsVoided],[Remark],[CreatedOn],[CreatedBy],[ModifiedOn],[ModifiedBy])
VALUES('07041700020007','OR07041700020007',0.00,0.00,'cashier1',2,'17/4/2007 3:28:18 PM', 0, 0,'','17/4/2007 3:28:24 PM','cashier1','17/4/2007 3:28:24 PM','cashier1')
INSERT INTO [OrderHdr] ([OrderHdrID],[OrderRefNo],[Discount],[ServiceCharge],[CashierID],[PointOfSaleID],[OrderDate],[IsSuspended],[IsVoided],[Remark],[CreatedOn],[CreatedBy],[ModifiedOn],[ModifiedBy])
VALUES('07041700020008','OR07041700020008',0.00,0.00,'cashier1',2,'17/4/2007 3:29:07 PM', 0, 0,'','17/4/2007 3:29:16 PM','cashier1','17/4/2007 3:29:16 PM','cashier1')
INSERT INTO [OrderHdr] ([OrderHdrID],[OrderRefNo],[Discount],[ServiceCharge],[CashierID],[PointOfSaleID],[OrderDate],[IsSuspended],[IsVoided],[Remark],[CreatedOn],[CreatedBy],[ModifiedOn],[ModifiedBy])
VALUES('07041700020009','OR07041700020009',0.00,0.00,'cashier1',2,'17/4/2007 3:29:29 PM', 0, 0,'','17/4/2007 3:29:36 PM','cashier1','17/4/2007 3:29:36 PM','cashier1')
INSERT INTO [OrderHdr] ([OrderHdrID],[OrderRefNo],[Discount],[ServiceCharge],[CashierID],[PointOfSaleID],[OrderDate],[IsSuspended],[IsVoided],[Remark],[CreatedOn],[CreatedBy],[ModifiedOn],[ModifiedBy])
VALUES('07041700020010','OR07041700020010',0.00,0.00,'cashier1',2,'17/4/2007 3:29:51 PM', 0, 0,'','17/4/2007 3:29:58 PM','cashier1','17/4/2007 3:29:58 PM','cashier1')
INSERT INTO [OrderHdr] ([OrderHdrID],[OrderRefNo],[Discount],[ServiceCharge],[CashierID],[PointOfSaleID],[OrderDate],[IsSuspended],[IsVoided],[Remark],[CreatedOn],[CreatedBy],[ModifiedOn],[ModifiedBy])
VALUES('07041700020011','OR07041700020011',0.00,0.00,'cashier1',2,'17/4/2007 4:31:59 PM', 0, 0,'','17/4/2007 4:32:05 PM','cashier1','17/4/2007 4:32:05 PM','cashier1')
INSERT INTO [OrderHdr] ([OrderHdrID],[OrderRefNo],[Discount],[ServiceCharge],[CashierID],[PointOfSaleID],[OrderDate],[IsSuspended],[IsVoided],[Remark],[CreatedOn],[CreatedBy],[ModifiedOn],[ModifiedBy])
VALUES('07041700020012','OR07041700020012',0.00,0.00,'cashier1',2,'17/4/2007 4:32:23 PM', 0, 0,'','17/4/2007 4:32:32 PM','cashier1','17/4/2007 4:32:32 PM','cashier1')
INSERT INTO [OrderHdr] ([OrderHdrID],[OrderRefNo],[Discount],[ServiceCharge],[CashierID],[PointOfSaleID],[OrderDate],[IsSuspended],[IsVoided],[Remark],[CreatedOn],[CreatedBy],[ModifiedOn],[ModifiedBy])
VALUES('07041700020013','OR07041700020013',0.00,0.00,'cashier1',2,'17/4/2007 4:36:09 PM', 0, 0,'','17/4/2007 4:36:19 PM','cashier1','17/4/2007 4:36:19 PM','cashier1')
INSERT INTO [OrderHdr] ([OrderHdrID],[OrderRefNo],[Discount],[ServiceCharge],[CashierID],[PointOfSaleID],[OrderDate],[IsSuspended],[IsVoided],[Remark],[CreatedOn],[CreatedBy],[ModifiedOn],[ModifiedBy])
VALUES('07041700020014','OR07041700020014',0.00,0.00,'cashier1',2,'17/4/2007 4:36:31 PM', 0, 0,'','17/4/2007 4:36:46 PM','cashier1','17/4/2007 4:36:46 PM','cashier1')
INSERT INTO [OrderHdr] ([OrderHdrID],[OrderRefNo],[Discount],[ServiceCharge],[CashierID],[PointOfSaleID],[OrderDate],[IsSuspended],[IsVoided],[Remark],[CreatedOn],[CreatedBy],[ModifiedOn],[ModifiedBy])
VALUES('07041700020015','OR07041700020015',0.00,0.00,'cashier1',2,'17/4/2007 4:37:28 PM', 0, 0,'','17/4/2007 4:37:51 PM','cashier1','17/4/2007 4:37:51 PM','cashier1')
INSERT INTO [OrderHdr] ([OrderHdrID],[OrderRefNo],[Discount],[ServiceCharge],[CashierID],[PointOfSaleID],[OrderDate],[IsSuspended],[IsVoided],[Remark],[CreatedOn],[CreatedBy],[ModifiedOn],[ModifiedBy])
VALUES('07041700020016','OR07041700020016',0.00,0.00,'cashier1',2,'17/4/2007 4:38:50 PM', 0, 0,'','17/4/2007 4:38:59 PM','cashier1','17/4/2007 4:38:59 PM','cashier1')
INSERT INTO [OrderHdr] ([OrderHdrID],[OrderRefNo],[Discount],[ServiceCharge],[CashierID],[PointOfSaleID],[OrderDate],[IsSuspended],[IsVoided],[Remark],[CreatedOn],[CreatedBy],[ModifiedOn],[ModifiedBy])
VALUES('07041700020017','OR07041700020017',0.00,0.00,'cashier1',2,'17/4/2007 4:52:30 PM', 0, 0,'','17/4/2007 4:53:54 PM','cashier1','17/4/2007 4:53:54 PM','cashier1')
INSERT INTO [OrderHdr] ([OrderHdrID],[OrderRefNo],[Discount],[ServiceCharge],[CashierID],[PointOfSaleID],[OrderDate],[IsSuspended],[IsVoided],[Remark],[CreatedOn],[CreatedBy],[ModifiedOn],[ModifiedBy])
VALUES('07042000020001','OR07042000020001',0.00,0.00,'cashier1',2,'20/4/2007 12:32:03 AM', 0, 0,'','20/4/2007 12:32:07 AM','cashier1','20/4/2007 12:32:07 AM','cashier1')
INSERT INTO [OrderHdr] ([OrderHdrID],[OrderRefNo],[Discount],[ServiceCharge],[CashierID],[PointOfSaleID],[OrderDate],[IsSuspended],[IsVoided],[Remark],[CreatedOn],[CreatedBy],[ModifiedOn],[ModifiedBy])
VALUES('07042000020002','OR07042000020002',0.00,0.00,'cashier1',2,'20/4/2007 10:08:04 AM', 0, 0,'','20/4/2007 10:08:17 AM','cashier1','20/4/2007 10:08:17 AM','cashier1')
INSERT INTO [OrderHdr] ([OrderHdrID],[OrderRefNo],[Discount],[ServiceCharge],[CashierID],[PointOfSaleID],[OrderDate],[IsSuspended],[IsVoided],[Remark],[CreatedOn],[CreatedBy],[ModifiedOn],[ModifiedBy])
VALUES('07042100020001','OR07042100020001',30.00,80.00,'cashier1',2,'21/4/2007 12:08:40 PM', 0, 0,'','21/4/2007 12:09:50 PM','cashier1','21/4/2007 12:09:50 PM','cashier1')
INSERT INTO [OrderHdr] ([OrderHdrID],[OrderRefNo],[Discount],[ServiceCharge],[CashierID],[PointOfSaleID],[OrderDate],[IsSuspended],[IsVoided],[Remark],[CreatedOn],[CreatedBy],[ModifiedOn],[ModifiedBy])
VALUES('07042100020002','OR07042100020002',0.00,0.00,'cashier1',2,'21/4/2007 3:27:28 PM', 0, 0,'','21/4/2007 3:28:30 PM','cashier1','21/4/2007 3:28:30 PM','cashier1')
INSERT INTO [OrderHdr] ([OrderHdrID],[OrderRefNo],[Discount],[ServiceCharge],[CashierID],[PointOfSaleID],[OrderDate],[IsSuspended],[IsVoided],[Remark],[CreatedOn],[CreatedBy],[ModifiedOn],[ModifiedBy])
VALUES('07042100020003','OR07042100020003',0.00,0.00,'cashier1',2,'21/4/2007 3:49:45 PM', 0, 0,'','21/4/2007 3:49:53 PM','cashier1','21/4/2007 3:49:53 PM','cashier1')
INSERT INTO [OrderHdr] ([OrderHdrID],[OrderRefNo],[Discount],[ServiceCharge],[CashierID],[PointOfSaleID],[OrderDate],[IsSuspended],[IsVoided],[Remark],[CreatedOn],[CreatedBy],[ModifiedOn],[ModifiedBy])
VALUES('07042200020001','OR07042200020001',0.00,0.00,'cashier1',2,'22/4/2007 9:05:59 PM', 0, 0,'','22/4/2007 9:06:41 PM','cashier1','22/4/2007 9:06:41 PM','cashier1')
INSERT INTO [OrderHdr] ([OrderHdrID],[OrderRefNo],[Discount],[ServiceCharge],[CashierID],[PointOfSaleID],[OrderDate],[IsSuspended],[IsVoided],[Remark],[CreatedOn],[CreatedBy],[ModifiedOn],[ModifiedBy])
VALUES('07042200020002','OR07042200020002',0.00,0.00,'cashier1',2,'22/4/2007 9:06:49 PM', 0, 0,'','22/4/2007 9:06:59 PM','cashier1','22/4/2007 9:06:59 PM','cashier1')
INSERT INTO [OrderHdr] ([OrderHdrID],[OrderRefNo],[Discount],[ServiceCharge],[CashierID],[PointOfSaleID],[OrderDate],[IsSuspended],[IsVoided],[Remark],[CreatedOn],[CreatedBy],[ModifiedOn],[ModifiedBy])
VALUES('07042300020001','OR07042300020001',10.00,30.00,'cashier1',2,'23/4/2007 5:08:29 PM', 0, 0,'','23/4/2007 5:08:49 PM','cashier1','23/4/2007 5:08:49 PM','cashier1')
INSERT INTO [OrderHdr] ([OrderHdrID],[OrderRefNo],[Discount],[ServiceCharge],[CashierID],[PointOfSaleID],[OrderDate],[IsSuspended],[IsVoided],[Remark],[CreatedOn],[CreatedBy],[ModifiedOn],[ModifiedBy])
VALUES('07042300020002','OR07042300020002',0.00,0.00,'cashier1',2,'23/4/2007 5:09:18 PM', 0, 0,'','23/4/2007 5:09:53 PM','cashier1','23/4/2007 5:09:53 PM','cashier1')
INSERT INTO [OrderHdr] ([OrderHdrID],[OrderRefNo],[Discount],[ServiceCharge],[CashierID],[PointOfSaleID],[OrderDate],[IsSuspended],[IsVoided],[Remark],[CreatedOn],[CreatedBy],[ModifiedOn],[ModifiedBy])
VALUES('07042400030001','OR07042400030001',0.00,0.00,'cashier1',3,'24/4/2007 4:22:19 PM', 0, 0,'','24/4/2007 4:22:27 PM','cashier1','24/4/2007 4:22:27 PM','cashier1')
INSERT INTO [OrderHdr] ([OrderHdrID],[OrderRefNo],[Discount],[ServiceCharge],[CashierID],[PointOfSaleID],[OrderDate],[IsSuspended],[IsVoided],[Remark],[CreatedOn],[CreatedBy],[ModifiedOn],[ModifiedBy])
VALUES('07042400030002','OR07042400030002',0.00,0.00,'cashier1',3,'24/4/2007 4:24:43 PM', 0, 0,'','24/4/2007 4:24:52 PM','cashier1','24/4/2007 4:24:52 PM','cashier1')
INSERT INTO [OrderHdr] ([OrderHdrID],[OrderRefNo],[Discount],[ServiceCharge],[CashierID],[PointOfSaleID],[OrderDate],[IsSuspended],[IsVoided],[Remark],[CreatedOn],[CreatedBy],[ModifiedOn],[ModifiedBy])
VALUES('07042500030001','OR07042500030001',0.00,0.00,'cashier1',3,'25/4/2007 7:34:31 PM', 0, 0,'','25/4/2007 7:34:39 PM','cashier1','25/4/2007 7:34:39 PM','cashier1')
INSERT INTO [OrderHdr] ([OrderHdrID],[OrderRefNo],[Discount],[ServiceCharge],[CashierID],[PointOfSaleID],[OrderDate],[IsSuspended],[IsVoided],[Remark],[CreatedOn],[CreatedBy],[ModifiedOn],[ModifiedBy])
VALUES('07042500030002','OR07042500030002',0.00,0.00,'cashier1',3,'25/4/2007 9:01:11 PM', 0, 0,'','25/4/2007 9:01:15 PM','cashier1','25/4/2007 9:01:15 PM','cashier1')
INSERT INTO [OrderHdr] ([OrderHdrID],[OrderRefNo],[Discount],[ServiceCharge],[CashierID],[PointOfSaleID],[OrderDate],[IsSuspended],[IsVoided],[Remark],[CreatedOn],[CreatedBy],[ModifiedOn],[ModifiedBy])
VALUES('07042700040001','OR07042700040001',0.00,0.00,'cashier1',4,'27/4/2007 4:05:39 PM', 0, 0,'','27/4/2007 4:05:46 PM','cashier1','27/4/2007 4:05:46 PM','cashier1')
INSERT INTO [OrderHdr] ([OrderHdrID],[OrderRefNo],[Discount],[ServiceCharge],[CashierID],[PointOfSaleID],[OrderDate],[IsSuspended],[IsVoided],[Remark],[CreatedOn],[CreatedBy],[ModifiedOn],[ModifiedBy])
VALUES('07042700040002','OR07042700040002',0.00,0.00,'cashier1',4,'27/4/2007 4:05:52 PM', 0, 0,'','27/4/2007 4:06:00 PM','cashier1','27/4/2007 4:28:55 PM','cashier1')
INSERT INTO [OrderHdr] ([OrderHdrID],[OrderRefNo],[Discount],[ServiceCharge],[CashierID],[PointOfSaleID],[OrderDate],[IsSuspended],[IsVoided],[Remark],[CreatedOn],[CreatedBy],[ModifiedOn],[ModifiedBy])
VALUES('07042700040003','OR07042700040003',0.00,0.00,'cashier1',4,'27/4/2007 4:06:02 PM', 0, 0,'','27/4/2007 4:06:12 PM','cashier1','27/4/2007 4:30:05 PM','cashier1')
INSERT INTO [OrderHdr] ([OrderHdrID],[OrderRefNo],[Discount],[ServiceCharge],[CashierID],[PointOfSaleID],[OrderDate],[IsSuspended],[IsVoided],[Remark],[CreatedOn],[CreatedBy],[ModifiedOn],[ModifiedBy])
VALUES('07042700040004','OR07042700040004',0.00,0.00,'cashier1',4,'27/4/2007 4:06:17 PM', 0, 0,'','27/4/2007 4:06:24 PM','cashier1','27/4/2007 4:06:24 PM','cashier1')
INSERT INTO [OrderHdr] ([OrderHdrID],[OrderRefNo],[Discount],[ServiceCharge],[CashierID],[PointOfSaleID],[OrderDate],[IsSuspended],[IsVoided],[Remark],[CreatedOn],[CreatedBy],[ModifiedOn],[ModifiedBy])
VALUES('07042700040005','OR07042700040005',0.00,0.00,'cashier1',4,'27/4/2007 4:06:27 PM', 0, 0,'','27/4/2007 4:06:36 PM','cashier1','27/4/2007 4:06:36 PM','cashier1')
INSERT INTO [OrderHdr] ([OrderHdrID],[OrderRefNo],[Discount],[ServiceCharge],[CashierID],[PointOfSaleID],[OrderDate],[IsSuspended],[IsVoided],[Remark],[CreatedOn],[CreatedBy],[ModifiedOn],[ModifiedBy])
VALUES('07042700040006','OR07042700040006',0.00,0.00,'cashier1',4,'27/4/2007 4:20:03 PM', 0, 0,'','27/4/2007 4:20:17 PM','cashier1','27/4/2007 4:20:17 PM','cashier1')
INSERT INTO [OrderHdr] ([OrderHdrID],[OrderRefNo],[Discount],[ServiceCharge],[CashierID],[PointOfSaleID],[OrderDate],[IsSuspended],[IsVoided],[Remark],[CreatedOn],[CreatedBy],[ModifiedOn],[ModifiedBy])
VALUES('07042700040007','OR07042700040007',0.00,0.00,'cashier1',4,'27/4/2007 4:20:58 PM', 0, 0,'','27/4/2007 4:21:11 PM','cashier1','27/4/2007 4:21:11 PM','cashier1')
INSERT INTO [OrderHdr] ([OrderHdrID],[OrderRefNo],[Discount],[ServiceCharge],[CashierID],[PointOfSaleID],[OrderDate],[IsSuspended],[IsVoided],[Remark],[CreatedOn],[CreatedBy],[ModifiedOn],[ModifiedBy])
VALUES('07042700040008','OR07042700040008',0.00,0.00,'cashier1',4,'27/4/2007 4:21:32 PM', 0, 0,'','27/4/2007 4:21:49 PM','cashier1','27/4/2007 4:21:49 PM','cashier1')
INSERT INTO [OrderHdr] ([OrderHdrID],[OrderRefNo],[Discount],[ServiceCharge],[CashierID],[PointOfSaleID],[OrderDate],[IsSuspended],[IsVoided],[Remark],[CreatedOn],[CreatedBy],[ModifiedOn],[ModifiedBy])
VALUES('07042700040009','OR07042700040009',0.00,0.00,'cashier1',4,'27/4/2007 4:22:23 PM', 0, 0,'','27/4/2007 4:22:34 PM','cashier1','27/4/2007 4:22:34 PM','cashier1')
INSERT INTO [OrderHdr] ([OrderHdrID],[OrderRefNo],[Discount],[ServiceCharge],[CashierID],[PointOfSaleID],[OrderDate],[IsSuspended],[IsVoided],[Remark],[CreatedOn],[CreatedBy],[ModifiedOn],[ModifiedBy])
VALUES('07042700040010','OR07042700040010',2.00,0.00,'cashier1',4,'27/4/2007 4:25:37 PM', 0, 0,'','27/4/2007 4:26:09 PM','cashier1','27/4/2007 4:27:12 PM','cashier1')
INSERT INTO [OrderHdr] ([OrderHdrID],[OrderRefNo],[Discount],[ServiceCharge],[CashierID],[PointOfSaleID],[OrderDate],[IsSuspended],[IsVoided],[Remark],[CreatedOn],[CreatedBy],[ModifiedOn],[ModifiedBy])
VALUES('07043000020001','OR07043000020001',5.00,2.00,'cashier1',2,'30/4/2007 2:25:28 PM', 0, 0,'','30/4/2007 2:25:52 PM','cashier1','30/4/2007 2:25:52 PM','cashier1')
INSERT INTO [OrderHdr] ([OrderHdrID],[OrderRefNo],[Discount],[ServiceCharge],[CashierID],[PointOfSaleID],[OrderDate],[IsSuspended],[IsVoided],[Remark],[CreatedOn],[CreatedBy],[ModifiedOn],[ModifiedBy])
VALUES('07043000020002','OR07043000020002',0.00,0.00,'cashier1',2,'30/4/2007 2:25:57 PM', 0, 0,'','30/4/2007 2:26:13 PM','cashier1','30/4/2007 2:26:13 PM','cashier1')
INSERT INTO [OrderHdr] ([OrderHdrID],[OrderRefNo],[Discount],[ServiceCharge],[CashierID],[PointOfSaleID],[OrderDate],[IsSuspended],[IsVoided],[Remark],[CreatedOn],[CreatedBy],[ModifiedOn],[ModifiedBy])
VALUES('07043000020003','OR07043000020003',0.00,0.00,'cashier1',2,'30/4/2007 3:47:33 PM', 0, 0,'','30/4/2007 3:48:54 PM','cashier1','30/4/2007 3:48:54 PM','cashier1')
INSERT INTO [OrderHdr] ([OrderHdrID],[OrderRefNo],[Discount],[ServiceCharge],[CashierID],[PointOfSaleID],[OrderDate],[IsSuspended],[IsVoided],[Remark],[CreatedOn],[CreatedBy],[ModifiedOn],[ModifiedBy])
VALUES('07043000020004','OR07043000020004',0.00,0.00,'cashier1',2,'30/4/2007 4:35:56 PM', 0, 0,'','30/4/2007 4:36:28 PM','cashier1','30/4/2007 4:36:28 PM','cashier1')
INSERT INTO [OrderHdr] ([OrderHdrID],[OrderRefNo],[Discount],[ServiceCharge],[CashierID],[PointOfSaleID],[OrderDate],[IsSuspended],[IsVoided],[Remark],[CreatedOn],[CreatedBy],[ModifiedOn],[ModifiedBy])
VALUES('07043000040001','OR07043000040001',0.00,0.00,'cashier1',4,'30/4/2007 12:06:35 AM', 0, 0,'','30/4/2007 12:06:41 AM','cashier1','30/4/2007 12:07:12 AM','cashier1')
INSERT INTO [OrderHdr] ([OrderHdrID],[OrderRefNo],[Discount],[ServiceCharge],[CashierID],[PointOfSaleID],[OrderDate],[IsSuspended],[IsVoided],[Remark],[CreatedOn],[CreatedBy],[ModifiedOn],[ModifiedBy])
VALUES('07050100020001','OR07050100020001',0.00,0.00,'cashier1',2,'1/5/2007 11:02:21 AM', 0, 0,'','1/5/2007 11:02:30 AM','cashier1','1/5/2007 11:02:30 AM','cashier1')
INSERT INTO [OrderHdr] ([OrderHdrID],[OrderRefNo],[Discount],[ServiceCharge],[CashierID],[PointOfSaleID],[OrderDate],[IsSuspended],[IsVoided],[Remark],[CreatedOn],[CreatedBy],[ModifiedOn],[ModifiedBy])
VALUES('07050100020002','OR07050100020002',0.00,0.00,'cashier1',2,'1/5/2007 11:05:56 AM', 0, 0,'','1/5/2007 11:06:12 AM','cashier1','1/5/2007 11:06:12 AM','cashier1')
INSERT INTO [OrderHdr] ([OrderHdrID],[OrderRefNo],[Discount],[ServiceCharge],[CashierID],[PointOfSaleID],[OrderDate],[IsSuspended],[IsVoided],[Remark],[CreatedOn],[CreatedBy],[ModifiedOn],[ModifiedBy])
VALUES('07050100020003','OR07050100020003',0.00,0.00,'cashier1',2,'1/5/2007 11:07:02 AM', 0, 0,'','1/5/2007 11:07:16 AM','cashier1','1/5/2007 11:07:16 AM','cashier1')
INSERT INTO [OrderHdr] ([OrderHdrID],[OrderRefNo],[Discount],[ServiceCharge],[CashierID],[PointOfSaleID],[OrderDate],[IsSuspended],[IsVoided],[Remark],[CreatedOn],[CreatedBy],[ModifiedOn],[ModifiedBy])
VALUES('07050100020004','OR07050100020004',0.00,0.00,'cashier1',2,'1/5/2007 11:08:10 AM', 0, 0,'','1/5/2007 11:08:29 AM','cashier1','1/5/2007 11:08:29 AM','cashier1')
INSERT INTO [OrderHdr] ([OrderHdrID],[OrderRefNo],[Discount],[ServiceCharge],[CashierID],[PointOfSaleID],[OrderDate],[IsSuspended],[IsVoided],[Remark],[CreatedOn],[CreatedBy],[ModifiedOn],[ModifiedBy])
VALUES('07050400020001','OR07050400020001',0.00,0.00,'cashier1',2,'4/5/2007 12:36:30 PM', 0, 0,'','4/5/2007 12:36:35 PM','cashier1','4/5/2007 1:32:13 PM','supervisor1')
INSERT INTO [OrderHdr] ([OrderHdrID],[OrderRefNo],[Discount],[ServiceCharge],[CashierID],[PointOfSaleID],[OrderDate],[IsSuspended],[IsVoided],[Remark],[CreatedOn],[CreatedBy],[ModifiedOn],[ModifiedBy])
VALUES('07050400020002','OR07050400020002',0.00,0.00,'cashier1',2,'4/5/2007 1:01:38 PM', 0, 0,'','4/5/2007 1:02:16 PM','cashier1','4/5/2007 1:30:36 PM','cashier1')
INSERT INTO [OrderHdr] ([OrderHdrID],[OrderRefNo],[Discount],[ServiceCharge],[CashierID],[PointOfSaleID],[OrderDate],[IsSuspended],[IsVoided],[Remark],[CreatedOn],[CreatedBy],[ModifiedOn],[ModifiedBy])
VALUES('07050400020003','OR07050400020003',0.00,0.00,'cashier1',2,'4/5/2007 5:33:19 PM', 0, 0,'','4/5/2007 5:33:35 PM','cashier1','4/5/2007 5:33:35 PM','cashier1')
INSERT INTO [OrderHdr] ([OrderHdrID],[OrderRefNo],[Discount],[ServiceCharge],[CashierID],[PointOfSaleID],[OrderDate],[IsSuspended],[IsVoided],[Remark],[CreatedOn],[CreatedBy],[ModifiedOn],[ModifiedBy])
VALUES('07050400020004','OR07050400020004',0.00,0.00,'admin',2,'4/5/2007 11:41:07 PM', 0, 0,'','4/5/2007 11:41:55 PM','admin','4/5/2007 11:41:55 PM','admin')
INSERT INTO [OrderHdr] ([OrderHdrID],[OrderRefNo],[Discount],[ServiceCharge],[CashierID],[PointOfSaleID],[OrderDate],[IsSuspended],[IsVoided],[Remark],[CreatedOn],[CreatedBy],[ModifiedOn],[ModifiedBy])
VALUES('07050500020001','OR07050500020001',0.00,0.00,'admin',2,'5/5/2007 11:50:54 AM', 0, 0,'','5/5/2007 11:51:45 AM','admin','5/5/2007 11:51:45 AM','admin')
INSERT INTO [OrderHdr] ([OrderHdrID],[OrderRefNo],[Discount],[ServiceCharge],[CashierID],[PointOfSaleID],[OrderDate],[IsSuspended],[IsVoided],[Remark],[CreatedOn],[CreatedBy],[ModifiedOn],[ModifiedBy])
VALUES('07050600020001','OR07050600020001',0.00,0.00,'admin',2,'6/5/2007 6:26:19 PM', 0, 0,'','6/5/2007 6:27:28 PM','admin','6/5/2007 6:27:28 PM','admin')
INSERT INTO [OrderHdr] ([OrderHdrID],[OrderRefNo],[Discount],[ServiceCharge],[CashierID],[PointOfSaleID],[OrderDate],[IsSuspended],[IsVoided],[Remark],[CreatedOn],[CreatedBy],[ModifiedOn],[ModifiedBy])
VALUES('07050600020002','OR07050600020002',0.00,0.00,'admin',2,'6/5/2007 8:24:43 PM', 0, 0,'','6/5/2007 8:24:53 PM','admin','6/5/2007 8:24:53 PM','admin')
INSERT INTO [OrderHdr] ([OrderHdrID],[OrderRefNo],[Discount],[ServiceCharge],[CashierID],[PointOfSaleID],[OrderDate],[IsSuspended],[IsVoided],[Remark],[CreatedOn],[CreatedBy],[ModifiedOn],[ModifiedBy])
VALUES('07050600020003','OR07050600020003',0.00,0.00,'admin',2,'6/5/2007 9:12:45 PM', 0, 0,'','6/5/2007 9:12:57 PM','admin','6/5/2007 9:12:57 PM','admin')
INSERT INTO [OrderHdr] ([OrderHdrID],[OrderRefNo],[Discount],[ServiceCharge],[CashierID],[PointOfSaleID],[OrderDate],[IsSuspended],[IsVoided],[Remark],[CreatedOn],[CreatedBy],[ModifiedOn],[ModifiedBy])
VALUES('07050600020004','OR07050600020004',5.00,5.00,'admin',2,'6/5/2007 9:17:08 PM', 0, 0,'','6/5/2007 9:17:36 PM','admin','6/5/2007 9:17:36 PM','admin')


PRINT 'Begin inserting data in Outlet'
INSERT INTO [Outlet] ([OutletName],[OutletAddress],[PhoneNo],[Remark],[CreatedOn],[CreatedBy],[ModifiedOn],[ModifiedBy])
VALUES('Hougang','Hougang Avenue 3','67121213','test PointOfSale','16/4/2007 6:19:48 AM','IMPACT-C491D6CC\Albert','23/4/2007 12:58:11 AM','IMPACT-C491D6CC\Albert')
INSERT INTO [Outlet] ([OutletName],[OutletAddress],[PhoneNo],[Remark],[CreatedOn],[CreatedBy],[ModifiedOn],[ModifiedBy])
VALUES('Serangoon','Serangoon Ave 4','1234567','11','4/4/2007 9:40:24 AM','YOUR-F7C39A7C38\jenniferleet','4/4/2007 9:40:24 AM','YOUR-F7C39A7C38\jenniferleet')
INSERT INTO [Outlet] ([OutletName],[OutletAddress],[PhoneNo],[Remark],[CreatedOn],[CreatedBy],[ModifiedOn],[ModifiedBy])
VALUES('Web','Web Module','','','','','','')


PRINT 'Begin inserting data in PaymentType'


PRINT 'Begin inserting data in Promotion'
INSERT INTO [Promotion] ([promotionID],[ItemNo],[PointOfSaleID],[DateFr],[DateTo],[Qty],[Price],[CreatedBy],[CreatedOn],[ModifiedBy],[ModifiedOn])
VALUES(1,'I00000000022',2,'1/4/2007 12:00:00 AM','5/5/2007 12:00:00 AM',3,10.0000,'IMPACT-C491D6CC\Albert','30/4/2007 9:19:58 PM','IMPACT-C491D6CC\Albert','30/4/2007 9:19:58 PM')


PRINT 'Begin inserting data in ReceiptDet'


PRINT 'Begin inserting data in ReceiptHdr'
INSERT INTO [ReceiptHdr] ([ReceiptHdrID],[ReceiptRefNo],[ReceiptDate],[CashierID],[PointOfSaleID],[OrderHdrID],[Amount],[Tax],[IsVoided],[CreatedOn],[CreatedBy],[ModifiedOn],[ModifiedBy])
VALUES('07041400030001','RCP07041400030001','14/4/2007 6:10:14 AM','cashier1',3,'07041400030001',13.3000,, 0,'14/4/2007 6:10:14 AM','cashier1','14/4/2007 6:10:14 AM','cashier1')
INSERT INTO [ReceiptHdr] ([ReceiptHdrID],[ReceiptRefNo],[ReceiptDate],[CashierID],[PointOfSaleID],[OrderHdrID],[Amount],[Tax],[IsVoided],[CreatedOn],[CreatedBy],[ModifiedOn],[ModifiedBy])
VALUES('07041400030002','RCP07041400030002','14/4/2007 6:10:26 AM','cashier1',3,'07041400030002',7.7000,, 0,'14/4/2007 6:10:26 AM','cashier1','14/4/2007 6:10:26 AM','cashier1')
INSERT INTO [ReceiptHdr] ([ReceiptHdrID],[ReceiptRefNo],[ReceiptDate],[CashierID],[PointOfSaleID],[OrderHdrID],[Amount],[Tax],[IsVoided],[CreatedOn],[CreatedBy],[ModifiedOn],[ModifiedBy])
VALUES('07041500030001','RCP07041500030001','15/4/2007 1:53:49 PM','cashier1',3,'07041500030001',4.0000,, 0,'15/4/2007 1:53:49 PM','cashier1','15/4/2007 1:53:49 PM','cashier1')
INSERT INTO [ReceiptHdr] ([ReceiptHdrID],[ReceiptRefNo],[ReceiptDate],[CashierID],[PointOfSaleID],[OrderHdrID],[Amount],[Tax],[IsVoided],[CreatedOn],[CreatedBy],[ModifiedOn],[ModifiedBy])
VALUES('07041500030002','RCP07041500030002','15/4/2007 2:48:37 PM','cashier1',3,'07041500030002',24.5000,, 0,'15/4/2007 2:48:37 PM','cashier1','15/4/2007 2:48:37 PM','cashier1')
INSERT INTO [ReceiptHdr] ([ReceiptHdrID],[ReceiptRefNo],[ReceiptDate],[CashierID],[PointOfSaleID],[OrderHdrID],[Amount],[Tax],[IsVoided],[CreatedOn],[CreatedBy],[ModifiedOn],[ModifiedBy])
VALUES('07041500030003','RCP07041500030003','15/4/2007 2:48:49 PM','cashier1',3,'07041500030003',2.7000,,1,'15/4/2007 2:48:49 PM','cashier1','15/4/2007 2:48:49 PM','cashier1')
INSERT INTO [ReceiptHdr] ([ReceiptHdrID],[ReceiptRefNo],[ReceiptDate],[CashierID],[PointOfSaleID],[OrderHdrID],[Amount],[Tax],[IsVoided],[CreatedOn],[CreatedBy],[ModifiedOn],[ModifiedBy])
VALUES('07041500030004','RCP07041500030004','15/4/2007 7:20:29 PM','cashier1',3,'07041500030004',1.2000,, 0,'15/4/2007 7:20:29 PM','cashier1','15/4/2007 7:20:29 PM','cashier1')
INSERT INTO [ReceiptHdr] ([ReceiptHdrID],[ReceiptRefNo],[ReceiptDate],[CashierID],[PointOfSaleID],[OrderHdrID],[Amount],[Tax],[IsVoided],[CreatedOn],[CreatedBy],[ModifiedOn],[ModifiedBy])
VALUES('07041500030005','RCP07041500030005','15/4/2007 7:30:36 PM','cashier1',3,'07041500030005',19.7500,, 0,'15/4/2007 7:30:36 PM','cashier1','15/4/2007 7:30:36 PM','cashier1')
INSERT INTO [ReceiptHdr] ([ReceiptHdrID],[ReceiptRefNo],[ReceiptDate],[CashierID],[PointOfSaleID],[OrderHdrID],[Amount],[Tax],[IsVoided],[CreatedOn],[CreatedBy],[ModifiedOn],[ModifiedBy])
VALUES('07041500030006','RCP07041500030006','15/4/2007 7:51:33 PM','cashier1',3,'07041500030006',45.5000,, 0,'15/4/2007 7:51:33 PM','cashier1','15/4/2007 7:51:33 PM','cashier1')
INSERT INTO [ReceiptHdr] ([ReceiptHdrID],[ReceiptRefNo],[ReceiptDate],[CashierID],[PointOfSaleID],[OrderHdrID],[Amount],[Tax],[IsVoided],[CreatedOn],[CreatedBy],[ModifiedOn],[ModifiedBy])
VALUES('07041500030007','RCP07041500030007','15/4/2007 8:19:20 PM','cashier1',3,'07041500030007',36.6000,,1,'15/4/2007 8:19:20 PM','cashier1','15/4/2007 8:19:20 PM','cashier1')
INSERT INTO [ReceiptHdr] ([ReceiptHdrID],[ReceiptRefNo],[ReceiptDate],[CashierID],[PointOfSaleID],[OrderHdrID],[Amount],[Tax],[IsVoided],[CreatedOn],[CreatedBy],[ModifiedOn],[ModifiedBy])
VALUES('07041500030008','RCP07041500030008','15/4/2007 9:42:14 PM','cashier2',3,'07041500030008',5.3500,, 0,'15/4/2007 9:42:14 PM','cashier2','15/4/2007 9:42:14 PM','cashier2')
INSERT INTO [ReceiptHdr] ([ReceiptHdrID],[ReceiptRefNo],[ReceiptDate],[CashierID],[PointOfSaleID],[OrderHdrID],[Amount],[Tax],[IsVoided],[CreatedOn],[CreatedBy],[ModifiedOn],[ModifiedBy])
VALUES('07041500030009','RCP07041500030009','15/4/2007 9:42:21 PM','cashier2',3,'07041500030009',4.2000,, 0,'15/4/2007 9:42:21 PM','cashier2','15/4/2007 9:42:21 PM','cashier2')
INSERT INTO [ReceiptHdr] ([ReceiptHdrID],[ReceiptRefNo],[ReceiptDate],[CashierID],[PointOfSaleID],[OrderHdrID],[Amount],[Tax],[IsVoided],[CreatedOn],[CreatedBy],[ModifiedOn],[ModifiedBy])
VALUES('07041500030010','RCP07041500030010','15/4/2007 9:44:36 PM','cashier2',3,'07041500030010',10.8500,, 0,'15/4/2007 9:44:36 PM','cashier2','15/4/2007 9:44:36 PM','cashier2')
INSERT INTO [ReceiptHdr] ([ReceiptHdrID],[ReceiptRefNo],[ReceiptDate],[CashierID],[PointOfSaleID],[OrderHdrID],[Amount],[Tax],[IsVoided],[CreatedOn],[CreatedBy],[ModifiedOn],[ModifiedBy])
VALUES('07041500030011','RCP07041500030011','15/4/2007 9:45:02 PM','cashier2',3,'07041500030011',20.5000,, 0,'15/4/2007 9:45:02 PM','cashier2','15/4/2007 9:45:02 PM','cashier2')
INSERT INTO [ReceiptHdr] ([ReceiptHdrID],[ReceiptRefNo],[ReceiptDate],[CashierID],[PointOfSaleID],[OrderHdrID],[Amount],[Tax],[IsVoided],[CreatedOn],[CreatedBy],[ModifiedOn],[ModifiedBy])
VALUES('07041500030012','RCP07041500030012','15/4/2007 9:45:13 PM','cashier2',3,'07041500030012',3.3000,, 0,'15/4/2007 9:45:13 PM','cashier2','15/4/2007 9:45:13 PM','cashier2')
INSERT INTO [ReceiptHdr] ([ReceiptHdrID],[ReceiptRefNo],[ReceiptDate],[CashierID],[PointOfSaleID],[OrderHdrID],[Amount],[Tax],[IsVoided],[CreatedOn],[CreatedBy],[ModifiedOn],[ModifiedBy])
VALUES('07041600020001','RCP07041600020001','16/4/2007 10:04:05 AM','cashier1',2,'07041600020001',44.1000,, 0,'16/4/2007 10:04:05 AM','cashier1','16/4/2007 10:04:05 AM','cashier1')
INSERT INTO [ReceiptHdr] ([ReceiptHdrID],[ReceiptRefNo],[ReceiptDate],[CashierID],[PointOfSaleID],[OrderHdrID],[Amount],[Tax],[IsVoided],[CreatedOn],[CreatedBy],[ModifiedOn],[ModifiedBy])
VALUES('07041600020002','RCP07041600020002','16/4/2007 10:05:06 AM','cashier1',2,'07041600020002',12.2000,,1,'16/4/2007 10:05:06 AM','cashier1','16/4/2007 10:05:06 AM','cashier1')
INSERT INTO [ReceiptHdr] ([ReceiptHdrID],[ReceiptRefNo],[ReceiptDate],[CashierID],[PointOfSaleID],[OrderHdrID],[Amount],[Tax],[IsVoided],[CreatedOn],[CreatedBy],[ModifiedOn],[ModifiedBy])
VALUES('07041600020003','RCP07041600020003','16/4/2007 10:05:15 AM','cashier1',2,'07041600020003',15.1000,, 0,'16/4/2007 10:05:15 AM','cashier1','16/4/2007 10:05:15 AM','cashier1')
INSERT INTO [ReceiptHdr] ([ReceiptHdrID],[ReceiptRefNo],[ReceiptDate],[CashierID],[PointOfSaleID],[OrderHdrID],[Amount],[Tax],[IsVoided],[CreatedOn],[CreatedBy],[ModifiedOn],[ModifiedBy])
VALUES('07041600020004','RCP07041600020004','16/4/2007 10:05:41 AM','cashier1',2,'07041600020004',17.4000,, 0,'16/4/2007 10:05:41 AM','cashier1','16/4/2007 10:05:41 AM','cashier1')
INSERT INTO [ReceiptHdr] ([ReceiptHdrID],[ReceiptRefNo],[ReceiptDate],[CashierID],[PointOfSaleID],[OrderHdrID],[Amount],[Tax],[IsVoided],[CreatedOn],[CreatedBy],[ModifiedOn],[ModifiedBy])
VALUES('07041600020005','RCP07041600020005','16/4/2007 10:43:14 AM','cashier1',2,'07041600020005',3.6000,, 0,'16/4/2007 10:43:14 AM','cashier1','16/4/2007 10:43:14 AM','cashier1')
INSERT INTO [ReceiptHdr] ([ReceiptHdrID],[ReceiptRefNo],[ReceiptDate],[CashierID],[PointOfSaleID],[OrderHdrID],[Amount],[Tax],[IsVoided],[CreatedOn],[CreatedBy],[ModifiedOn],[ModifiedBy])
VALUES('07041600020006','RCP07041600020006','16/4/2007 10:43:32 AM','cashier1',2,'07041600020006',11.3500,, 0,'16/4/2007 10:43:32 AM','cashier1','16/4/2007 10:43:32 AM','cashier1')
INSERT INTO [ReceiptHdr] ([ReceiptHdrID],[ReceiptRefNo],[ReceiptDate],[CashierID],[PointOfSaleID],[OrderHdrID],[Amount],[Tax],[IsVoided],[CreatedOn],[CreatedBy],[ModifiedOn],[ModifiedBy])
VALUES('07041600020007','RCP07041600020007','16/4/2007 10:43:41 AM','cashier1',2,'07041600020007',6.0000,, 0,'16/4/2007 10:43:41 AM','cashier1','16/4/2007 10:43:41 AM','cashier1')
INSERT INTO [ReceiptHdr] ([ReceiptHdrID],[ReceiptRefNo],[ReceiptDate],[CashierID],[PointOfSaleID],[OrderHdrID],[Amount],[Tax],[IsVoided],[CreatedOn],[CreatedBy],[ModifiedOn],[ModifiedBy])
VALUES('07041600020008','RCP07041600020008','16/4/2007 10:46:25 AM','cashier1',2,'07041600020008',3.6000,, 0,'16/4/2007 10:46:25 AM','cashier1','16/4/2007 10:46:25 AM','cashier1')
INSERT INTO [ReceiptHdr] ([ReceiptHdrID],[ReceiptRefNo],[ReceiptDate],[CashierID],[PointOfSaleID],[OrderHdrID],[Amount],[Tax],[IsVoided],[CreatedOn],[CreatedBy],[ModifiedOn],[ModifiedBy])
VALUES('07041600020009','RCP07041600020009','16/4/2007 10:46:37 AM','cashier1',2,'07041600020009',10.0000,, 0,'16/4/2007 10:46:37 AM','cashier1','16/4/2007 10:46:37 AM','cashier1')
INSERT INTO [ReceiptHdr] ([ReceiptHdrID],[ReceiptRefNo],[ReceiptDate],[CashierID],[PointOfSaleID],[OrderHdrID],[Amount],[Tax],[IsVoided],[CreatedOn],[CreatedBy],[ModifiedOn],[ModifiedBy])
VALUES('07041600020010','RCP07041600020010','16/4/2007 10:46:44 AM','cashier1',2,'07041600020010',3.6000,, 0,'16/4/2007 10:46:44 AM','cashier1','16/4/2007 1:30:45 PM','cashier1')
INSERT INTO [ReceiptHdr] ([ReceiptHdrID],[ReceiptRefNo],[ReceiptDate],[CashierID],[PointOfSaleID],[OrderHdrID],[Amount],[Tax],[IsVoided],[CreatedOn],[CreatedBy],[ModifiedOn],[ModifiedBy])
VALUES('07041600020011','RCP07041600020011','16/4/2007 2:00:54 PM','cashier1',2,'07041600020011',0.9000,, 0,'16/4/2007 2:00:54 PM','cashier1','16/4/2007 2:00:54 PM','cashier1')
INSERT INTO [ReceiptHdr] ([ReceiptHdrID],[ReceiptRefNo],[ReceiptDate],[CashierID],[PointOfSaleID],[OrderHdrID],[Amount],[Tax],[IsVoided],[CreatedOn],[CreatedBy],[ModifiedOn],[ModifiedBy])
VALUES('07041600020012','RCP07041600020012','16/4/2007 3:24:05 PM','cashier1',2,'07041600020012',3.6000,, 0,'16/4/2007 3:24:05 PM','cashier1','16/4/2007 3:24:05 PM','cashier1')
INSERT INTO [ReceiptHdr] ([ReceiptHdrID],[ReceiptRefNo],[ReceiptDate],[CashierID],[PointOfSaleID],[OrderHdrID],[Amount],[Tax],[IsVoided],[CreatedOn],[CreatedBy],[ModifiedOn],[ModifiedBy])
VALUES('07041700020001','RCP07041700020001','17/4/2007 4:56:31 AM','cashier1',2,'07041700020001',3.5000,, 0,'17/4/2007 4:56:31 AM','cashier1','17/4/2007 4:56:31 AM','cashier1')
INSERT INTO [ReceiptHdr] ([ReceiptHdrID],[ReceiptRefNo],[ReceiptDate],[CashierID],[PointOfSaleID],[OrderHdrID],[Amount],[Tax],[IsVoided],[CreatedOn],[CreatedBy],[ModifiedOn],[ModifiedBy])
VALUES('07041700020002','RCP07041700020002','17/4/2007 5:54:33 AM','cashier1',2,'07041700020002',9.1000,, 0,'17/4/2007 5:54:33 AM','cashier1','17/4/2007 5:54:33 AM','cashier1')
INSERT INTO [ReceiptHdr] ([ReceiptHdrID],[ReceiptRefNo],[ReceiptDate],[CashierID],[PointOfSaleID],[OrderHdrID],[Amount],[Tax],[IsVoided],[CreatedOn],[CreatedBy],[ModifiedOn],[ModifiedBy])
VALUES('07041700020003','RCP07041700020003','17/4/2007 6:13:37 AM','cashier1',2,'07041700020003',7.7000,, 0,'17/4/2007 6:13:37 AM','cashier1','17/4/2007 6:13:37 AM','cashier1')
INSERT INTO [ReceiptHdr] ([ReceiptHdrID],[ReceiptRefNo],[ReceiptDate],[CashierID],[PointOfSaleID],[OrderHdrID],[Amount],[Tax],[IsVoided],[CreatedOn],[CreatedBy],[ModifiedOn],[ModifiedBy])
VALUES('07041700020004','RCP07041700020004','17/4/2007 2:25:07 PM','cashier1',2,'07041700020004',12.9000,, 0,'17/4/2007 2:25:07 PM','cashier1','17/4/2007 2:25:07 PM','cashier1')
INSERT INTO [ReceiptHdr] ([ReceiptHdrID],[ReceiptRefNo],[ReceiptDate],[CashierID],[PointOfSaleID],[OrderHdrID],[Amount],[Tax],[IsVoided],[CreatedOn],[CreatedBy],[ModifiedOn],[ModifiedBy])
VALUES('07041700020005','RCP07041700020005','17/4/2007 2:31:33 PM','cashier2',2,'07041700020005',3.5000,, 0,'17/4/2007 2:31:33 PM','cashier2','17/4/2007 2:31:33 PM','cashier2')
INSERT INTO [ReceiptHdr] ([ReceiptHdrID],[ReceiptRefNo],[ReceiptDate],[CashierID],[PointOfSaleID],[OrderHdrID],[Amount],[Tax],[IsVoided],[CreatedOn],[CreatedBy],[ModifiedOn],[ModifiedBy])
VALUES('07041700020006','RCP07041700020006','17/4/2007 3:11:58 PM','cashier1',2,'07041700020006',4.8000,, 0,'17/4/2007 3:11:58 PM','cashier1','17/4/2007 3:11:58 PM','cashier1')
INSERT INTO [ReceiptHdr] ([ReceiptHdrID],[ReceiptRefNo],[ReceiptDate],[CashierID],[PointOfSaleID],[OrderHdrID],[Amount],[Tax],[IsVoided],[CreatedOn],[CreatedBy],[ModifiedOn],[ModifiedBy])
VALUES('07041700020007','RCP07041700020007','17/4/2007 3:28:24 PM','cashier1',2,'07041700020007',1.5000,, 0,'17/4/2007 3:28:24 PM','cashier1','17/4/2007 3:28:24 PM','cashier1')
INSERT INTO [ReceiptHdr] ([ReceiptHdrID],[ReceiptRefNo],[ReceiptDate],[CashierID],[PointOfSaleID],[OrderHdrID],[Amount],[Tax],[IsVoided],[CreatedOn],[CreatedBy],[ModifiedOn],[ModifiedBy])
VALUES('07041700020008','RCP07041700020008','17/4/2007 3:29:16 PM','cashier1',2,'07041700020008',1.2000,, 0,'17/4/2007 3:29:16 PM','cashier1','17/4/2007 3:29:16 PM','cashier1')
INSERT INTO [ReceiptHdr] ([ReceiptHdrID],[ReceiptRefNo],[ReceiptDate],[CashierID],[PointOfSaleID],[OrderHdrID],[Amount],[Tax],[IsVoided],[CreatedOn],[CreatedBy],[ModifiedOn],[ModifiedBy])
VALUES('07041700020009','RCP07041700020009','17/4/2007 3:29:36 PM','cashier1',2,'07041700020009',4.5000,, 0,'17/4/2007 3:29:36 PM','cashier1','17/4/2007 3:29:36 PM','cashier1')
INSERT INTO [ReceiptHdr] ([ReceiptHdrID],[ReceiptRefNo],[ReceiptDate],[CashierID],[PointOfSaleID],[OrderHdrID],[Amount],[Tax],[IsVoided],[CreatedOn],[CreatedBy],[ModifiedOn],[ModifiedBy])
VALUES('07041700020010','RCP07041700020010','17/4/2007 3:29:58 PM','cashier1',2,'07041700020010',3.5000,, 0,'17/4/2007 3:29:58 PM','cashier1','17/4/2007 3:29:58 PM','cashier1')
INSERT INTO [ReceiptHdr] ([ReceiptHdrID],[ReceiptRefNo],[ReceiptDate],[CashierID],[PointOfSaleID],[OrderHdrID],[Amount],[Tax],[IsVoided],[CreatedOn],[CreatedBy],[ModifiedOn],[ModifiedBy])
VALUES('07041700020011','RCP07041700020011','17/4/2007 4:32:05 PM','cashier1',2,'07041700020011',9.5500,, 0,'17/4/2007 4:32:05 PM','cashier1','17/4/2007 4:32:05 PM','cashier1')
INSERT INTO [ReceiptHdr] ([ReceiptHdrID],[ReceiptRefNo],[ReceiptDate],[CashierID],[PointOfSaleID],[OrderHdrID],[Amount],[Tax],[IsVoided],[CreatedOn],[CreatedBy],[ModifiedOn],[ModifiedBy])
VALUES('07041700020012','RCP07041700020012','17/4/2007 4:32:32 PM','cashier1',2,'07041700020012',13.5000,, 0,'17/4/2007 4:32:32 PM','cashier1','17/4/2007 4:32:32 PM','cashier1')
INSERT INTO [ReceiptHdr] ([ReceiptHdrID],[ReceiptRefNo],[ReceiptDate],[CashierID],[PointOfSaleID],[OrderHdrID],[Amount],[Tax],[IsVoided],[CreatedOn],[CreatedBy],[ModifiedOn],[ModifiedBy])
VALUES('07041700020013','RCP07041700020013','17/4/2007 4:36:19 PM','cashier1',2,'07041700020013',2.5000,, 0,'17/4/2007 4:36:19 PM','cashier1','17/4/2007 4:36:19 PM','cashier1')
INSERT INTO [ReceiptHdr] ([ReceiptHdrID],[ReceiptRefNo],[ReceiptDate],[CashierID],[PointOfSaleID],[OrderHdrID],[Amount],[Tax],[IsVoided],[CreatedOn],[CreatedBy],[ModifiedOn],[ModifiedBy])
VALUES('07041700020014','RCP07041700020014','17/4/2007 4:36:46 PM','cashier1',2,'07041700020014',6.0500,, 0,'17/4/2007 4:36:46 PM','cashier1','17/4/2007 4:36:46 PM','cashier1')
INSERT INTO [ReceiptHdr] ([ReceiptHdrID],[ReceiptRefNo],[ReceiptDate],[CashierID],[PointOfSaleID],[OrderHdrID],[Amount],[Tax],[IsVoided],[CreatedOn],[CreatedBy],[ModifiedOn],[ModifiedBy])
VALUES('07041700020015','RCP07041700020015','17/4/2007 4:37:51 PM','cashier1',2,'07041700020015',8.5000,, 0,'17/4/2007 4:37:51 PM','cashier1','17/4/2007 4:37:51 PM','cashier1')
INSERT INTO [ReceiptHdr] ([ReceiptHdrID],[ReceiptRefNo],[ReceiptDate],[CashierID],[PointOfSaleID],[OrderHdrID],[Amount],[Tax],[IsVoided],[CreatedOn],[CreatedBy],[ModifiedOn],[ModifiedBy])
VALUES('07041700020016','RCP07041700020016','17/4/2007 4:38:59 PM','cashier1',2,'07041700020016',4.5000,, 0,'17/4/2007 4:38:59 PM','cashier1','17/4/2007 4:38:59 PM','cashier1')
INSERT INTO [ReceiptHdr] ([ReceiptHdrID],[ReceiptRefNo],[ReceiptDate],[CashierID],[PointOfSaleID],[OrderHdrID],[Amount],[Tax],[IsVoided],[CreatedOn],[CreatedBy],[ModifiedOn],[ModifiedBy])
VALUES('07041700020017','RCP07041700020017','17/4/2007 4:53:54 PM','cashier1',2,'07041700020017',11.0000,, 0,'17/4/2007 4:53:54 PM','cashier1','17/4/2007 4:53:54 PM','cashier1')
INSERT INTO [ReceiptHdr] ([ReceiptHdrID],[ReceiptRefNo],[ReceiptDate],[CashierID],[PointOfSaleID],[OrderHdrID],[Amount],[Tax],[IsVoided],[CreatedOn],[CreatedBy],[ModifiedOn],[ModifiedBy])
VALUES('07042000020001','RCP07042000020001','20/4/2007 12:32:07 AM','cashier1',2,'07042000020001',0.9000,, 0,'20/4/2007 12:32:07 AM','cashier1','20/4/2007 12:32:07 AM','cashier1')
INSERT INTO [ReceiptHdr] ([ReceiptHdrID],[ReceiptRefNo],[ReceiptDate],[CashierID],[PointOfSaleID],[OrderHdrID],[Amount],[Tax],[IsVoided],[CreatedOn],[CreatedBy],[ModifiedOn],[ModifiedBy])
VALUES('07042000020002','RCP07042000020002','20/4/2007 10:08:17 AM','cashier1',2,'07042000020002',31.1500,, 0,'20/4/2007 10:08:17 AM','cashier1','20/4/2007 10:08:17 AM','cashier1')
INSERT INTO [ReceiptHdr] ([ReceiptHdrID],[ReceiptRefNo],[ReceiptDate],[CashierID],[PointOfSaleID],[OrderHdrID],[Amount],[Tax],[IsVoided],[CreatedOn],[CreatedBy],[ModifiedOn],[ModifiedBy])
VALUES('07042100020001','RCP07042100020001','21/4/2007 12:09:50 PM','cashier1',2,'07042100020001',87.9000,, 0,'21/4/2007 12:09:50 PM','cashier1','21/4/2007 12:09:50 PM','cashier1')
INSERT INTO [ReceiptHdr] ([ReceiptHdrID],[ReceiptRefNo],[ReceiptDate],[CashierID],[PointOfSaleID],[OrderHdrID],[Amount],[Tax],[IsVoided],[CreatedOn],[CreatedBy],[ModifiedOn],[ModifiedBy])
VALUES('07042100020002','RCP07042100020002','21/4/2007 3:28:30 PM','cashier1',2,'07042100020002',5.2000,, 0,'21/4/2007 3:28:30 PM','cashier1','21/4/2007 3:28:30 PM','cashier1')
INSERT INTO [ReceiptHdr] ([ReceiptHdrID],[ReceiptRefNo],[ReceiptDate],[CashierID],[PointOfSaleID],[OrderHdrID],[Amount],[Tax],[IsVoided],[CreatedOn],[CreatedBy],[ModifiedOn],[ModifiedBy])
VALUES('07042100020003','RCP07042100020003','21/4/2007 3:49:53 PM','cashier1',2,'07042100020003',9.0000,, 0,'21/4/2007 3:49:53 PM','cashier1','21/4/2007 3:49:53 PM','cashier1')
INSERT INTO [ReceiptHdr] ([ReceiptHdrID],[ReceiptRefNo],[ReceiptDate],[CashierID],[PointOfSaleID],[OrderHdrID],[Amount],[Tax],[IsVoided],[CreatedOn],[CreatedBy],[ModifiedOn],[ModifiedBy])
VALUES('07042200020001','RCP07042200020001','22/4/2007 9:06:41 PM','cashier1',2,'07042200020001',2.8000,, 0,'22/4/2007 9:06:41 PM','cashier1','22/4/2007 9:06:41 PM','cashier1')
INSERT INTO [ReceiptHdr] ([ReceiptHdrID],[ReceiptRefNo],[ReceiptDate],[CashierID],[PointOfSaleID],[OrderHdrID],[Amount],[Tax],[IsVoided],[CreatedOn],[CreatedBy],[ModifiedOn],[ModifiedBy])
VALUES('07042200020002','RCP07042200020002','22/4/2007 9:06:59 PM','cashier1',2,'07042200020002',2.1000,, 0,'22/4/2007 9:06:59 PM','cashier1','22/4/2007 9:06:59 PM','cashier1')
INSERT INTO [ReceiptHdr] ([ReceiptHdrID],[ReceiptRefNo],[ReceiptDate],[CashierID],[PointOfSaleID],[OrderHdrID],[Amount],[Tax],[IsVoided],[CreatedOn],[CreatedBy],[ModifiedOn],[ModifiedBy])
VALUES('07042300020001','RCP07042300020001','23/4/2007 5:08:49 PM','cashier1',2,'07042300020001',11.1500,, 0,'23/4/2007 5:08:49 PM','cashier1','23/4/2007 5:08:49 PM','cashier1')
INSERT INTO [ReceiptHdr] ([ReceiptHdrID],[ReceiptRefNo],[ReceiptDate],[CashierID],[PointOfSaleID],[OrderHdrID],[Amount],[Tax],[IsVoided],[CreatedOn],[CreatedBy],[ModifiedOn],[ModifiedBy])
VALUES('07042300020002','RCP07042300020002','23/4/2007 5:09:53 PM','cashier1',2,'07042300020002',7.1000,, 0,'23/4/2007 5:09:53 PM','cashier1','23/4/2007 5:09:53 PM','cashier1')
INSERT INTO [ReceiptHdr] ([ReceiptHdrID],[ReceiptRefNo],[ReceiptDate],[CashierID],[PointOfSaleID],[OrderHdrID],[Amount],[Tax],[IsVoided],[CreatedOn],[CreatedBy],[ModifiedOn],[ModifiedBy])
VALUES('07042400030001','RCP07042400030001','24/4/2007 4:22:27 PM','cashier1',3,'07042400030001',7.5000,, 0,'24/4/2007 4:22:27 PM','cashier1','24/4/2007 4:22:27 PM','cashier1')
INSERT INTO [ReceiptHdr] ([ReceiptHdrID],[ReceiptRefNo],[ReceiptDate],[CashierID],[PointOfSaleID],[OrderHdrID],[Amount],[Tax],[IsVoided],[CreatedOn],[CreatedBy],[ModifiedOn],[ModifiedBy])
VALUES('07042400030002','RCP07042400030002','24/4/2007 4:24:52 PM','cashier1',3,'07042400030002',9.5500,, 0,'24/4/2007 4:24:52 PM','cashier1','24/4/2007 4:24:52 PM','cashier1')
INSERT INTO [ReceiptHdr] ([ReceiptHdrID],[ReceiptRefNo],[ReceiptDate],[CashierID],[PointOfSaleID],[OrderHdrID],[Amount],[Tax],[IsVoided],[CreatedOn],[CreatedBy],[ModifiedOn],[ModifiedBy])
VALUES('07042500030001','RCP07042500030001','25/4/2007 7:34:39 PM','cashier1',3,'07042500030001',4.0000,, 0,'25/4/2007 7:34:39 PM','cashier1','25/4/2007 7:34:39 PM','cashier1')
INSERT INTO [ReceiptHdr] ([ReceiptHdrID],[ReceiptRefNo],[ReceiptDate],[CashierID],[PointOfSaleID],[OrderHdrID],[Amount],[Tax],[IsVoided],[CreatedOn],[CreatedBy],[ModifiedOn],[ModifiedBy])
VALUES('07042500030002','RCP07042500030002','25/4/2007 9:01:15 PM','cashier1',3,'07042500030002',2.3000,, 0,'25/4/2007 9:01:15 PM','cashier1','25/4/2007 9:01:15 PM','cashier1')
INSERT INTO [ReceiptHdr] ([ReceiptHdrID],[ReceiptRefNo],[ReceiptDate],[CashierID],[PointOfSaleID],[OrderHdrID],[Amount],[Tax],[IsVoided],[CreatedOn],[CreatedBy],[ModifiedOn],[ModifiedBy])
VALUES('07042700040001','RCP07042700040001','27/4/2007 4:05:46 PM','cashier1',4,'07042700040001',6.0000,, 0,'27/4/2007 4:05:46 PM','cashier1','27/4/2007 4:05:46 PM','cashier1')
INSERT INTO [ReceiptHdr] ([ReceiptHdrID],[ReceiptRefNo],[ReceiptDate],[CashierID],[PointOfSaleID],[OrderHdrID],[Amount],[Tax],[IsVoided],[CreatedOn],[CreatedBy],[ModifiedOn],[ModifiedBy])
VALUES('07042700040002','RCP07042700040002','27/4/2007 4:06:00 PM','cashier1',4,'07042700040002',20.0000,, 0,'27/4/2007 4:06:00 PM','cashier1','27/4/2007 4:28:55 PM','cashier1')
INSERT INTO [ReceiptHdr] ([ReceiptHdrID],[ReceiptRefNo],[ReceiptDate],[CashierID],[PointOfSaleID],[OrderHdrID],[Amount],[Tax],[IsVoided],[CreatedOn],[CreatedBy],[ModifiedOn],[ModifiedBy])
VALUES('07042700040003','RCP07042700040003','27/4/2007 4:06:12 PM','cashier1',4,'07042700040003',9.5000,, 0,'27/4/2007 4:06:12 PM','cashier1','27/4/2007 4:30:05 PM','cashier1')
INSERT INTO [ReceiptHdr] ([ReceiptHdrID],[ReceiptRefNo],[ReceiptDate],[CashierID],[PointOfSaleID],[OrderHdrID],[Amount],[Tax],[IsVoided],[CreatedOn],[CreatedBy],[ModifiedOn],[ModifiedBy])
VALUES('07042700040004','RCP07042700040004','27/4/2007 4:06:24 PM','cashier1',4,'07042700040004',1.2000,, 0,'27/4/2007 4:06:24 PM','cashier1','27/4/2007 4:06:24 PM','cashier1')
INSERT INTO [ReceiptHdr] ([ReceiptHdrID],[ReceiptRefNo],[ReceiptDate],[CashierID],[PointOfSaleID],[OrderHdrID],[Amount],[Tax],[IsVoided],[CreatedOn],[CreatedBy],[ModifiedOn],[ModifiedBy])
VALUES('07042700040005','RCP07042700040005','27/4/2007 4:06:36 PM','cashier1',4,'07042700040005',3.6000,, 0,'27/4/2007 4:06:36 PM','cashier1','27/4/2007 4:06:36 PM','cashier1')
INSERT INTO [ReceiptHdr] ([ReceiptHdrID],[ReceiptRefNo],[ReceiptDate],[CashierID],[PointOfSaleID],[OrderHdrID],[Amount],[Tax],[IsVoided],[CreatedOn],[CreatedBy],[ModifiedOn],[ModifiedBy])
VALUES('07042700040006','RCP07042700040006','27/4/2007 4:20:17 PM','cashier1',4,'07042700040006',10.5000,, 0,'27/4/2007 4:20:17 PM','cashier1','27/4/2007 4:20:17 PM','cashier1')
INSERT INTO [ReceiptHdr] ([ReceiptHdrID],[ReceiptRefNo],[ReceiptDate],[CashierID],[PointOfSaleID],[OrderHdrID],[Amount],[Tax],[IsVoided],[CreatedOn],[CreatedBy],[ModifiedOn],[ModifiedBy])
VALUES('07042700040007','RCP07042700040007','27/4/2007 4:21:11 PM','cashier1',4,'07042700040007',1.5000,, 0,'27/4/2007 4:21:11 PM','cashier1','27/4/2007 4:21:11 PM','cashier1')
INSERT INTO [ReceiptHdr] ([ReceiptHdrID],[ReceiptRefNo],[ReceiptDate],[CashierID],[PointOfSaleID],[OrderHdrID],[Amount],[Tax],[IsVoided],[CreatedOn],[CreatedBy],[ModifiedOn],[ModifiedBy])
VALUES('07042700040008','RCP07042700040008','27/4/2007 4:21:49 PM','cashier1',4,'07042700040008',5.9000,, 0,'27/4/2007 4:21:49 PM','cashier1','27/4/2007 4:21:49 PM','cashier1')
INSERT INTO [ReceiptHdr] ([ReceiptHdrID],[ReceiptRefNo],[ReceiptDate],[CashierID],[PointOfSaleID],[OrderHdrID],[Amount],[Tax],[IsVoided],[CreatedOn],[CreatedBy],[ModifiedOn],[ModifiedBy])
VALUES('07042700040009','RCP07042700040009','27/4/2007 4:22:34 PM','cashier1',4,'07042700040009',0.0000,, 0,'27/4/2007 4:22:34 PM','cashier1','27/4/2007 4:22:34 PM','cashier1')
INSERT INTO [ReceiptHdr] ([ReceiptHdrID],[ReceiptRefNo],[ReceiptDate],[CashierID],[PointOfSaleID],[OrderHdrID],[Amount],[Tax],[IsVoided],[CreatedOn],[CreatedBy],[ModifiedOn],[ModifiedBy])
VALUES('07042700040010','RCP07042700040010','27/4/2007 4:26:09 PM','cashier1',4,'07042700040010',4.2000,, 0,'27/4/2007 4:26:09 PM','cashier1','27/4/2007 4:27:12 PM','cashier1')
INSERT INTO [ReceiptHdr] ([ReceiptHdrID],[ReceiptRefNo],[ReceiptDate],[CashierID],[PointOfSaleID],[OrderHdrID],[Amount],[Tax],[IsVoided],[CreatedOn],[CreatedBy],[ModifiedOn],[ModifiedBy])
VALUES('07043000020001','RCP07043000020001','30/4/2007 2:25:52 PM','cashier1',2,'07043000020001',3.0000,, 0,'30/4/2007 2:25:52 PM','cashier1','30/4/2007 2:25:52 PM','cashier1')
INSERT INTO [ReceiptHdr] ([ReceiptHdrID],[ReceiptRefNo],[ReceiptDate],[CashierID],[PointOfSaleID],[OrderHdrID],[Amount],[Tax],[IsVoided],[CreatedOn],[CreatedBy],[ModifiedOn],[ModifiedBy])
VALUES('07043000020002','RCP07043000020002','30/4/2007 2:26:13 PM','cashier1',2,'07043000020002',4.8000,, 0,'30/4/2007 2:26:13 PM','cashier1','30/4/2007 2:26:13 PM','cashier1')
INSERT INTO [ReceiptHdr] ([ReceiptHdrID],[ReceiptRefNo],[ReceiptDate],[CashierID],[PointOfSaleID],[OrderHdrID],[Amount],[Tax],[IsVoided],[CreatedOn],[CreatedBy],[ModifiedOn],[ModifiedBy])
VALUES('07043000020003','RCP07043000020003','30/4/2007 3:48:54 PM','cashier1',2,'07043000020003',10.6000,, 0,'30/4/2007 3:48:54 PM','cashier1','30/4/2007 3:48:54 PM','cashier1')
INSERT INTO [ReceiptHdr] ([ReceiptHdrID],[ReceiptRefNo],[ReceiptDate],[CashierID],[PointOfSaleID],[OrderHdrID],[Amount],[Tax],[IsVoided],[CreatedOn],[CreatedBy],[ModifiedOn],[ModifiedBy])
VALUES('07043000020004','RCP07043000020004','30/4/2007 4:36:28 PM','cashier1',2,'07043000020004',0.9000,, 0,'30/4/2007 4:36:28 PM','cashier1','30/4/2007 4:36:28 PM','cashier1')
INSERT INTO [ReceiptHdr] ([ReceiptHdrID],[ReceiptRefNo],[ReceiptDate],[CashierID],[PointOfSaleID],[OrderHdrID],[Amount],[Tax],[IsVoided],[CreatedOn],[CreatedBy],[ModifiedOn],[ModifiedBy])
VALUES('07043000040001','RCP07043000040001','30/4/2007 12:06:41 AM','cashier1',4,'07043000040001',4.2000,, 0,'30/4/2007 12:06:41 AM','cashier1','30/4/2007 12:07:12 AM','cashier1')
INSERT INTO [ReceiptHdr] ([ReceiptHdrID],[ReceiptRefNo],[ReceiptDate],[CashierID],[PointOfSaleID],[OrderHdrID],[Amount],[Tax],[IsVoided],[CreatedOn],[CreatedBy],[ModifiedOn],[ModifiedBy])
VALUES('07050100020001','RCP07050100020001','1/5/2007 11:02:30 AM','cashier1',2,'07050100020001',191.0000,, 0,'1/5/2007 11:02:30 AM','cashier1','1/5/2007 11:02:30 AM','cashier1')
INSERT INTO [ReceiptHdr] ([ReceiptHdrID],[ReceiptRefNo],[ReceiptDate],[CashierID],[PointOfSaleID],[OrderHdrID],[Amount],[Tax],[IsVoided],[CreatedOn],[CreatedBy],[ModifiedOn],[ModifiedBy])
VALUES('07050100020002','RCP07050100020002','1/5/2007 11:06:12 AM','cashier1',2,'07050100020002',477.5000,, 0,'1/5/2007 11:06:12 AM','cashier1','1/5/2007 11:06:12 AM','cashier1')
INSERT INTO [ReceiptHdr] ([ReceiptHdrID],[ReceiptRefNo],[ReceiptDate],[CashierID],[PointOfSaleID],[OrderHdrID],[Amount],[Tax],[IsVoided],[CreatedOn],[CreatedBy],[ModifiedOn],[ModifiedBy])
VALUES('07050100020003','RCP07050100020003','1/5/2007 11:07:16 AM','cashier1',2,'07050100020003',25000.0000,, 0,'1/5/2007 11:07:16 AM','cashier1','1/5/2007 11:07:16 AM','cashier1')
INSERT INTO [ReceiptHdr] ([ReceiptHdrID],[ReceiptRefNo],[ReceiptDate],[CashierID],[PointOfSaleID],[OrderHdrID],[Amount],[Tax],[IsVoided],[CreatedOn],[CreatedBy],[ModifiedOn],[ModifiedBy])
VALUES('07050100020004','RCP07050100020004','1/5/2007 11:08:29 AM','cashier1',2,'07050100020004',125.0000,, 0,'1/5/2007 11:08:29 AM','cashier1','1/5/2007 11:08:29 AM','cashier1')
INSERT INTO [ReceiptHdr] ([ReceiptHdrID],[ReceiptRefNo],[ReceiptDate],[CashierID],[PointOfSaleID],[OrderHdrID],[Amount],[Tax],[IsVoided],[CreatedOn],[CreatedBy],[ModifiedOn],[ModifiedBy])
VALUES('07050400020001','RCP07050400020001','4/5/2007 12:36:35 PM','cashier1',2,'07050400020001',20.7000,, 0,'4/5/2007 12:36:35 PM','cashier1','4/5/2007 1:32:13 PM','supervisor1')
INSERT INTO [ReceiptHdr] ([ReceiptHdrID],[ReceiptRefNo],[ReceiptDate],[CashierID],[PointOfSaleID],[OrderHdrID],[Amount],[Tax],[IsVoided],[CreatedOn],[CreatedBy],[ModifiedOn],[ModifiedBy])
VALUES('07050400020002','RCP07050400020002','4/5/2007 1:02:16 PM','cashier1',2,'07050400020002',10.9500,, 0,'4/5/2007 1:02:16 PM','cashier1','4/5/2007 1:30:36 PM','cashier1')
INSERT INTO [ReceiptHdr] ([ReceiptHdrID],[ReceiptRefNo],[ReceiptDate],[CashierID],[PointOfSaleID],[OrderHdrID],[Amount],[Tax],[IsVoided],[CreatedOn],[CreatedBy],[ModifiedOn],[ModifiedBy])
VALUES('07050400020003','RCP07050400020003','4/5/2007 5:33:35 PM','cashier1',2,'07050400020003',189.0000,, 0,'4/5/2007 5:33:35 PM','cashier1','4/5/2007 5:33:35 PM','cashier1')
INSERT INTO [ReceiptHdr] ([ReceiptHdrID],[ReceiptRefNo],[ReceiptDate],[CashierID],[PointOfSaleID],[OrderHdrID],[Amount],[Tax],[IsVoided],[CreatedOn],[CreatedBy],[ModifiedOn],[ModifiedBy])
VALUES('07050400020004','RCP07050400020004','4/5/2007 11:41:55 PM','admin',2,'07050400020004',14.8000,, 0,'4/5/2007 11:41:55 PM','admin','4/5/2007 11:41:55 PM','admin')
INSERT INTO [ReceiptHdr] ([ReceiptHdrID],[ReceiptRefNo],[ReceiptDate],[CashierID],[PointOfSaleID],[OrderHdrID],[Amount],[Tax],[IsVoided],[CreatedOn],[CreatedBy],[ModifiedOn],[ModifiedBy])
VALUES('07050500020001','RCP07050500020001','5/5/2007 11:51:45 AM','admin',2,'07050500020001',14.7000,, 0,'5/5/2007 11:51:45 AM','admin','5/5/2007 11:51:45 AM','admin')
INSERT INTO [ReceiptHdr] ([ReceiptHdrID],[ReceiptRefNo],[ReceiptDate],[CashierID],[PointOfSaleID],[OrderHdrID],[Amount],[Tax],[IsVoided],[CreatedOn],[CreatedBy],[ModifiedOn],[ModifiedBy])
VALUES('07050600020001','RCP07050600020001','6/5/2007 6:27:28 PM','admin',2,'07050600020001',8.4000,, 0,'6/5/2007 6:27:28 PM','admin','6/5/2007 6:27:28 PM','admin')
INSERT INTO [ReceiptHdr] ([ReceiptHdrID],[ReceiptRefNo],[ReceiptDate],[CashierID],[PointOfSaleID],[OrderHdrID],[Amount],[Tax],[IsVoided],[CreatedOn],[CreatedBy],[ModifiedOn],[ModifiedBy])
VALUES('07050600020002','RCP07050600020002','6/5/2007 8:24:53 PM','admin',2,'07050600020002',31.5000,, 0,'6/5/2007 8:24:53 PM','admin','6/5/2007 8:24:53 PM','admin')
INSERT INTO [ReceiptHdr] ([ReceiptHdrID],[ReceiptRefNo],[ReceiptDate],[CashierID],[PointOfSaleID],[OrderHdrID],[Amount],[Tax],[IsVoided],[CreatedOn],[CreatedBy],[ModifiedOn],[ModifiedBy])
VALUES('07050600020003','RCP07050600020003','6/5/2007 9:12:57 PM','admin',2,'07050600020003',0.4000,, 0,'6/5/2007 9:12:57 PM','admin','6/5/2007 9:12:57 PM','admin')
INSERT INTO [ReceiptHdr] ([ReceiptHdrID],[ReceiptRefNo],[ReceiptDate],[CashierID],[PointOfSaleID],[OrderHdrID],[Amount],[Tax],[IsVoided],[CreatedOn],[CreatedBy],[ModifiedOn],[ModifiedBy])
VALUES('07050600020004','RCP07050600020004','6/5/2007 9:17:36 PM','admin',2,'07050600020004',16.5500,, 0,'6/5/2007 9:17:36 PM','admin','6/5/2007 9:17:36 PM','admin')


SET IDENTITY_INSERT [PointOfSale] ON 
PRINT 'Begin inserting data in PointOfSale'
INSERT INTO [PointOfSale] ([PointOfSaleID],[PointOfSaleName],[PointOfSaleDescription],[OutletName],[PhoneNo],[CreatedOn],[CreatedBy],[ModifiedOn],[ModifiedBy])
VALUES(1,'Web','Web Module','Web','','','','','')
INSERT INTO [PointOfSale] ([PointOfSaleID],[PointOfSaleName],[PointOfSaleDescription],[OutletName],[PhoneNo],[CreatedOn],[CreatedBy],[ModifiedOn],[ModifiedBy])
VALUES(2,'Muthu PointOfSale','Sell Drink','Serangoon','321221','4/4/2007 9:52:16 AM','YOUR-F7C39A7C38\jenniferleet','4/4/2007 9:52:16 AM','YOUR-F7C39A7C38\jenniferleet')
INSERT INTO [PointOfSale] ([PointOfSaleID],[PointOfSaleName],[PointOfSaleDescription],[OutletName],[PhoneNo],[CreatedOn],[CreatedBy],[ModifiedOn],[ModifiedBy])
VALUES(3,'Moshi Moshi','Sell Japanese food','Serangoon','','12/4/2007 5:03:43 AM','IMPACT-C491D6CC\Albert','12/4/2007 5:04:06 AM','IMPACT-C491D6CC\Albert')
INSERT INTO [PointOfSale] ([PointOfSaleID],[PointOfSaleName],[PointOfSaleDescription],[OutletName],[PhoneNo],[CreatedOn],[CreatedBy],[ModifiedOn],[ModifiedBy])
VALUES(4,'FoodCourt','Sell Rice','Hougang','','16/4/2007 10:14:51 AM','IMPACT-C491D6CC\Albert','16/4/2007 10:14:51 AM','IMPACT-C491D6CC\Albert')
SET IDENTITY_INSERT [PointOfSale] OFF 


SET IDENTITY_INSERT [UserGroup] ON 
PRINT 'Begin inserting data in UserGroup'
INSERT INTO [UserGroup] ([GroupID],[GroupName],[GroupDescription],[CreatedOn],[CreatedBy],[ModifiedOn],[ModifiedBy])
VALUES(1,'Cashier','handle cash registers','8/4/2007 10:02:49 PM','IMPACT-C491D6CC\Albert','8/4/2007 10:02:49 PM','IMPACT-C491D6CC\Albert')
INSERT INTO [UserGroup] ([GroupID],[GroupName],[GroupDescription],[CreatedOn],[CreatedBy],[ModifiedOn],[ModifiedBy])
VALUES(2,'Supervisor','PointOfSale supervisors','8/4/2007 10:03:00 PM','IMPACT-C491D6CC\Albert','8/4/2007 10:03:00 PM','IMPACT-C491D6CC\Albert')
INSERT INTO [UserGroup] ([GroupID],[GroupName],[GroupDescription],[CreatedOn],[CreatedBy],[ModifiedOn],[ModifiedBy])
VALUES(3,'Admin','Administrators','8/4/2007 10:03:09 PM','IMPACT-C491D6CC\Albert','8/4/2007 10:03:09 PM','IMPACT-C491D6CC\Albert')
INSERT INTO [UserGroup] ([GroupID],[GroupName],[GroupDescription],[CreatedOn],[CreatedBy],[ModifiedOn],[ModifiedBy])
VALUES(4,'test','test grp','3/5/2007 9:58:44 PM','IMPACT-C491D6CC\Albert','3/5/2007 9:58:44 PM','IMPACT-C491D6CC\Albert')
SET IDENTITY_INSERT [UserGroup] OFF 


PRINT 'Begin inserting data in UserMst'
INSERT INTO [UserMst] ([UserName],[Password],[Remark],[GroupName],[CreatedBy],[CreatedOn],[ModifiedBy],[ModifiedOn])
VALUES('admin','password','primary administrator 1',3,'IMPACT-C491D6CC\Albert','8/4/2007 10:03:46 PM','IMPACT-C491D6CC\Albert','23/4/2007 7:34:44 PM')
INSERT INTO [UserMst] ([UserName],[Password],[Remark],[GroupName],[CreatedBy],[CreatedOn],[ModifiedBy],[ModifiedOn])
VALUES('alberto','albertopassword','123',3,'IMPACT-C491D6CC\Albert','23/4/2007 6:18:34 PM','IMPACT-C491D6CC\Albert','23/4/2007 7:34:58 PM')
INSERT INTO [UserMst] ([UserName],[Password],[Remark],[GroupName],[CreatedBy],[CreatedOn],[ModifiedBy],[ModifiedOn])
VALUES('cashier1','password','first cashier',4,'IMPACT-C491D6CC\Albert','8/4/2007 10:04:09 PM','IMPACT-C491D6CC\Albert','3/5/2007 9:59:03 PM')
INSERT INTO [UserMst] ([UserName],[Password],[Remark],[GroupName],[CreatedBy],[CreatedOn],[ModifiedBy],[ModifiedOn])
VALUES('cashier2','password','',1,'IMPACT-C491D6CC\Albert','15/4/2007 9:36:11 PM','IMPACT-C491D6CC\Albert','15/4/2007 9:36:11 PM')
INSERT INTO [UserMst] ([UserName],[Password],[Remark],[GroupName],[CreatedBy],[CreatedOn],[ModifiedBy],[ModifiedOn])
VALUES('cashier3','pass123','this is another cashier 3',1,'IMPACT-C491D6CC\Albert','16/4/2007 6:24:45 AM','IMPACT-C491D6CC\Albert','23/4/2007 9:27:23 PM')
INSERT INTO [UserMst] ([UserName],[Password],[Remark],[GroupName],[CreatedBy],[CreatedOn],[ModifiedBy],[ModifiedOn])
VALUES('supervisor1','password','PointOfSale supervisor1',2,'IMPACT-C491D6CC\Albert','8/4/2007 10:04:25 PM','IMPACT-C491D6CC\Albert','8/4/2007 10:04:25 PM')
INSERT INTO [UserMst] ([UserName],[Password],[Remark],[GroupName],[CreatedBy],[CreatedOn],[ModifiedBy],[ModifiedOn])
VALUES('supervisor2','password','',2,'IMPACT-C491D6CC\Albert','15/4/2007 9:36:29 PM','IMPACT-C491D6CC\Albert','15/4/2007 9:36:29 PM')


SET IDENTITY_INSERT [UserPrivilege] ON 
PRINT 'Begin inserting data in UserPrivilege'
INSERT INTO [UserPrivilege] ([UserPrivilegeID],[PrivilegeName],[FormName],[CreatedBy],[CreatedOn],[ModifiedBy],[ModifiedOn])
VALUES(1,'CashBill','','IMPACT-C491D6CC\Albert','2/5/2007 4:44:41 PM','IMPACT-C491D6CC\Albert','3/5/2007 9:27:39 PM')
INSERT INTO [UserPrivilege] ([UserPrivilegeID],[PrivilegeName],[FormName],[CreatedBy],[CreatedOn],[ModifiedBy],[ModifiedOn])
VALUES(2,'EditBill','','IMPACT-C491D6CC\Albert','2/5/2007 4:45:24 PM','IMPACT-C491D6CC\Albert','3/5/2007 9:27:44 PM')
INSERT INTO [UserPrivilege] ([UserPrivilegeID],[PrivilegeName],[FormName],[CreatedBy],[CreatedOn],[ModifiedBy],[ModifiedOn])
VALUES(3,'InventoryTransaction','','IMPACT-C491D6CC\Albert','2/5/2007 4:45:46 PM','IMPACT-C491D6CC\Albert','3/5/2007 9:27:56 PM')
INSERT INTO [UserPrivilege] ([UserPrivilegeID],[PrivilegeName],[FormName],[CreatedBy],[CreatedOn],[ModifiedBy],[ModifiedOn])
VALUES(4,'EditInventory','','IMPACT-C491D6CC\Albert','2/5/2007 4:46:00 PM','IMPACT-C491D6CC\Albert','3/5/2007 9:28:01 PM')
INSERT INTO [UserPrivilege] ([UserPrivilegeID],[PrivilegeName],[FormName],[CreatedBy],[CreatedOn],[ModifiedBy],[ModifiedOn])
VALUES(5,'ProductSalesReport','ProductSalesReport.aspx','IMPACT-C491D6CC\Albert','2/5/2007 4:46:19 PM','IMPACT-C491D6CC\Albert','3/5/2007 9:29:02 PM')
INSERT INTO [UserPrivilege] ([UserPrivilegeID],[PrivilegeName],[FormName],[CreatedBy],[CreatedOn],[ModifiedBy],[ModifiedOn])
VALUES(6,'InventoryTransactionReport','InventoryTransactionReport.aspx','IMPACT-C491D6CC\Albert','2/5/2007 4:46:28 PM','IMPACT-C491D6CC\Albert','3/5/2007 9:28:56 PM')
INSERT INTO [UserPrivilege] ([UserPrivilegeID],[PrivilegeName],[FormName],[CreatedBy],[CreatedOn],[ModifiedBy],[ModifiedOn])
VALUES(7,'TransactionReport','TransactionReport.aspx','IMPACT-C491D6CC\Albert','2/5/2007 4:46:44 PM','IMPACT-C491D6CC\Albert','3/5/2007 9:29:18 PM')
INSERT INTO [UserPrivilege] ([UserPrivilegeID],[PrivilegeName],[FormName],[CreatedBy],[CreatedOn],[ModifiedBy],[ModifiedOn])
VALUES(8,'CashRecordingReport','CashRecordingReport.aspx','IMPACT-C491D6CC\Albert','2/5/2007 4:47:18 PM','IMPACT-C491D6CC\Albert','3/5/2007 9:29:50 PM')
INSERT INTO [UserPrivilege] ([UserPrivilegeID],[PrivilegeName],[FormName],[CreatedBy],[CreatedOn],[ModifiedBy],[ModifiedOn])
VALUES(9,'CashRecording','','IMPACT-C491D6CC\Albert','2/5/2007 4:50:04 PM','IMPACT-C491D6CC\Albert','3/5/2007 9:29:59 PM')
INSERT INTO [UserPrivilege] ([UserPrivilegeID],[PrivilegeName],[FormName],[CreatedBy],[CreatedOn],[ModifiedBy],[ModifiedOn])
VALUES(10,'CloseCounter','','IMPACT-C491D6CC\Albert','2/5/2007 4:50:12 PM','IMPACT-C491D6CC\Albert','3/5/2007 9:30:39 PM')
INSERT INTO [UserPrivilege] ([UserPrivilegeID],[PrivilegeName],[FormName],[CreatedBy],[CreatedOn],[ModifiedBy],[ModifiedOn])
VALUES(11,'ChangeUnitPrice','','IMPACT-C491D6CC\Albert','2/5/2007 4:54:14 PM','IMPACT-C491D6CC\Albert','3/5/2007 9:30:47 PM')
INSERT INTO [UserPrivilege] ([UserPrivilegeID],[PrivilegeName],[FormName],[CreatedBy],[CreatedOn],[ModifiedBy],[ModifiedOn])
VALUES(12,'VoidBill','','IMPACT-C491D6CC\Albert','2/5/2007 4:54:31 PM','IMPACT-C491D6CC\Albert','3/5/2007 9:30:53 PM')
INSERT INTO [UserPrivilege] ([UserPrivilegeID],[PrivilegeName],[FormName],[CreatedBy],[CreatedOn],[ModifiedBy],[ModifiedOn])
VALUES(13,'CategorySalesReport','CategorySalesReport.aspx','IMPACT-C491D6CC\Albert','3/5/2007 9:32:27 PM','IMPACT-C491D6CC\Albert','3/5/2007 9:32:27 PM')
INSERT INTO [UserPrivilege] ([UserPrivilegeID],[PrivilegeName],[FormName],[CreatedBy],[CreatedOn],[ModifiedBy],[ModifiedOn])
VALUES(14,'CounterCloseLogReport','CounterCloseLogReport.aspx','IMPACT-C491D6CC\Albert','3/5/2007 9:32:50 PM','IMPACT-C491D6CC\Albert','3/5/2007 9:32:50 PM')
INSERT INTO [UserPrivilege] ([UserPrivilegeID],[PrivilegeName],[FormName],[CreatedBy],[CreatedOn],[ModifiedBy],[ModifiedOn])
VALUES(15,'LoginReport','LoginReport.aspx','IMPACT-C491D6CC\Albert','3/5/2007 9:33:10 PM','IMPACT-C491D6CC\Albert','3/5/2007 9:33:10 PM')
INSERT INTO [UserPrivilege] ([UserPrivilegeID],[PrivilegeName],[FormName],[CreatedBy],[CreatedOn],[ModifiedBy],[ModifiedOn])
VALUES(16,'StockOnHandReport','StockOnHandReport.aspx','IMPACT-C491D6CC\Albert','3/5/2007 9:33:31 PM','IMPACT-C491D6CC\Albert','3/5/2007 9:33:31 PM')
INSERT INTO [UserPrivilege] ([UserPrivilegeID],[PrivilegeName],[FormName],[CreatedBy],[CreatedOn],[ModifiedBy],[ModifiedOn])
VALUES(17,'Camera Set Up','CameraScaffold.aspx','IMPACT-C491D6CC\Albert','3/5/2007 9:34:34 PM','IMPACT-C491D6CC\Albert','4/5/2007 1:49:04 PM')
INSERT INTO [UserPrivilege] ([UserPrivilegeID],[PrivilegeName],[FormName],[CreatedBy],[CreatedOn],[ModifiedBy],[ModifiedOn])
VALUES(18,'Group Setup','GroupScaffold.aspx','IMPACT-C491D6CC\Albert','3/5/2007 9:35:17 PM','IMPACT-C491D6CC\Albert','4/5/2007 1:50:51 PM')
INSERT INTO [UserPrivilege] ([UserPrivilegeID],[PrivilegeName],[FormName],[CreatedBy],[CreatedOn],[ModifiedBy],[ModifiedOn])
VALUES(19,'Outlet Setup','OutletScaffold.aspx','IMPACT-C491D6CC\Albert','3/5/2007 9:36:00 PM','IMPACT-C491D6CC\Albert','4/5/2007 1:50:58 PM')
INSERT INTO [UserPrivilege] ([UserPrivilegeID],[PrivilegeName],[FormName],[CreatedBy],[CreatedOn],[ModifiedBy],[ModifiedOn])
VALUES(20,'Privilege Setup','PrivilegeScaffold.aspx','IMPACT-C491D6CC\Albert','3/5/2007 9:36:22 PM','IMPACT-C491D6CC\Albert','4/5/2007 1:51:05 PM')
INSERT INTO [UserPrivilege] ([UserPrivilegeID],[PrivilegeName],[FormName],[CreatedBy],[CreatedOn],[ModifiedBy],[ModifiedOn])
VALUES(21,'Promotion Setup','PromotionScaffold.aspx','IMPACT-C491D6CC\Albert','3/5/2007 9:36:55 PM','IMPACT-C491D6CC\Albert','4/5/2007 1:51:15 PM')
INSERT INTO [UserPrivilege] ([UserPrivilegeID],[PrivilegeName],[FormName],[CreatedBy],[CreatedOn],[ModifiedBy],[ModifiedOn])
VALUES(22,'PointOfSale Setup','PointOfSaleScaffold.aspx','IMPACT-C491D6CC\Albert','3/5/2007 9:37:30 PM','IMPACT-C491D6CC\Albert','4/5/2007 1:51:24 PM')
INSERT INTO [UserPrivilege] ([UserPrivilegeID],[PrivilegeName],[FormName],[CreatedBy],[CreatedOn],[ModifiedBy],[ModifiedOn])
VALUES(23,'Assign Privilege','UserGroupPrivilege.aspx','IMPACT-C491D6CC\Albert','3/5/2007 9:39:17 PM','IMPACT-C491D6CC\Albert','4/5/2007 1:51:37 PM')
INSERT INTO [UserPrivilege] ([UserPrivilegeID],[PrivilegeName],[FormName],[CreatedBy],[CreatedOn],[ModifiedBy],[ModifiedOn])
VALUES(24,'User Setup','UserMstscaffold.aspx','IMPACT-C491D6CC\Albert','3/5/2007 9:39:39 PM','IMPACT-C491D6CC\Albert','4/5/2007 1:51:46 PM')
INSERT INTO [UserPrivilege] ([UserPrivilegeID],[PrivilegeName],[FormName],[CreatedBy],[CreatedOn],[ModifiedBy],[ModifiedOn])
VALUES(25,'ViewPastBill','','IMPACT-C491D6CC\Albert','4/5/2007 12:24:16 PM','IMPACT-C491D6CC\Albert','4/5/2007 12:24:16 PM')
INSERT INTO [UserPrivilege] ([UserPrivilegeID],[PrivilegeName],[FormName],[CreatedBy],[CreatedOn],[ModifiedBy],[ModifiedOn])
VALUES(26,'RePrintBill','','IMPACT-C491D6CC\Albert','4/5/2007 12:24:36 PM','IMPACT-C491D6CC\Albert','4/5/2007 12:24:36 PM')
INSERT INTO [UserPrivilege] ([UserPrivilegeID],[PrivilegeName],[FormName],[CreatedBy],[CreatedOn],[ModifiedBy],[ModifiedOn])
VALUES(27,'GiveDiscount','','IMPACT-C491D6CC\Albert','4/5/2007 12:26:25 PM','IMPACT-C491D6CC\Albert','4/5/2007 12:26:25 PM')
INSERT INTO [UserPrivilege] ([UserPrivilegeID],[PrivilegeName],[FormName],[CreatedBy],[CreatedOn],[ModifiedBy],[ModifiedOn])
VALUES(28,'ApplyTax','','IMPACT-C491D6CC\Albert','4/5/2007 12:26:40 PM','IMPACT-C491D6CC\Albert','4/5/2007 12:26:40 PM')
INSERT INTO [UserPrivilege] ([UserPrivilegeID],[PrivilegeName],[FormName],[CreatedBy],[CreatedOn],[ModifiedBy],[ModifiedOn])
VALUES(29,'ProductSetup','','IMPACT-C491D6CC\Albert','4/5/2007 1:35:52 PM','IMPACT-C491D6CC\Albert','4/5/2007 1:36:13 PM')
INSERT INTO [UserPrivilege] ([UserPrivilegeID],[PrivilegeName],[FormName],[CreatedBy],[CreatedOn],[ModifiedBy],[ModifiedOn])
VALUES(30,'CollectionReport','CollectionReport.aspx','IMPACT-C491D6CC\Albert','6/5/2007 10:17:40 PM','IMPACT-C491D6CC\Albert','6/5/2007 10:17:40 PM')
SET IDENTITY_INSERT [UserPrivilege] OFF 


